date,origin,destination,vessel_type,freight_rate,currency,unit,route_distance,bunker_price,tonnage
2021-01-01,Australia,Paradip,Capesize,30.75,USD,MT,5514.435867227768,585.68,145690.74
2021-01-01,Australia,Paradip,Panamax,38.74,USD,MT,7686.070305910905,539.11,126237.18
2021-01-01,Indonesia,Paradip,Supramax,49.78,USD,MT,3441.332860542158,704.23,52728.85
2021-01-01,Mozambique,Paradip,Supramax,51.98,USD,MT,6439.865596222301,437.19,98868.3
2021-01-01,US,Paradip,Supramax,51.35,USD,MT,3894.538570614456,464.51,72322.07
2021-01-02,Indonesia,Paradip,Capesize,29.95,USD,MT,9115.346697204262,720.92,66420.17
2021-01-02,Indonesia,Paradip,Panamax,40.81,USD,MT,4722.074173136545,655.86,76371.84
2021-01-02,Indonesia,Paradip,Supramax,47.16,USD,MT,9090.456482204065,572.54,105286.04
2021-01-02,Mozambique,Paradip,Panamax,36.83,USD,MT,8847.067003390537,735.74,105592.27
2021-01-02,Mozambique,Paradip,Panamax,43.69,USD,MT,6726.153343019945,574.17,76808.55
2021-01-03,Australia,Paradip,Panamax,37.42,USD,MT,6029.379472103603,741.69,133913.65
2021-01-03,Mozambique,Paradip,Supramax,48.61,USD,MT,7280.842762267656,410.32,78281.02
2021-01-03,Russia,Paradip,Capesize,32.59,USD,MT,4985.177475135231,455.41,70702.39
2021-01-03,Russia,Paradip,Supramax,51.0,USD,MT,3608.014148334181,651.69,127631.61
2021-01-03,US,Paradip,Panamax,40.49,USD,MT,6464.679795002992,702.74,65866.24
2021-01-04,Australia,Paradip,Supramax,51.4,USD,MT,7701.979927389885,517.35,98923.08
2021-01-04,Indonesia,Paradip,Capesize,27.85,USD,MT,3794.71507626321,539.06,118469.88
2021-01-04,Indonesia,Paradip,Supramax,55.1,USD,MT,7594.013947996236,585.82,58033.32
2021-01-04,US,Paradip,Capesize,37.83,USD,MT,5370.024627274544,556.5,148486.67
2021-01-04,US,Paradip,Panamax,43.78,USD,MT,8930.621657939599,763.83,50826.87
2021-01-05,Australia,Paradip,Panamax,39.71,USD,MT,3714.1822516079474,566.18,119277.68
2021-01-05,Australia,Paradip,Supramax,51.85,USD,MT,9767.543850400849,478.81,83187.23
2021-01-05,Mozambique,Paradip,Supramax,52.54,USD,MT,3321.137204133097,742.81,82526.06
2021-01-05,Mozambique,Paradip,Supramax,54.19,USD,MT,6281.674370416166,442.91,149026.93
2021-01-05,US,Paradip,Supramax,53.68,USD,MT,8730.496696503837,757.07,74385.44
2021-01-06,Australia,Paradip,Supramax,49.66,USD,MT,7715.658889611958,721.16,118154.71
2021-01-06,Australia,Paradip,Supramax,51.4,USD,MT,5935.839002844948,491.17,109948.27
2021-01-06,Indonesia,Paradip,Supramax,45.64,USD,MT,6644.791826659745,684.01,64097.18
2021-01-06,Mozambique,Paradip,Panamax,41.21,USD,MT,7771.64416326541,648.09,65344.97
2021-01-06,Russia,Paradip,Panamax,47.08,USD,MT,5753.8098386446345,445.81,142510.24
2021-01-07,Australia,Paradip,Capesize,30.82,USD,MT,9545.399314601022,487.46,56065.97
2021-01-07,Indonesia,Paradip,Supramax,51.81,USD,MT,4417.602786138351,549.93,97493.02
2021-01-07,Russia,Paradip,Panamax,35.86,USD,MT,8934.209965703625,435.88,131470.9
2021-01-07,US,Paradip,Panamax,41.17,USD,MT,7895.923767686772,678.79,118334.23
2021-01-07,US,Paradip,Supramax,46.66,USD,MT,4627.9934235250175,650.69,58814.35
2021-01-08,Indonesia,Paradip,Capesize,29.43,USD,MT,8170.713266296394,735.02,80698.48
2021-01-08,Indonesia,Paradip,Supramax,59.08,USD,MT,5419.937062291889,564.84,105903.23
2021-01-08,Mozambique,Paradip,Capesize,27.68,USD,MT,6565.250178619821,444.24,138093.26
2021-01-08,Mozambique,Paradip,Panamax,40.85,USD,MT,3298.9595977283216,563.23,146840.38
2021-01-08,US,Paradip,Capesize,26.73,USD,MT,9896.768066801593,704.54,91545.78
2021-01-09,Australia,Paradip,Panamax,39.23,USD,MT,4423.0991351894645,701.4,80783.53
2021-01-09,Australia,Paradip,Supramax,48.91,USD,MT,4798.306108764675,470.17,114512.5
2021-01-09,Mozambique,Paradip,Panamax,42.96,USD,MT,3179.5703594210404,527.86,134485.5
2021-01-09,Russia,Paradip,Panamax,43.55,USD,MT,9321.834743207257,526.1,90941.24
2021-01-09,US,Paradip,Supramax,50.1,USD,MT,6753.904839407896,524.12,91791.24
2021-01-10,Mozambique,Paradip,Panamax,41.79,USD,MT,4262.143218488781,784.18,133633.22
2021-01-10,Mozambique,Paradip,Supramax,49.81,USD,MT,4309.349362860139,742.53,78207.55
2021-01-10,Russia,Paradip,Capesize,27.61,USD,MT,7922.299574380391,524.91,143576.18
2021-01-10,US,Paradip,Panamax,47.28,USD,MT,6873.868832374908,685.75,106706.56
2021-01-10,US,Paradip,Supramax,49.42,USD,MT,3764.300593328776,450.84,56518.54
2021-01-11,Mozambique,Paradip,Panamax,39.02,USD,MT,4813.777522608397,506.72,105198.45
2021-01-11,Mozambique,Paradip,Panamax,46.05,USD,MT,7994.95902337419,594.45,136663.87
2021-01-11,Mozambique,Paradip,Supramax,52.85,USD,MT,8026.64538998065,790.62,104756.11
2021-01-11,US,Paradip,Capesize,33.53,USD,MT,9705.481657932807,676.64,73860.0
2021-01-11,US,Paradip,Supramax,44.88,USD,MT,6645.009605715228,669.7,111270.66
2021-01-12,Australia,Paradip,Capesize,31.4,USD,MT,5338.103100959342,540.79,84860.35
2021-01-12,Australia,Paradip,Panamax,45.42,USD,MT,5672.377618932033,671.94,133868.87
2021-01-12,Australia,Paradip,Panamax,40.02,USD,MT,4684.144924339189,445.34,71246.85
2021-01-12,Mozambique,Paradip,Supramax,51.01,USD,MT,7425.320496292701,687.31,137709.28
2021-01-12,US,Paradip,Panamax,43.17,USD,MT,7369.194260873954,485.36,120782.49
2021-01-13,Australia,Paradip,Capesize,33.93,USD,MT,7098.240358371717,526.55,89613.03
2021-01-13,Australia,Paradip,Panamax,41.15,USD,MT,5916.5710771946415,696.89,63464.72
2021-01-13,Australia,Paradip,Supramax,53.87,USD,MT,3170.887156374394,424.41,97260.31
2021-01-13,Australia,Paradip,Supramax,50.19,USD,MT,6423.53985561392,536.59,95199.65
2021-01-13,Mozambique,Paradip,Panamax,41.37,USD,MT,9642.828558945674,516.38,116805.98
2021-01-14,Australia,Paradip,Supramax,54.59,USD,MT,5340.221720412664,637.79,124027.86
2021-01-14,Australia,Paradip,Supramax,53.45,USD,MT,3854.1824334763287,620.49,132424.94
2021-01-14,Russia,Paradip,Panamax,43.29,USD,MT,5229.957687513201,798.6,50309.02
2021-01-14,Russia,Paradip,Panamax,47.32,USD,MT,6047.019933910874,424.42,100000.19
2021-01-14,US,Paradip,Panamax,42.33,USD,MT,4498.140813419403,665.93,105075.04
2021-01-15,Australia,Paradip,Capesize,31.78,USD,MT,4195.900970687778,520.49,69350.46
2021-01-15,Australia,Paradip,Panamax,40.44,USD,MT,4375.643202865038,683.22,71746.12
2021-01-15,Mozambique,Paradip,Capesize,32.95,USD,MT,5492.360027615075,547.74,110161.98
2021-01-15,Mozambique,Paradip,Capesize,30.45,USD,MT,6450.070805615162,446.04,133839.47
2021-01-15,Russia,Paradip,Supramax,55.22,USD,MT,7106.14541774312,625.35,136736.03
2021-01-16,Indonesia,Paradip,Panamax,40.55,USD,MT,7174.159714299065,531.64,72300.86
2021-01-16,Indonesia,Paradip,Panamax,47.45,USD,MT,6915.906020500212,595.96,119338.14
2021-01-16,Indonesia,Paradip,Supramax,49.15,USD,MT,6923.2655368025735,525.73,61941.61
2021-01-16,Russia,Paradip,Capesize,31.5,USD,MT,8840.312281053828,748.92,132443.71
2021-01-16,Russia,Paradip,Supramax,52.19,USD,MT,4520.072543597447,550.14,112584.03
2021-01-17,Australia,Paradip,Capesize,26.44,USD,MT,4983.197597855419,766.44,57382.38
2021-01-17,Indonesia,Paradip,Supramax,50.44,USD,MT,6865.819002516371,515.01,110971.28
2021-01-17,Mozambique,Paradip,Capesize,32.56,USD,MT,3848.466706682068,779.13,78174.37
2021-01-17,Mozambique,Paradip,Capesize,32.84,USD,MT,5916.488215222304,717.88,94122.87
2021-01-17,Russia,Paradip,Panamax,44.24,USD,MT,7350.433975060917,700.55,115546.99
2021-01-18,Mozambique,Paradip,Panamax,42.58,USD,MT,3099.90487314857,759.13,80849.39
2021-01-18,Mozambique,Paradip,Supramax,51.52,USD,MT,7455.942941782752,718.34,61664.53
2021-01-18,Russia,Paradip,Panamax,37.51,USD,MT,6133.1442219772525,479.6,86678.97
2021-01-18,Russia,Paradip,Supramax,50.45,USD,MT,3556.507994747184,468.64,72183.91
2021-01-18,US,Paradip,Panamax,42.09,USD,MT,4477.3255519368,766.1,107642.16
2021-01-19,Australia,Paradip,Capesize,33.97,USD,MT,8989.599163501614,798.98,136681.61
2021-01-19,Indonesia,Paradip,Capesize,31.24,USD,MT,6105.102139071663,774.6,125788.91
2021-01-19,Indonesia,Paradip,Capesize,29.11,USD,MT,9374.060371205836,675.76,54259.15
2021-01-19,Mozambique,Paradip,Panamax,48.15,USD,MT,8353.205584728072,402.52,56273.17
2021-01-19,US,Paradip,Supramax,51.84,USD,MT,8481.582187470314,681.86,98329.46
2021-01-20,Australia,Paradip,Capesize,30.37,USD,MT,4851.501051644731,445.37,86319.5
2021-01-20,Indonesia,Paradip,Supramax,56.99,USD,MT,8765.087003368946,579.74,139124.34
2021-01-20,Indonesia,Paradip,Supramax,51.62,USD,MT,7542.527267325007,413.08,94166.71
2021-01-20,Mozambique,Paradip,Capesize,31.78,USD,MT,3635.641926173911,450.43,64690.5
2021-01-20,Mozambique,Paradip,Supramax,53.72,USD,MT,6368.21669485944,549.53,106351.75
2021-01-21,Australia,Paradip,Panamax,42.03,USD,MT,3612.488419853673,670.08,104685.38
2021-01-21,Australia,Paradip,Supramax,55.73,USD,MT,6515.176301813244,672.16,101905.79
2021-01-21,Mozambique,Paradip,Capesize,36.47,USD,MT,9294.9365643486,623.93,121357.5
2021-01-21,Mozambique,Paradip,Panamax,46.1,USD,MT,8475.84412678656,724.2,78091.74
2021-01-21,Mozambique,Paradip,Panamax,49.52,USD,MT,8074.873263656078,695.39,115648.0
2021-01-22,Indonesia,Paradip,Capesize,34.99,USD,MT,5355.750069654841,637.47,57666.93
2021-01-22,Indonesia,Paradip,Supramax,56.33,USD,MT,8205.548447474408,454.01,129319.54
2021-01-22,Mozambique,Paradip,Supramax,50.14,USD,MT,5486.294541190786,607.38,107833.14
2021-01-22,Russia,Paradip,Panamax,41.19,USD,MT,6977.056069985101,728.46,94804.93
2021-01-22,US,Paradip,Panamax,40.96,USD,MT,8532.170470192927,471.32,93045.5
2021-01-23,Australia,Paradip,Capesize,28.48,USD,MT,7842.873236904666,713.43,119353.75
2021-01-23,Indonesia,Paradip,Capesize,30.1,USD,MT,8720.67241576664,446.27,132309.57
2021-01-23,Indonesia,Paradip,Panamax,43.82,USD,MT,6565.806584536478,581.09,81180.16
2021-01-23,Indonesia,Paradip,Panamax,45.34,USD,MT,9705.714445768115,585.04,87953.33
2021-01-23,Russia,Paradip,Capesize,38.87,USD,MT,3431.4963947253304,676.93,124129.55
2021-01-24,Australia,Paradip,Supramax,50.25,USD,MT,5978.751200017276,434.0,128232.38
2021-01-24,Mozambique,Paradip,Panamax,43.52,USD,MT,7452.684176267063,562.28,106717.01
2021-01-24,Mozambique,Paradip,Panamax,42.24,USD,MT,3435.660844307972,749.9,73964.52
2021-01-24,US,Paradip,Panamax,43.89,USD,MT,9341.034770287017,448.85,124547.82
2021-01-24,US,Paradip,Supramax,56.5,USD,MT,6127.229286188853,424.74,91788.34
2021-01-25,Australia,Paradip,Capesize,33.42,USD,MT,7804.323811928885,636.19,109092.68
2021-01-25,Australia,Paradip,Panamax,44.24,USD,MT,6694.200147232871,496.64,148614.39
2021-01-25,Russia,Paradip,Capesize,35.53,USD,MT,5058.932182228213,688.09,68434.12
2021-01-25,Russia,Paradip,Panamax,44.49,USD,MT,6741.225174798334,614.37,129491.11
2021-01-25,US,Paradip,Supramax,52.09,USD,MT,4527.2696261039,745.02,79755.42
2021-01-26,Australia,Paradip,Supramax,56.4,USD,MT,4310.773956413235,423.83,86727.9
2021-01-26,Indonesia,Paradip,Supramax,59.56,USD,MT,6377.688306112666,475.49,86298.89
2021-01-26,Mozambique,Paradip,Supramax,54.99,USD,MT,4844.799679273227,459.77,53501.25
2021-01-26,Russia,Paradip,Capesize,34.17,USD,MT,8591.138559336736,542.43,97655.95
2021-01-26,US,Paradip,Supramax,51.07,USD,MT,9549.499002388637,598.17,80911.69
2021-01-27,Australia,Paradip,Panamax,42.1,USD,MT,7165.696099718766,508.14,81672.33
2021-01-27,Australia,Paradip,Supramax,57.79,USD,MT,8290.50040661342,551.63,122494.25
2021-01-27,Mozambique,Paradip,Supramax,57.94,USD,MT,6748.613478473025,577.79,82107.52
2021-01-27,Russia,Paradip,Panamax,41.47,USD,MT,9364.265774976078,668.32,142375.86
2021-01-27,Russia,Paradip,Panamax,46.38,USD,MT,7431.991045546268,684.33,138532.74
2021-01-28,Mozambique,Paradip,Panamax,43.52,USD,MT,4508.471581044356,460.49,50643.77
2021-01-28,US,Paradip,Capesize,31.41,USD,MT,6945.488924468205,470.13,64803.42
2021-01-28,US,Paradip,Supramax,61.2,USD,MT,4080.548284322349,631.82,119703.9
2021-01-28,US,Paradip,Supramax,59.35,USD,MT,9726.47967974141,606.75,108468.55
2021-01-28,US,Paradip,Supramax,57.44,USD,MT,9911.443980643937,537.77,120509.8
2021-01-29,Australia,Paradip,Panamax,42.6,USD,MT,3797.0503877890937,459.44,61899.77
2021-01-29,Mozambique,Paradip,Capesize,31.26,USD,MT,5335.252842099007,583.51,99746.24
2021-01-29,Mozambique,Paradip,Supramax,57.99,USD,MT,6471.780661459643,740.52,126029.23
2021-01-29,Russia,Paradip,Panamax,43.3,USD,MT,8085.044501344647,579.43,136424.21
2021-01-29,US,Paradip,Capesize,31.05,USD,MT,4333.772792852666,701.64,63052.66
2021-01-30,Australia,Paradip,Supramax,53.05,USD,MT,9654.31741904761,608.04,148176.73
2021-01-30,Indonesia,Paradip,Capesize,29.3,USD,MT,8969.934690534572,703.9,117429.82
2021-01-30,Indonesia,Paradip,Capesize,40.73,USD,MT,4532.036142636989,714.15,51079.89
2021-01-30,Russia,Paradip,Capesize,39.46,USD,MT,3444.3127497827027,473.08,114816.32
2021-01-30,Russia,Paradip,Panamax,45.88,USD,MT,5490.387845503078,747.39,75605.64
2021-01-31,Australia,Paradip,Panamax,43.15,USD,MT,7880.391791471928,470.96,146726.03
2021-01-31,Indonesia,Paradip,Capesize,33.94,USD,MT,4000.468304502061,554.67,51327.03
2021-01-31,Mozambique,Paradip,Capesize,33.91,USD,MT,5041.586126150593,791.33,129637.13
2021-01-31,Russia,Paradip,Capesize,31.44,USD,MT,4933.326906827348,792.27,51241.23
2021-01-31,Russia,Paradip,Supramax,57.03,USD,MT,7034.183492139253,534.74,51277.87
2021-02-01,Australia,Paradip,Capesize,32.81,USD,MT,9307.729203516446,510.34,99240.04
2021-02-01,Australia,Paradip,Supramax,57.76,USD,MT,4885.755573378231,638.99,91310.61
2021-02-01,Mozambique,Paradip,Supramax,52.84,USD,MT,5362.05961823347,515.73,59767.31
2021-02-01,Russia,Paradip,Capesize,34.53,USD,MT,3559.42783835426,427.4,117057.12
2021-02-01,Russia,Paradip,Supramax,51.52,USD,MT,5212.979984064616,492.1,95014.95
2021-02-02,Indonesia,Paradip,Capesize,34.1,USD,MT,8010.905494619257,682.91,125650.52
2021-02-02,Mozambique,Paradip,Panamax,47.97,USD,MT,9291.796168522837,693.43,97830.91
2021-02-02,Russia,Paradip,Supramax,53.21,USD,MT,7331.979917707744,641.12,62441.88
2021-02-02,Russia,Paradip,Supramax,60.02,USD,MT,4013.216116202978,403.72,79971.55
2021-02-02,Russia,Paradip,Supramax,54.91,USD,MT,4359.905532055192,793.88,70176.51
2021-02-03,Australia,Paradip,Panamax,42.53,USD,MT,7296.261863157987,514.51,57907.52
2021-02-03,Australia,Paradip,Supramax,56.4,USD,MT,8152.595568971329,577.22,113795.33
2021-02-03,Mozambique,Paradip,Capesize,33.26,USD,MT,8602.029614390112,476.51,60678.15
2021-02-03,Mozambique,Paradip,Supramax,54.38,USD,MT,4563.601006657816,429.19,114575.14
2021-02-03,US,Paradip,Supramax,48.82,USD,MT,3358.811511556557,740.44,103373.97
2021-02-04,Australia,Paradip,Capesize,42.27,USD,MT,5073.342149615546,622.3,133428.71
2021-02-04,Indonesia,Paradip,Panamax,44.34,USD,MT,5580.007782362705,459.53,94699.02
2021-02-04,Indonesia,Paradip,Supramax,55.61,USD,MT,8994.611299970316,669.42,63133.95
2021-02-04,Indonesia,Paradip,Supramax,48.63,USD,MT,7739.418899142635,402.07,105797.0
2021-02-04,US,Paradip,Panamax,42.16,USD,MT,9363.05841436733,679.05,51468.82
2021-02-05,Australia,Paradip,Panamax,41.21,USD,MT,6304.217853592501,597.37,139633.39
2021-02-05,Australia,Paradip,Panamax,45.57,USD,MT,8062.41395798041,419.04,119658.2
2021-02-05,Mozambique,Paradip,Capesize,32.26,USD,MT,7918.847737859878,436.15,118316.12
2021-02-05,Russia,Paradip,Panamax,51.37,USD,MT,8086.477624078904,721.8,69963.93
2021-02-05,US,Paradip,Supramax,57.65,USD,MT,6427.410871515834,448.47,111921.57
2021-02-06,Indonesia,Paradip,Panamax,48.83,USD,MT,4866.998326708444,592.72,113148.01
2021-02-06,Mozambique,Paradip,Capesize,35.82,USD,MT,6303.181110787757,788.01,120752.13
2021-02-06,Russia,Paradip,Supramax,55.11,USD,MT,4662.472732227254,685.76,145023.41
2021-02-06,Russia,Paradip,Supramax,57.48,USD,MT,5163.262651499781,426.32,147992.26
2021-02-06,US,Paradip,Supramax,59.51,USD,MT,7743.69600835156,505.98,124692.88
2021-02-07,Russia,Paradip,Capesize,32.7,USD,MT,4024.005650852832,642.58,76139.4
2021-02-07,Russia,Paradip,Supramax,56.27,USD,MT,9911.636419711922,527.93,56420.37
2021-02-07,US,Paradip,Capesize,29.6,USD,MT,8551.554226051565,698.21,56037.48
2021-02-07,US,Paradip,Supramax,55.65,USD,MT,6264.77761618301,551.6,89822.6
2021-02-07,US,Paradip,Supramax,54.96,USD,MT,4695.527851606916,625.48,141638.02
2021-02-08,Indonesia,Paradip,Capesize,38.57,USD,MT,5742.998766220278,675.5,92366.9
2021-02-08,Indonesia,Paradip,Capesize,29.03,USD,MT,7905.755055868444,562.98,138307.96
2021-02-08,Mozambique,Paradip,Capesize,40.73,USD,MT,6292.680422497091,770.58,144322.19
2021-02-08,Mozambique,Paradip,Panamax,45.35,USD,MT,9255.410730487429,467.61,81622.58
2021-02-08,US,Paradip,Supramax,54.86,USD,MT,6030.928106489787,799.52,133385.97
2021-02-09,Australia,Paradip,Panamax,44.31,USD,MT,8481.235384698182,424.32,110649.38
2021-02-09,Australia,Paradip,Panamax,47.26,USD,MT,6924.865122750618,639.93,125109.45
2021-02-09,Indonesia,Paradip,Panamax,46.98,USD,MT,9730.276293989504,461.4,62074.79
2021-02-09,Indonesia,Paradip,Supramax,51.14,USD,MT,9288.293553967776,458.15,60126.34
2021-02-09,US,Paradip,Panamax,46.44,USD,MT,6584.764720100837,470.23,138918.09
2021-02-10,Australia,Paradip,Capesize,35.92,USD,MT,5692.971154349934,612.68,91392.32
2021-02-10,Australia,Paradip,Panamax,40.86,USD,MT,6633.008184141769,743.28,118528.27
2021-02-10,Mozambique,Paradip,Capesize,38.89,USD,MT,7833.137146062126,455.46,131926.5
2021-02-10,Russia,Paradip,Supramax,57.9,USD,MT,3145.279024847793,542.11,109784.19
2021-02-10,US,Paradip,Panamax,48.15,USD,MT,9879.149044323203,494.21,60446.19
2021-02-11,Australia,Paradip,Panamax,46.17,USD,MT,7779.905415935686,728.78,112510.91
2021-02-11,Indonesia,Paradip,Panamax,50.65,USD,MT,7967.469021771844,601.14,98275.7
2021-02-11,Russia,Paradip,Panamax,46.67,USD,MT,7132.003776830781,736.15,143314.98
2021-02-11,Russia,Paradip,Panamax,43.32,USD,MT,5675.725987221127,704.51,54533.39
2021-02-11,US,Paradip,Capesize,37.82,USD,MT,8961.058972564131,444.04,87914.96
2021-02-12,Mozambique,Paradip,Panamax,43.11,USD,MT,7240.105720372188,705.17,79363.59
2021-02-12,Mozambique,Paradip,Supramax,56.04,USD,MT,4083.72792842264,639.53,73884.94
2021-02-12,Mozambique,Paradip,Supramax,59.6,USD,MT,5354.633653674278,521.54,57763.76
2021-02-12,Russia,Paradip,Capesize,40.1,USD,MT,4995.808320409434,681.91,110619.9
2021-02-12,Russia,Paradip,Panamax,46.03,USD,MT,8522.435637859953,525.27,98257.47
2021-02-13,Australia,Paradip,Capesize,33.51,USD,MT,3493.034907991185,421.47,142466.14
2021-02-13,Australia,Paradip,Panamax,50.5,USD,MT,4517.057291862327,651.25,76302.59
2021-02-13,Australia,Paradip,Supramax,53.09,USD,MT,6155.094611544918,755.69,89936.45
2021-02-13,US,Paradip,Capesize,37.48,USD,MT,9488.19031664845,547.41,98884.26
2021-02-13,US,Paradip,Panamax,47.21,USD,MT,3628.0360716066734,614.0,87908.55
2021-02-14,Indonesia,Paradip,Capesize,35.25,USD,MT,7432.297180012983,777.6,76364.1
2021-02-14,Russia,Paradip,Capesize,40.05,USD,MT,5522.91260759083,715.21,101419.75
2021-02-14,Russia,Paradip,Capesize,40.43,USD,MT,6103.866963814311,677.54,54557.51
2021-02-14,Russia,Paradip,Panamax,45.81,USD,MT,7413.661537265769,733.38,106027.18
2021-02-14,US,Paradip,Panamax,50.02,USD,MT,8470.469158446196,516.6,64051.22
2021-02-15,Australia,Paradip,Panamax,49.08,USD,MT,8402.39988968616,779.51,113619.61
2021-02-15,Australia,Paradip,Supramax,58.26,USD,MT,3549.303948312866,699.49,111728.21
2021-02-15,Indonesia,Paradip,Capesize,35.89,USD,MT,7683.322751875887,616.71,80009.78
2021-02-15,Mozambique,Paradip,Panamax,44.34,USD,MT,4551.938282664041,642.18,140288.25
2021-02-15,US,Paradip,Panamax,46.52,USD,MT,5990.064349627231,422.06,84797.84
2021-02-16,Australia,Paradip,Capesize,40.78,USD,MT,9252.093210259758,767.26,111701.96
2021-02-16,Australia,Paradip,Panamax,45.51,USD,MT,9117.34364476063,620.61,110043.72
2021-02-16,Indonesia,Paradip,Panamax,46.83,USD,MT,6326.165748142132,688.96,53149.95
2021-02-16,US,Paradip,Panamax,50.23,USD,MT,5574.183188824117,475.71,136762.49
2021-02-16,US,Paradip,Panamax,49.34,USD,MT,9707.147280274212,561.39,80430.45
2021-02-17,Australia,Paradip,Panamax,49.66,USD,MT,6152.6016772794055,660.78,95007.81
2021-02-17,Indonesia,Paradip,Capesize,33.93,USD,MT,7939.170392107433,416.21,78666.51
2021-02-17,Mozambique,Paradip,Panamax,47.0,USD,MT,9946.902180415953,430.03,128484.21
2021-02-17,Russia,Paradip,Panamax,44.03,USD,MT,7247.559667673028,680.35,60540.25
2021-02-17,Russia,Paradip,Supramax,58.63,USD,MT,8756.0116873216,633.3,104363.21
2021-02-18,Indonesia,Paradip,Capesize,39.2,USD,MT,5142.444160528605,574.22,144894.91
2021-02-18,Indonesia,Paradip,Supramax,57.32,USD,MT,8335.08980272001,579.6,115329.96
2021-02-18,Mozambique,Paradip,Panamax,51.29,USD,MT,4094.285741310617,743.05,68634.4
2021-02-18,Mozambique,Paradip,Supramax,55.78,USD,MT,9114.76168554261,697.07,84646.71
2021-02-18,Russia,Paradip,Panamax,50.48,USD,MT,9663.545375028416,419.02,83661.61
2021-02-19,Indonesia,Paradip,Capesize,34.72,USD,MT,8875.081434362244,587.35,140386.26
2021-02-19,Indonesia,Paradip,Capesize,41.99,USD,MT,8150.665713410582,651.11,112944.15
2021-02-19,Indonesia,Paradip,Supramax,58.9,USD,MT,6249.79549653064,587.51,127935.76
2021-02-19,Mozambique,Paradip,Supramax,53.77,USD,MT,8789.415860886194,717.28,71208.83
2021-02-19,Russia,Paradip,Panamax,46.5,USD,MT,4962.194659627146,487.62,95420.42
2021-02-20,Australia,Paradip,Capesize,39.85,USD,MT,5624.476604462604,486.68,109467.81
2021-02-20,Indonesia,Paradip,Supramax,57.7,USD,MT,7484.662663752127,748.37,52521.12
2021-02-20,US,Paradip,Capesize,37.18,USD,MT,7207.024712478365,574.16,91966.95
2021-02-20,US,Paradip,Capesize,37.08,USD,MT,8336.996938654589,633.61,141304.88
2021-02-20,US,Paradip,Capesize,35.39,USD,MT,6239.8119582805375,514.98,94452.98
2021-02-21,Australia,Paradip,Capesize,38.5,USD,MT,8124.023727437865,751.2,115883.93
2021-02-21,Indonesia,Paradip,Capesize,36.02,USD,MT,6517.662048286817,539.31,70868.13
2021-02-21,Mozambique,Paradip,Capesize,40.29,USD,MT,8362.555418580921,431.15,144966.55
2021-02-21,Mozambique,Paradip,Supramax,61.34,USD,MT,5960.613240311322,699.9,68446.76
2021-02-21,US,Paradip,Capesize,31.13,USD,MT,7127.190278319224,600.05,51822.51
2021-02-22,Indonesia,Paradip,Supramax,59.76,USD,MT,4888.920408231789,698.26,63181.11
2021-02-22,Mozambique,Paradip,Panamax,42.4,USD,MT,9149.660469639784,781.96,56533.08
2021-02-22,Russia,Paradip,Panamax,48.24,USD,MT,4842.615580366188,710.67,118879.48
2021-02-22,Russia,Paradip,Supramax,52.49,USD,MT,4411.6584009548105,484.21,80961.25
2021-02-22,US,Paradip,Supramax,59.66,USD,MT,5811.676014507181,745.76,54058.05
2021-02-23,Australia,Paradip,Capesize,31.02,USD,MT,6342.168551921512,660.82,83672.08
2021-02-23,Indonesia,Paradip,Panamax,46.0,USD,MT,9055.938618973338,586.06,53124.1
2021-02-23,Mozambique,Paradip,Supramax,54.28,USD,MT,3517.7482935956937,723.74,83741.41
2021-02-23,US,Paradip,Capesize,37.61,USD,MT,8440.394946836132,589.71,96683.67
2021-02-23,US,Paradip,Panamax,41.03,USD,MT,7795.770576813024,668.4,119797.14
2021-02-24,Indonesia,Paradip,Panamax,51.56,USD,MT,4430.486921441947,702.67,52797.17
2021-02-24,Indonesia,Paradip,Supramax,57.04,USD,MT,5979.095953872511,470.2,99176.8
2021-02-24,Mozambique,Paradip,Supramax,54.2,USD,MT,7155.759697816234,417.93,102176.03
2021-02-24,Russia,Paradip,Supramax,61.46,USD,MT,4667.542826601841,768.0,53554.88
2021-02-24,US,Paradip,Capesize,34.04,USD,MT,3218.9252895986906,652.17,146157.91
2021-02-25,Australia,Paradip,Capesize,37.96,USD,MT,9872.462034469116,728.53,132929.45
2021-02-25,Indonesia,Paradip,Panamax,49.24,USD,MT,6980.941494033717,510.0,104139.81
2021-02-25,Russia,Paradip,Panamax,46.31,USD,MT,6638.168941522597,556.68,145121.72
2021-02-25,US,Paradip,Supramax,56.09,USD,MT,9845.09662281689,672.69,118702.46
2021-02-25,US,Paradip,Supramax,57.69,USD,MT,9952.001955475149,771.16,142159.49
2021-02-26,Indonesia,Paradip,Supramax,61.92,USD,MT,5912.016456995208,674.78,55485.85
2021-02-26,Mozambique,Paradip,Capesize,39.79,USD,MT,3412.842900585761,677.05,71830.93
2021-02-26,Mozambique,Paradip,Capesize,37.54,USD,MT,4546.443039952295,683.91,104370.57
2021-02-26,Mozambique,Paradip,Panamax,46.42,USD,MT,8437.602746716326,447.54,58559.6
2021-02-26,Russia,Paradip,Capesize,35.88,USD,MT,8482.131014918115,728.7,102156.99
2021-02-27,Indonesia,Paradip,Supramax,59.96,USD,MT,5948.950295045121,419.63,91318.08
2021-02-27,Mozambique,Paradip,Capesize,36.13,USD,MT,5796.610658941494,747.81,101381.89
2021-02-27,Mozambique,Paradip,Capesize,36.11,USD,MT,5804.278823701303,741.36,147786.61
2021-02-27,Mozambique,Paradip,Panamax,49.43,USD,MT,9847.468696084608,559.6,86716.26
2021-02-27,Russia,Paradip,Capesize,39.37,USD,MT,7297.588871519062,736.57,73089.16
2021-02-28,Indonesia,Paradip,Panamax,53.74,USD,MT,9558.241394602785,725.53,137372.53
2021-02-28,Indonesia,Paradip,Panamax,50.22,USD,MT,6337.25903073302,402.95,79882.54
2021-02-28,Mozambique,Paradip,Supramax,63.7,USD,MT,5825.605071347023,667.72,76774.54
2021-02-28,Russia,Paradip,Panamax,47.36,USD,MT,9728.560272978542,613.75,70389.35
2021-02-28,US,Paradip,Capesize,36.66,USD,MT,4173.287886167023,682.06,92385.81
2021-03-01,Indonesia,Paradip,Supramax,61.34,USD,MT,5696.155593520862,644.15,76753.18
2021-03-01,Russia,Paradip,Panamax,51.15,USD,MT,6147.556072123474,623.83,68374.11
2021-03-01,US,Paradip,Capesize,32.25,USD,MT,6860.280812917936,688.22,129495.34
2021-03-01,US,Paradip,Panamax,45.41,USD,MT,3345.2066602725727,711.85,63933.54
2021-03-01,US,Paradip,Supramax,58.2,USD,MT,4208.385993427613,578.61,55537.55
2021-03-02,Indonesia,Paradip,Supramax,57.43,USD,MT,9675.4416950229,673.78,61643.49
2021-03-02,Indonesia,Paradip,Supramax,59.99,USD,MT,9467.556744813774,439.04,137058.44
2021-03-02,Mozambique,Paradip,Panamax,49.42,USD,MT,8528.97577171884,449.5,65868.92
2021-03-02,US,Paradip,Panamax,41.73,USD,MT,9045.82563701843,591.31,147475.71
2021-03-02,US,Paradip,Supramax,61.62,USD,MT,4153.005173919471,499.59,127492.08
2021-03-03,Indonesia,Paradip,Capesize,43.53,USD,MT,7132.4022833786175,594.18,61602.95
2021-03-03,Russia,Paradip,Supramax,61.28,USD,MT,7369.02344105827,735.7,91810.46
2021-03-03,Russia,Paradip,Supramax,63.79,USD,MT,4049.276060389209,604.36,141425.43
2021-03-03,US,Paradip,Capesize,36.54,USD,MT,7263.287424443879,417.94,141586.91
2021-03-03,US,Paradip,Panamax,51.55,USD,MT,9854.553186831548,463.6,84609.14
2021-03-04,Indonesia,Paradip,Capesize,41.44,USD,MT,7477.403924955576,485.3,78336.05
2021-03-04,Mozambique,Paradip,Capesize,40.42,USD,MT,3278.9895448088296,670.34,78666.35
2021-03-04,Russia,Paradip,Capesize,42.9,USD,MT,4998.718046496216,590.1,145885.03
2021-03-04,Russia,Paradip,Supramax,62.72,USD,MT,3562.535030295064,548.25,135624.53
2021-03-04,US,Paradip,Panamax,51.84,USD,MT,4233.294624312885,645.91,136622.85
2021-03-05,Australia,Paradip,Capesize,38.69,USD,MT,6128.257886785152,710.74,93457.2
2021-03-05,Indonesia,Paradip,Capesize,38.91,USD,MT,3100.8263155935824,654.24,128983.12
2021-03-05,Mozambique,Paradip,Capesize,39.11,USD,MT,6670.517106316898,714.57,108623.12
2021-03-05,Mozambique,Paradip,Capesize,42.08,USD,MT,7171.288362927207,630.59,52316.15
2021-03-05,US,Paradip,Capesize,38.18,USD,MT,6780.392429187235,421.73,108278.29
2021-03-06,Indonesia,Paradip,Capesize,40.38,USD,MT,7906.14965327145,695.05,96004.99
2021-03-06,Mozambique,Paradip,Panamax,47.48,USD,MT,8242.071587142149,475.53,138522.79
2021-03-06,Mozambique,Paradip,Panamax,51.94,USD,MT,5323.556175726591,710.39,71374.23
2021-03-06,Russia,Paradip,Capesize,38.45,USD,MT,5192.884263393074,491.9,98475.06
2021-03-06,US,Paradip,Capesize,39.73,USD,MT,6007.567991984541,464.79,143484.72
2021-03-07,Indonesia,Paradip,Capesize,43.37,USD,MT,3720.726864630162,483.22,69374.11
2021-03-07,Indonesia,Paradip,Panamax,52.12,USD,MT,7388.729030497112,543.22,61531.27
2021-03-07,Mozambique,Paradip,Panamax,53.27,USD,MT,9738.358522020812,465.96,119416.39
2021-03-07,Russia,Paradip,Panamax,44.77,USD,MT,6893.471439626172,410.65,110494.0
2021-03-07,Russia,Paradip,Panamax,48.03,USD,MT,8897.549608680496,573.63,122273.86
2021-03-08,Indonesia,Paradip,Capesize,41.06,USD,MT,9061.733275833576,756.02,94601.84
2021-03-08,Indonesia,Paradip,Panamax,48.84,USD,MT,3720.96854075633,666.0,58333.39
2021-03-08,Mozambique,Paradip,Capesize,39.16,USD,MT,7502.591447848716,510.3,142865.3
2021-03-08,Mozambique,Paradip,Panamax,44.94,USD,MT,8815.210066167292,698.07,54563.82
2021-03-08,US,Paradip,Capesize,34.98,USD,MT,5842.862109673148,481.92,94427.08
2021-03-09,Australia,Paradip,Capesize,36.3,USD,MT,9821.839290416605,688.51,97942.85
2021-03-09,Australia,Paradip,Panamax,45.69,USD,MT,4780.252554473551,639.63,113923.78
2021-03-09,Indonesia,Paradip,Capesize,39.09,USD,MT,7093.577001701156,404.47,52498.6
2021-03-09,Russia,Paradip,Panamax,51.63,USD,MT,7323.412871940404,689.61,72035.11
2021-03-09,US,Paradip,Supramax,62.9,USD,MT,3995.9485088994848,723.4,136926.96
2021-03-10,Australia,Paradip,Capesize,36.95,USD,MT,4006.766432937099,518.49,51874.23
2021-03-10,Australia,Paradip,Panamax,46.92,USD,MT,4472.436480038215,669.25,56669.2
2021-03-10,Mozambique,Paradip,Capesize,41.08,USD,MT,6654.361042753457,614.78,54349.53
2021-03-10,Russia,Paradip,Capesize,43.82,USD,MT,4146.758730449499,562.48,144340.99
2021-03-10,US,Paradip,Panamax,48.96,USD,MT,8968.606694626642,789.8,133152.65
2021-03-11,Indonesia,Paradip,Capesize,39.04,USD,MT,9273.46990261291,739.12,89511.72
2021-03-11,Mozambique,Paradip,Panamax,55.1,USD,MT,9821.207405238889,424.05,57630.84
2021-03-11,Mozambique,Paradip,Supramax,63.73,USD,MT,6611.42228911037,643.15,134839.28
2021-03-11,Russia,Paradip,Supramax,57.21,USD,MT,8328.640090110233,407.75,122220.26
2021-03-11,US,Paradip,Supramax,54.84,USD,MT,3483.69348828842,785.95,58857.47
2021-03-12,Mozambique,Paradip,Capesize,38.68,USD,MT,7117.672037511996,669.92,132513.98
2021-03-12,Mozambique,Paradip,Supramax,57.24,USD,MT,6301.179632088371,526.55,57257.22
2021-03-12,US,Paradip,Supramax,63.62,USD,MT,6099.710866691162,653.04,100182.27
2021-03-12,US,Paradip,Supramax,64.74,USD,MT,3403.188083350807,425.84,74966.71
2021-03-12,US,Paradip,Supramax,57.64,USD,MT,6732.202046373901,780.11,141668.72
2021-03-13,Australia,Paradip,Panamax,45.08,USD,MT,3337.4240939932047,775.55,143157.8
2021-03-13,Russia,Paradip,Panamax,47.93,USD,MT,4784.889844447969,774.69,144928.19
2021-03-13,US,Paradip,Panamax,48.03,USD,MT,6830.236744154441,479.37,65617.19
2021-03-13,US,Paradip,Supramax,58.71,USD,MT,5688.853489835043,728.37,100328.08
2021-03-13,US,Paradip,Supramax,59.74,USD,MT,6752.130304093515,411.98,68705.94
2021-03-14,Australia,Paradip,Panamax,54.48,USD,MT,6513.582448012787,514.97,103335.31
2021-03-14,Australia,Paradip,Supramax,62.68,USD,MT,7432.077029570238,635.69,83100.1
2021-03-14,Russia,Paradip,Capesize,37.97,USD,MT,4447.614421205731,434.22,101125.46
2021-03-14,Russia,Paradip,Panamax,52.9,USD,MT,8960.479832302954,590.02,122334.09
2021-03-14,US,Paradip,Supramax,57.5,USD,MT,8931.34497639729,447.27,127741.59
2021-03-15,Australia,Paradip,Supramax,57.74,USD,MT,8302.751260557634,725.93,92850.68
2021-03-15,Indonesia,Paradip,Capesize,38.86,USD,MT,9627.0227696488,561.08,99716.15
2021-03-15,Indonesia,Paradip,Panamax,50.1,USD,MT,9002.110499169848,649.14,57915.62
2021-03-15,Russia,Paradip,Capesize,40.36,USD,MT,9801.749270703824,522.82,126753.47
2021-03-15,US,Paradip,Capesize,39.8,USD,MT,6475.325936272602,654.05,124981.92
2021-03-16,Australia,Paradip,Capesize,35.91,USD,MT,5149.051040928654,561.06,111255.77
2021-03-16,Australia,Paradip,Capesize,37.83,USD,MT,8139.825241016545,716.13,99222.64
2021-03-16,Indonesia,Paradip,Capesize,36.94,USD,MT,4311.991983865771,482.18,127026.73
2021-03-16,Indonesia,Paradip,Supramax,55.61,USD,MT,8310.071762052707,788.35,86093.62
2021-03-16,Mozambique,Paradip,Supramax,58.19,USD,MT,3884.3692145040927,440.24,77384.19
2021-03-17,Australia,Paradip,Capesize,40.03,USD,MT,3106.199423675196,769.93,124918.24
2021-03-17,Indonesia,Paradip,Panamax,50.16,USD,MT,9849.480298522612,737.63,68210.52
2021-03-17,Indonesia,Paradip,Supramax,60.93,USD,MT,3229.70640781008,502.76,59418.77
2021-03-17,Mozambique,Paradip,Supramax,61.57,USD,MT,6078.182340537387,632.56,122362.99
2021-03-17,Mozambique,Paradip,Supramax,62.96,USD,MT,6826.967450742677,668.35,140091.74
2021-03-18,Australia,Paradip,Panamax,48.67,USD,MT,4287.467428762222,752.76,140223.69
2021-03-18,Australia,Paradip,Supramax,52.94,USD,MT,9350.267290557098,759.28,131797.74
2021-03-18,Indonesia,Paradip,Capesize,42.15,USD,MT,3090.8467331138518,622.53,94521.37
2021-03-18,Mozambique,Paradip,Supramax,57.14,USD,MT,6817.966497586614,513.01,62003.08
2021-03-18,Russia,Paradip,Capesize,42.47,USD,MT,9892.330463185364,732.18,107583.01
2021-03-19,Australia,Paradip,Capesize,33.91,USD,MT,9733.208003841117,581.38,84962.51
2021-03-19,Indonesia,Paradip,Panamax,48.41,USD,MT,7083.424790889234,758.49,130158.94
2021-03-19,Mozambique,Paradip,Capesize,41.56,USD,MT,3330.0346999565054,796.78,77127.12
2021-03-19,Mozambique,Paradip,Capesize,37.25,USD,MT,3460.8674937100354,537.21,107464.99
2021-03-19,US,Paradip,Supramax,59.07,USD,MT,3511.79261976301,590.53,116562.24
2021-03-20,Indonesia,Paradip,Panamax,47.56,USD,MT,8641.968159303487,656.93,135797.11
2021-03-20,Mozambique,Paradip,Capesize,33.51,USD,MT,8811.87702296799,795.97,115056.93
2021-03-20,Russia,Paradip,Capesize,36.94,USD,MT,4261.743246602763,544.19,59002.5
2021-03-20,Russia,Paradip,Panamax,53.31,USD,MT,8653.62686069894,427.58,108338.3
2021-03-20,US,Paradip,Capesize,41.52,USD,MT,5960.189056422792,590.09,148668.18
2021-03-21,Mozambique,Paradip,Panamax,51.43,USD,MT,9012.138359446748,679.71,119109.64
2021-03-21,Mozambique,Paradip,Supramax,58.29,USD,MT,4970.163603619873,619.93,93413.51
2021-03-21,Russia,Paradip,Panamax,50.93,USD,MT,7839.330448394699,598.86,52698.19
2021-03-21,US,Paradip,Capesize,43.99,USD,MT,9693.251246343783,468.63,106413.35
2021-03-21,US,Paradip,Panamax,51.29,USD,MT,7668.457700471903,511.1,122923.11
2021-03-22,Indonesia,Paradip,Capesize,42.36,USD,MT,5155.42242307515,710.81,83638.77
2021-03-22,Mozambique,Paradip,Capesize,41.06,USD,MT,5859.967943537417,433.98,107316.1
2021-03-22,Mozambique,Paradip,Capesize,39.21,USD,MT,3151.259611812949,418.92,74098.38
2021-03-22,Russia,Paradip,Panamax,47.0,USD,MT,5171.059407421708,674.47,124915.19
2021-03-22,US,Paradip,Supramax,60.46,USD,MT,5114.879530899662,528.46,56713.45
2021-03-23,Indonesia,Paradip,Capesize,43.59,USD,MT,5594.866420317554,534.49,133910.34
2021-03-23,Indonesia,Paradip,Capesize,41.79,USD,MT,7748.42077248901,640.73,81713.55
2021-03-23,Indonesia,Paradip,Panamax,51.15,USD,MT,8940.043732174294,609.78,73582.15
2021-03-23,Russia,Paradip,Panamax,52.99,USD,MT,3421.481277130504,510.1,51468.13
2021-03-23,US,Paradip,Capesize,40.15,USD,MT,9091.870050816276,647.24,110688.31
2021-03-24,Australia,Paradip,Panamax,51.28,USD,MT,3439.984432007765,776.61,136127.22
2021-03-24,Indonesia,Paradip,Capesize,41.1,USD,MT,9002.789860607174,763.59,130039.99
2021-03-24,Indonesia,Paradip,Panamax,51.19,USD,MT,9674.827846141829,402.89,81318.15
2021-03-24,US,Paradip,Supramax,56.68,USD,MT,7598.190657969579,707.75,133713.82
2021-03-24,US,Paradip,Supramax,54.82,USD,MT,8572.288556935018,565.19,123242.78
2021-03-25,Australia,Paradip,Capesize,40.57,USD,MT,3692.6877221727686,583.42,142728.78
2021-03-25,Indonesia,Paradip,Capesize,43.43,USD,MT,3586.465995553317,586.61,133805.6
2021-03-25,Russia,Paradip,Supramax,59.14,USD,MT,3349.551816803709,618.52,59976.6
2021-03-25,US,Paradip,Panamax,51.41,USD,MT,8589.21878178477,572.96,88736.02
2021-03-25,US,Paradip,Supramax,65.09,USD,MT,5607.034009117144,628.13,95857.54
2021-03-26,Australia,Paradip,Capesize,34.41,USD,MT,7170.395303211921,788.62,110948.16
2021-03-26,Australia,Paradip,Capesize,41.09,USD,MT,7635.53819222451,494.6,149300.27
2021-03-26,Indonesia,Paradip,Capesize,41.68,USD,MT,7313.607565389722,780.08,56114.23
2021-03-26,Russia,Paradip,Panamax,47.8,USD,MT,8772.25819563683,744.36,63324.27
2021-03-26,US,Paradip,Supramax,62.22,USD,MT,4669.702094136106,432.68,127246.83
2021-03-27,Australia,Paradip,Panamax,50.84,USD,MT,8328.346655289797,569.6,149486.42
2021-03-27,Indonesia,Paradip,Capesize,40.02,USD,MT,9774.033373027856,606.56,112531.41
2021-03-27,Russia,Paradip,Capesize,34.92,USD,MT,3153.34631391081,722.27,98173.56
2021-03-27,Russia,Paradip,Supramax,62.14,USD,MT,4453.400794931001,714.71,136618.78
2021-03-27,US,Paradip,Capesize,41.39,USD,MT,9249.72763090384,514.77,129054.37
2021-03-28,Australia,Paradip,Capesize,42.22,USD,MT,9730.484510350036,778.37,77315.03
2021-03-28,Australia,Paradip,Capesize,39.62,USD,MT,7697.258959415236,564.26,144009.12
2021-03-28,Australia,Paradip,Capesize,48.13,USD,MT,3065.070415244957,584.84,92027.67
2021-03-28,Russia,Paradip,Capesize,39.88,USD,MT,8514.439423332737,773.58,131671.93
2021-03-28,Russia,Paradip,Capesize,40.32,USD,MT,4056.860797009852,537.26,81274.02
2021-03-29,Indonesia,Paradip,Supramax,60.48,USD,MT,7145.247639951679,786.14,62098.81
2021-03-29,Mozambique,Paradip,Capesize,36.82,USD,MT,7541.803236063426,677.54,64812.72
2021-03-29,Mozambique,Paradip,Supramax,57.13,USD,MT,4213.041689800949,796.52,132846.67
2021-03-29,Russia,Paradip,Capesize,44.28,USD,MT,9098.125189065104,474.94,112033.36
2021-03-29,Russia,Paradip,Supramax,62.21,USD,MT,7853.493856810692,617.83,60448.78
2021-03-30,Australia,Paradip,Panamax,53.95,USD,MT,5209.64302595996,525.08,62294.34
2021-03-30,Australia,Paradip,Panamax,52.33,USD,MT,5376.944897393669,574.3,112517.58
2021-03-30,Mozambique,Paradip,Capesize,37.91,USD,MT,9072.827467580895,691.25,82751.55
2021-03-30,Russia,Paradip,Supramax,61.32,USD,MT,7360.678295929973,589.75,130409.19
2021-03-30,US,Paradip,Panamax,47.6,USD,MT,8683.506087472007,596.29,57877.72
2021-03-31,Australia,Paradip,Capesize,39.08,USD,MT,3107.6233448338894,734.02,92112.82
2021-03-31,Indonesia,Paradip,Supramax,62.22,USD,MT,4000.47781799475,430.62,54166.96
2021-03-31,Indonesia,Paradip,Supramax,56.53,USD,MT,3032.424213020877,633.67,124216.61
2021-03-31,Russia,Paradip,Panamax,47.37,USD,MT,9557.754406436963,552.27,59710.59
2021-03-31,US,Paradip,Panamax,48.4,USD,MT,7960.204421407614,572.33,137058.54
2021-04-01,Australia,Paradip,Capesize,44.34,USD,MT,8549.908815359628,571.79,128768.93
2021-04-01,Australia,Paradip,Panamax,49.48,USD,MT,7501.478859620806,716.72,138802.7
2021-04-01,Indonesia,Paradip,Supramax,60.33,USD,MT,8379.821626166171,683.44,147194.63
2021-04-01,Russia,Paradip,Panamax,49.68,USD,MT,4051.425256920857,734.12,60130.3
2021-04-01,US,Paradip,Supramax,57.09,USD,MT,5827.840215767403,482.32,82645.98
2021-04-02,Australia,Paradip,Supramax,61.92,USD,MT,5668.993213591404,452.27,111226.65
2021-04-02,Australia,Paradip,Supramax,60.88,USD,MT,5699.189811977379,449.72,99650.75
2021-04-02,Australia,Paradip,Supramax,60.18,USD,MT,4390.227147230859,788.98,104272.81
2021-04-02,Mozambique,Paradip,Panamax,47.15,USD,MT,7910.522073552231,425.82,91830.67
2021-04-02,US,Paradip,Panamax,49.31,USD,MT,8609.915057023794,479.53,91956.28
2021-04-03,Australia,Paradip,Panamax,52.03,USD,MT,6322.252375418457,554.63,134564.65
2021-04-03,Mozambique,Paradip,Capesize,37.65,USD,MT,3171.628968009288,652.76,72384.63
2021-04-03,Mozambique,Paradip,Panamax,55.2,USD,MT,3659.1123673637967,549.54,132450.96
2021-04-03,Russia,Paradip,Panamax,53.58,USD,MT,9750.483093997977,582.33,143565.15
2021-04-03,Russia,Paradip,Supramax,58.1,USD,MT,3696.526022370344,596.12,92642.26
2021-04-04,Australia,Paradip,Panamax,47.8,USD,MT,7282.925196018969,578.5,123359.26
2021-04-04,Australia,Paradip,Supramax,59.18,USD,MT,4770.175851160322,674.15,79243.22
2021-04-04,Mozambique,Paradip,Supramax,57.58,USD,MT,5979.199181480462,718.28,75034.09
2021-04-04,US,Paradip,Panamax,43.43,USD,MT,6412.751632991465,505.49,72595.38
2021-04-04,US,Paradip,Supramax,62.53,USD,MT,8658.21107214748,456.12,148563.75
2021-04-05,Australia,Paradip,Capesize,38.68,USD,MT,8572.77398280451,437.46,65919.93
2021-04-05,Australia,Paradip,Supramax,62.36,USD,MT,8371.112729925137,609.76,148644.76
2021-04-05,Indonesia,Paradip,Capesize,40.82,USD,MT,3896.1069836758616,549.72,80148.11
2021-04-05,Indonesia,Paradip,Supramax,56.84,USD,MT,6662.519189896773,445.49,139592.67
2021-04-05,Mozambique,Paradip,Capesize,42.34,USD,MT,4977.762059832321,401.49,123873.68
2021-04-06,Indonesia,Paradip,Supramax,60.5,USD,MT,4930.308667638619,738.11,141578.07
2021-04-06,Indonesia,Paradip,Supramax,59.79,USD,MT,9750.601946895153,751.49,125772.87
2021-04-06,Mozambique,Paradip,Capesize,37.8,USD,MT,6954.185524558126,588.74,129720.29
2021-04-06,Russia,Paradip,Panamax,48.59,USD,MT,4438.359329874799,795.39,130773.82
2021-04-06,US,Paradip,Panamax,44.39,USD,MT,4080.225414628754,532.91,85209.02
2021-04-07,Australia,Paradip,Capesize,43.0,USD,MT,6582.969233475241,497.5,75555.01
2021-04-07,Indonesia,Paradip,Capesize,35.48,USD,MT,9711.636856614652,598.5,91673.65
2021-04-07,Mozambique,Paradip,Capesize,40.65,USD,MT,7684.528784229174,525.85,91805.66
2021-04-07,Russia,Paradip,Supramax,57.26,USD,MT,7576.954053829288,528.91,135593.46
2021-04-07,US,Paradip,Capesize,40.57,USD,MT,5204.871870379688,655.07,132133.37
2021-04-08,Australia,Paradip,Capesize,37.15,USD,MT,3450.149515243924,723.08,71168.4
2021-04-08,Australia,Paradip,Supramax,61.02,USD,MT,3402.0293833264136,782.59,136311.98
2021-04-08,Indonesia,Paradip,Panamax,47.77,USD,MT,3917.042166403349,560.62,125967.26
2021-04-08,Mozambique,Paradip,Capesize,38.29,USD,MT,3486.1052834697084,770.93,130835.29
2021-04-08,Mozambique,Paradip,Supramax,65.55,USD,MT,8618.97251307104,418.39,140250.35
2021-04-09,Australia,Paradip,Panamax,50.14,USD,MT,8265.165572536665,470.81,51541.13
2021-04-09,Mozambique,Paradip,Capesize,42.22,USD,MT,5800.478764379572,486.67,70289.74
2021-04-09,Mozambique,Paradip,Panamax,51.92,USD,MT,9116.205935966347,511.95,96306.84
2021-04-09,Russia,Paradip,Capesize,40.28,USD,MT,8117.033346034191,443.45,133589.55
2021-04-09,US,Paradip,Supramax,62.87,USD,MT,6430.526729264091,784.04,138599.77
2021-04-10,Australia,Paradip,Capesize,44.45,USD,MT,4029.470004176205,763.78,120910.72
2021-04-10,Australia,Paradip,Capesize,37.8,USD,MT,5626.752097134387,553.75,101388.58
2021-04-10,Australia,Paradip,Panamax,47.83,USD,MT,4254.694684375193,638.73,63765.93
2021-04-10,Indonesia,Paradip,Supramax,61.22,USD,MT,5768.301508733824,545.78,73887.81
2021-04-10,US,Paradip,Capesize,38.72,USD,MT,3552.7429025210517,743.13,108135.85
2021-04-11,Australia,Paradip,Capesize,39.07,USD,MT,3174.8032492961797,420.66,87666.23
2021-04-11,Indonesia,Paradip,Supramax,57.06,USD,MT,6180.68523260945,759.97,70123.31
2021-04-11,Mozambique,Paradip,Capesize,42.53,USD,MT,4927.588573314408,602.92,119150.18
2021-04-11,Mozambique,Paradip,Supramax,61.44,USD,MT,6595.1386441007935,796.86,133844.79
2021-04-11,Mozambique,Paradip,Supramax,57.5,USD,MT,5060.953909863354,593.9,108827.2
2021-04-12,Australia,Paradip,Capesize,42.7,USD,MT,8351.73242072128,761.59,95289.69
2021-04-12,Australia,Paradip,Capesize,38.21,USD,MT,7498.195039510676,739.69,96298.32
2021-04-12,Indonesia,Paradip,Panamax,51.19,USD,MT,8435.213803310977,750.68,101247.78
2021-04-12,Mozambique,Paradip,Capesize,42.12,USD,MT,5694.701716152387,492.44,92772.01
2021-04-12,Mozambique,Paradip,Supramax,63.12,USD,MT,4640.875251856958,680.9,134451.15
2021-04-13,Australia,Paradip,Supramax,68.62,USD,MT,8962.669976122803,649.5,132581.4
2021-04-13,Indonesia,Paradip,Panamax,49.11,USD,MT,3586.4560837687745,420.43,107942.66
2021-04-13,Russia,Paradip,Panamax,51.15,USD,MT,9399.477097772196,494.18,69952.3
2021-04-13,Russia,Paradip,Supramax,54.46,USD,MT,3689.438434103056,718.17,134065.92
2021-04-13,Russia,Paradip,Supramax,53.89,USD,MT,7135.039734469584,763.37,78964.68
2021-04-14,Indonesia,Paradip,Capesize,38.3,USD,MT,8667.983257476058,724.04,54574.68
2021-04-14,Indonesia,Paradip,Capesize,39.7,USD,MT,9970.593346022872,750.66,56864.22
2021-04-14,Indonesia,Paradip,Panamax,50.01,USD,MT,3370.52316975353,499.01,101486.76
2021-04-14,Mozambique,Paradip,Capesize,41.1,USD,MT,3615.2403965290537,610.61,137172.86
2021-04-14,US,Paradip,Panamax,50.22,USD,MT,8934.214780247523,538.92,52438.46
2021-04-15,Australia,Paradip,Capesize,40.63,USD,MT,5240.0314403575385,426.38,132607.67
2021-04-15,Australia,Paradip,Panamax,48.72,USD,MT,7127.724029600373,556.78,69173.84
2021-04-15,Australia,Paradip,Supramax,61.04,USD,MT,6206.875562398144,638.32,123611.03
2021-04-15,Indonesia,Paradip,Capesize,37.43,USD,MT,3731.2552727954458,749.27,64949.71
2021-04-15,Russia,Paradip,Capesize,39.72,USD,MT,3030.856692965322,742.8,104366.08
2021-04-16,Australia,Paradip,Panamax,54.6,USD,MT,5748.041318033878,428.78,101711.59
2021-04-16,Indonesia,Paradip,Capesize,45.45,USD,MT,5414.18517095166,611.21,112739.81
2021-04-16,Mozambique,Paradip,Supramax,60.14,USD,MT,7434.766080042354,428.23,50706.95
2021-04-16,Russia,Paradip,Supramax,57.81,USD,MT,6197.855204736998,430.22,91489.96
2021-04-16,US,Paradip,Supramax,58.13,USD,MT,8705.173796804715,449.02,142106.27
2021-04-17,Indonesia,Paradip,Panamax,46.41,USD,MT,3463.806024532088,516.77,77422.99
2021-04-17,Indonesia,Paradip,Supramax,60.67,USD,MT,4332.365568984647,721.8,101332.33
2021-04-17,Mozambique,Paradip,Capesize,34.57,USD,MT,5794.893906061089,737.92,144896.59
2021-04-17,Mozambique,Paradip,Panamax,50.6,USD,MT,7567.168020191248,771.79,104850.35
2021-04-17,Russia,Paradip,Panamax,53.4,USD,MT,8149.2309028293375,457.48,94419.17
2021-04-18,Australia,Paradip,Supramax,57.11,USD,MT,9351.516071910091,420.93,122863.6
2021-04-18,Australia,Paradip,Supramax,54.76,USD,MT,3219.7422442528414,714.91,114475.09
2021-04-18,Indonesia,Paradip,Capesize,34.92,USD,MT,5249.912082914572,776.44,100554.12
2021-04-18,Indonesia,Paradip,Capesize,39.37,USD,MT,8214.164677133476,663.06,142291.23
2021-04-18,Russia,Paradip,Supramax,54.16,USD,MT,3527.8576592647096,497.46,106652.18
2021-04-19,Mozambique,Paradip,Capesize,42.87,USD,MT,6629.368956898234,716.26,89155.13
2021-04-19,Russia,Paradip,Capesize,42.23,USD,MT,5676.082549769149,531.72,139801.15
2021-04-19,Russia,Paradip,Supramax,61.14,USD,MT,7199.739472674058,566.51,84190.85
2021-04-19,US,Paradip,Panamax,50.89,USD,MT,7269.643641325246,778.31,103189.02
2021-04-19,US,Paradip,Supramax,52.51,USD,MT,7985.203686446959,783.14,79394.94
2021-04-20,Australia,Paradip,Panamax,50.19,USD,MT,6310.894800574407,682.58,147915.31
2021-04-20,Mozambique,Paradip,Capesize,37.86,USD,MT,6211.863658119906,720.34,127223.44
2021-04-20,Mozambique,Paradip,Capesize,37.14,USD,MT,5715.801633697631,635.48,123141.11
2021-04-20,Mozambique,Paradip,Supramax,54.2,USD,MT,6016.176714373881,430.48,76296.82
2021-04-20,Mozambique,Paradip,Supramax,60.07,USD,MT,8826.017806669863,605.9,115969.91
2021-04-21,Australia,Paradip,Supramax,55.61,USD,MT,5235.281780396605,485.98,78872.18
2021-04-21,Indonesia,Paradip,Capesize,42.28,USD,MT,7890.130012441036,546.79,89487.5
2021-04-21,Indonesia,Paradip,Panamax,46.61,USD,MT,5064.849617752048,607.19,80731.44
2021-04-21,US,Paradip,Panamax,53.87,USD,MT,5476.610908631841,419.47,84323.88
2021-04-21,US,Paradip,Supramax,57.37,USD,MT,3669.411295425935,658.82,112272.48
2021-04-22,Indonesia,Paradip,Panamax,47.5,USD,MT,5212.899022797879,666.21,80116.68
2021-04-22,Mozambique,Paradip,Capesize,38.73,USD,MT,6420.394263024383,422.81,141122.11
2021-04-22,Mozambique,Paradip,Supramax,57.82,USD,MT,9453.750254820436,558.01,68254.35
2021-04-22,US,Paradip,Capesize,40.37,USD,MT,7896.981730690118,415.26,58310.54
2021-04-22,US,Paradip,Panamax,51.75,USD,MT,3930.567224729718,741.1,115273.83
2021-04-23,Mozambique,Paradip,Capesize,37.21,USD,MT,3315.140605168968,622.05,118025.55
2021-04-23,Russia,Paradip,Panamax,49.29,USD,MT,4839.967297057987,771.77,141036.88
2021-04-23,US,Paradip,Capesize,38.84,USD,MT,5813.533098284671,629.42,76228.03
2021-04-23,US,Paradip,Capesize,40.13,USD,MT,4939.159583523887,589.61,129602.41
2021-04-23,US,Paradip,Panamax,41.64,USD,MT,3089.8041341476423,668.37,120309.82
2021-04-24,Indonesia,Paradip,Panamax,46.76,USD,MT,8360.76577908871,610.99,144450.46
2021-04-24,Indonesia,Paradip,Supramax,64.01,USD,MT,7417.755438420509,754.36,59433.09
2021-04-24,Mozambique,Paradip,Panamax,46.69,USD,MT,9566.687778588672,442.06,93423.05
2021-04-24,Russia,Paradip,Capesize,39.91,USD,MT,6062.359567136187,659.7,82315.8
2021-04-24,US,Paradip,Capesize,35.44,USD,MT,8953.796439605932,640.04,111519.49
2021-04-25,Australia,Paradip,Capesize,31.12,USD,MT,4567.723310100584,549.07,93482.9
2021-04-25,Indonesia,Paradip,Capesize,39.44,USD,MT,9627.943934708,740.29,90113.19
2021-04-25,Indonesia,Paradip,Panamax,54.49,USD,MT,4197.346677307199,724.15,71125.74
2021-04-25,Russia,Paradip,Capesize,36.36,USD,MT,9156.091884740215,595.48,58876.39
2021-04-25,US,Paradip,Panamax,52.62,USD,MT,8681.995957558633,671.61,118765.51
2021-04-26,Australia,Paradip,Capesize,39.68,USD,MT,8163.707602184118,540.06,99027.38
2021-04-26,Australia,Paradip,Capesize,39.09,USD,MT,5524.940179697629,763.84,115939.72
2021-04-26,Australia,Paradip,Capesize,35.8,USD,MT,8903.378800675227,416.58,115960.44
2021-04-26,Australia,Paradip,Supramax,57.05,USD,MT,5907.770845278923,724.46,114945.25
2021-04-26,Mozambique,Paradip,Capesize,36.44,USD,MT,9956.39598345488,543.32,110034.07
2021-04-27,Indonesia,Paradip,Panamax,49.59,USD,MT,5908.09115523233,402.1,143427.92
2021-04-27,Mozambique,Paradip,Capesize,39.82,USD,MT,5704.235036358017,723.14,146432.53
2021-04-27,Mozambique,Paradip,Capesize,46.3,USD,MT,9522.106313834924,750.71,126948.14
2021-04-27,US,Paradip,Supramax,63.79,USD,MT,3582.1017531136035,553.02,53583.26
2021-04-27,US,Paradip,Supramax,57.68,USD,MT,4731.978247484657,407.25,51138.53
2021-04-28,Australia,Paradip,Capesize,37.43,USD,MT,3412.694561539433,733.68,62221.67
2021-04-28,Indonesia,Paradip,Panamax,43.51,USD,MT,6497.45703514343,756.62,136328.91
2021-04-28,Russia,Paradip,Panamax,47.33,USD,MT,9687.383191956067,426.68,74173.28
2021-04-28,US,Paradip,Capesize,36.86,USD,MT,8891.969338036059,489.0,110625.58
2021-04-28,US,Paradip,Supramax,55.08,USD,MT,9897.241299746334,777.91,56501.0
2021-04-29,Indonesia,Paradip,Capesize,34.45,USD,MT,6126.259838689382,662.83,104773.99
2021-04-29,Mozambique,Paradip,Supramax,63.72,USD,MT,6870.719653384446,616.14,94272.75
2021-04-29,Russia,Paradip,Capesize,33.79,USD,MT,7894.887662469915,723.52,81457.91
2021-04-29,Russia,Paradip,Panamax,45.82,USD,MT,9647.876149843762,788.13,80557.24
2021-04-29,Russia,Paradip,Supramax,61.82,USD,MT,4919.067065888647,478.42,90773.09
2021-04-30,Australia,Paradip,Panamax,46.83,USD,MT,3593.8736627330286,537.4,138325.02
2021-04-30,Indonesia,Paradip,Panamax,49.19,USD,MT,7801.328945264912,739.67,116900.28
2021-04-30,Mozambique,Paradip,Panamax,54.03,USD,MT,4825.764965399022,743.4,97611.02
2021-04-30,Russia,Paradip,Capesize,36.56,USD,MT,9007.972865853171,774.03,124679.77
2021-04-30,US,Paradip,Capesize,39.24,USD,MT,8552.121212441285,530.55,121765.65
2021-05-01,Indonesia,Paradip,Supramax,57.56,USD,MT,6146.059606638888,726.69,74540.96
2021-05-01,US,Paradip,Capesize,32.92,USD,MT,3332.7428470745385,454.47,104734.22
2021-05-01,US,Paradip,Panamax,44.98,USD,MT,3386.737656232892,646.57,99561.43
2021-05-01,US,Paradip,Supramax,60.57,USD,MT,7003.311954316371,689.67,122049.1
2021-05-01,US,Paradip,Supramax,55.37,USD,MT,4902.564935875495,674.78,75509.37
2021-05-02,Australia,Paradip,Supramax,59.26,USD,MT,3362.882338636233,736.91,128924.35
2021-05-02,Indonesia,Paradip,Capesize,37.57,USD,MT,6623.194943832674,657.56,110616.28
2021-05-02,Mozambique,Paradip,Capesize,38.82,USD,MT,4216.595205422302,716.9,124184.82
2021-05-02,US,Paradip,Panamax,45.12,USD,MT,8104.645620221013,410.16,122341.35
2021-05-02,US,Paradip,Panamax,47.18,USD,MT,3225.65288442266,740.34,56099.76
2021-05-03,Indonesia,Paradip,Capesize,36.46,USD,MT,9208.527079106509,579.25,108619.03
2021-05-03,Indonesia,Paradip,Panamax,49.08,USD,MT,9319.867016888747,543.31,95815.55
2021-05-03,Mozambique,Paradip,Supramax,57.83,USD,MT,4176.460408267912,555.62,91280.08
2021-05-03,Russia,Paradip,Panamax,45.66,USD,MT,4997.111703830658,505.5,68617.64
2021-05-03,Russia,Paradip,Supramax,62.39,USD,MT,3395.85203162417,593.54,59212.28
2021-05-04,Mozambique,Paradip,Supramax,60.26,USD,MT,5897.302369772957,657.66,105660.48
2021-05-04,Russia,Paradip,Capesize,39.74,USD,MT,6126.844539510594,680.54,50494.76
2021-05-04,Russia,Paradip,Capesize,39.74,USD,MT,7042.442910290212,735.75,93407.81
2021-05-04,US,Paradip,Capesize,42.32,USD,MT,7448.824312496059,672.41,125985.85
2021-05-04,US,Paradip,Panamax,47.25,USD,MT,9875.7559401972,649.63,135837.98
2021-05-05,Australia,Paradip,Panamax,48.68,USD,MT,5105.955212887348,664.62,127778.6
2021-05-05,Australia,Paradip,Supramax,54.37,USD,MT,9349.46028513512,610.52,114591.1
2021-05-05,Australia,Paradip,Supramax,57.84,USD,MT,4449.554333321169,706.44,52292.44
2021-05-05,Australia,Paradip,Supramax,59.05,USD,MT,5698.728835964336,470.67,95918.83
2021-05-05,Mozambique,Paradip,Capesize,42.23,USD,MT,5303.166879411354,402.63,146643.7
2021-05-06,Indonesia,Paradip,Capesize,42.78,USD,MT,4960.735777622843,590.51,125017.46
2021-05-06,Indonesia,Paradip,Supramax,61.6,USD,MT,8535.712509904362,586.62,139500.97
2021-05-06,Mozambique,Paradip,Panamax,47.18,USD,MT,6742.396007644926,407.92,55562.74
2021-05-06,Russia,Paradip,Capesize,41.41,USD,MT,6830.021856518517,784.51,59921.23
2021-05-06,Russia,Paradip,Panamax,49.21,USD,MT,8768.827985855554,782.86,75852.14
2021-05-07,Indonesia,Paradip,Panamax,49.48,USD,MT,4581.137404925748,524.62,104681.65
2021-05-07,Indonesia,Paradip,Supramax,62.06,USD,MT,9037.28215700288,477.33,115441.55
2021-05-07,Mozambique,Paradip,Panamax,45.12,USD,MT,8274.11628867407,690.37,59437.18
2021-05-07,Russia,Paradip,Supramax,56.5,USD,MT,9369.301705496084,496.36,84536.79
2021-05-07,US,Paradip,Supramax,54.16,USD,MT,5439.131220463411,718.09,123092.11
2021-05-08,Australia,Paradip,Panamax,52.1,USD,MT,4890.842320775546,678.84,103723.94
2021-05-08,Australia,Paradip,Supramax,61.52,USD,MT,3950.662268417517,587.3,115416.78
2021-05-08,Indonesia,Paradip,Panamax,47.86,USD,MT,5804.527812824488,755.84,88520.68
2021-05-08,Russia,Paradip,Panamax,46.84,USD,MT,3774.279936381015,648.51,55558.43
2021-05-08,US,Paradip,Capesize,40.71,USD,MT,7105.644302565674,415.24,149242.65
2021-05-09,Australia,Paradip,Supramax,59.36,USD,MT,8558.344019825257,427.22,122682.5
2021-05-09,Indonesia,Paradip,Panamax,47.04,USD,MT,7378.302547674446,668.52,101098.41
2021-05-09,Mozambique,Paradip,Panamax,41.27,USD,MT,6242.93707235447,644.79,108407.06
2021-05-09,Russia,Paradip,Panamax,47.84,USD,MT,3456.275123942861,658.16,68968.93
2021-05-09,Russia,Paradip,Panamax,50.07,USD,MT,5315.768371413467,579.84,69000.7
2021-05-10,Indonesia,Paradip,Supramax,60.16,USD,MT,8957.376253503204,522.44,70911.04
2021-05-10,Mozambique,Paradip,Panamax,50.05,USD,MT,6611.134118082782,687.84,142206.83
2021-05-10,Russia,Paradip,Capesize,37.11,USD,MT,3681.1582752844415,663.55,100519.63
2021-05-10,Russia,Paradip,Supramax,56.0,USD,MT,4610.130769326929,440.11,132074.16
2021-05-10,US,Paradip,Panamax,51.08,USD,MT,5536.757738365466,631.37,100192.78
2021-05-11,Indonesia,Paradip,Panamax,47.39,USD,MT,5633.529674268537,577.63,50621.93
2021-05-11,Mozambique,Paradip,Capesize,39.58,USD,MT,7602.288015168514,760.93,73282.78
2021-05-11,Mozambique,Paradip,Supramax,55.59,USD,MT,4672.841176127377,405.59,60183.85
2021-05-11,Russia,Paradip,Capesize,37.04,USD,MT,8137.795568009914,790.39,125422.89
2021-05-11,US,Paradip,Capesize,37.79,USD,MT,5711.998528394746,713.85,93483.26
2021-05-12,Australia,Paradip,Capesize,37.65,USD,MT,8140.242376303934,625.22,90961.78
2021-05-12,Indonesia,Paradip,Capesize,36.61,USD,MT,7027.363542031982,796.34,88971.04
2021-05-12,Indonesia,Paradip,Supramax,59.36,USD,MT,5091.262342166432,683.7,126593.44
2021-05-12,Russia,Paradip,Panamax,52.16,USD,MT,8439.915175564469,640.72,75110.78
2021-05-12,US,Paradip,Supramax,52.09,USD,MT,5159.997474701473,409.02,127209.8
2021-05-13,Australia,Paradip,Capesize,36.06,USD,MT,8817.438371144835,687.09,136659.42
2021-05-13,Australia,Paradip,Panamax,46.32,USD,MT,5950.027667656643,470.39,103456.07
2021-05-13,Australia,Paradip,Supramax,58.92,USD,MT,6441.767472731894,480.78,109030.09
2021-05-13,Indonesia,Paradip,Capesize,39.99,USD,MT,8827.909634398347,590.24,84721.56
2021-05-13,Mozambique,Paradip,Supramax,54.4,USD,MT,7191.673340445202,459.51,148108.71
2021-05-14,Indonesia,Paradip,Capesize,36.84,USD,MT,6096.886560218585,456.87,103589.69
2021-05-14,Mozambique,Paradip,Panamax,52.2,USD,MT,7154.1042404629525,623.72,148784.94
2021-05-14,Mozambique,Paradip,Supramax,59.37,USD,MT,7164.701849980255,560.71,61766.08
2021-05-14,US,Paradip,Capesize,32.62,USD,MT,7999.407105450538,657.15,101288.23
2021-05-14,US,Paradip,Capesize,36.52,USD,MT,6555.108619245906,501.83,144082.88
2021-05-15,Australia,Paradip,Supramax,49.19,USD,MT,5661.916497196935,481.38,100381.17
2021-05-15,Indonesia,Paradip,Supramax,57.19,USD,MT,3898.347094476129,777.03,65890.08
2021-05-15,Mozambique,Paradip,Capesize,38.2,USD,MT,7694.550878778315,659.17,76479.47
2021-05-15,Mozambique,Paradip,Capesize,37.23,USD,MT,5454.900351947048,419.25,55962.77
2021-05-15,Mozambique,Paradip,Supramax,57.23,USD,MT,7762.633930214162,419.91,116769.97
2021-05-16,Indonesia,Paradip,Panamax,48.99,USD,MT,7413.155474028255,456.27,66639.32
2021-05-16,Russia,Paradip,Capesize,37.23,USD,MT,4473.560516031004,631.95,53718.33
2021-05-16,Russia,Paradip,Panamax,49.68,USD,MT,4759.493102944741,567.53,119071.19
2021-05-16,Russia,Paradip,Supramax,51.84,USD,MT,4965.016031855863,409.09,131465.11
2021-05-16,US,Paradip,Capesize,40.89,USD,MT,5518.140184716704,778.53,108949.2
2021-05-17,Australia,Paradip,Capesize,34.03,USD,MT,8967.95061527221,517.71,123068.17
2021-05-17,Australia,Paradip,Panamax,47.62,USD,MT,3315.109497561926,514.08,55311.37
2021-05-17,Indonesia,Paradip,Supramax,60.6,USD,MT,3066.511277081998,767.38,135632.27
2021-05-17,Mozambique,Paradip,Supramax,59.31,USD,MT,9320.025264406851,447.92,79706.18
2021-05-17,Russia,Paradip,Supramax,61.21,USD,MT,7759.102806575448,598.02,72238.94
2021-05-18,Indonesia,Paradip,Capesize,36.97,USD,MT,3133.6920934940435,509.11,90260.19
2021-05-18,Indonesia,Paradip,Panamax,43.89,USD,MT,9332.427104302658,617.77,53226.88
2021-05-18,Indonesia,Paradip,Supramax,57.8,USD,MT,6755.838690122169,553.23,76539.31
2021-05-18,Mozambique,Paradip,Capesize,36.15,USD,MT,7990.613351824564,741.2,75638.25
2021-05-18,Mozambique,Paradip,Supramax,54.77,USD,MT,7565.992494837805,786.35,99732.75
2021-05-19,Australia,Paradip,Capesize,42.35,USD,MT,8625.631304682716,695.13,83250.78
2021-05-19,Australia,Paradip,Panamax,50.44,USD,MT,7321.811310985408,785.48,149987.95
2021-05-19,Indonesia,Paradip,Panamax,48.58,USD,MT,9922.532856761734,434.47,62645.86
2021-05-19,Mozambique,Paradip,Supramax,60.43,USD,MT,8731.827915938247,574.34,73926.85
2021-05-19,Russia,Paradip,Panamax,44.95,USD,MT,3324.5085110923264,699.15,54568.94
2021-05-20,Australia,Paradip,Panamax,47.36,USD,MT,5048.202576412634,788.77,134892.98
2021-05-20,Mozambique,Paradip,Capesize,32.13,USD,MT,9700.47258876859,685.24,109711.73
2021-05-20,Mozambique,Paradip,Panamax,49.49,USD,MT,7844.837171242362,743.89,89595.49
2021-05-20,US,Paradip,Capesize,37.3,USD,MT,4029.281735627331,549.7,98502.32
2021-05-20,US,Paradip,Supramax,61.41,USD,MT,8395.086636206135,740.5,80808.4
2021-05-21,Mozambique,Paradip,Panamax,49.18,USD,MT,3248.2288157849325,435.67,138215.79
2021-05-21,Russia,Paradip,Panamax,50.44,USD,MT,8220.76410469157,425.48,89212.03
2021-05-21,Russia,Paradip,Panamax,48.7,USD,MT,8119.167909097384,543.24,74833.69
2021-05-21,US,Paradip,Supramax,59.69,USD,MT,6030.607333005453,675.23,55838.88
2021-05-21,US,Paradip,Supramax,60.35,USD,MT,5666.835815002823,569.96,140413.06
2021-05-22,Indonesia,Paradip,Capesize,36.95,USD,MT,9556.35678267333,490.94,56342.61
2021-05-22,Mozambique,Paradip,Panamax,51.31,USD,MT,6242.190965823855,662.85,122984.76
2021-05-22,Russia,Paradip,Capesize,36.35,USD,MT,6618.126493175512,794.09,68582.99
2021-05-22,US,Paradip,Supramax,58.0,USD,MT,9755.911073009063,407.74,76039.55
2021-05-22,US,Paradip,Supramax,57.62,USD,MT,9274.37995349712,472.03,149282.54
2021-05-23,Australia,Paradip,Capesize,40.25,USD,MT,6032.791128476909,709.99,92045.74
2021-05-23,Indonesia,Paradip,Supramax,61.1,USD,MT,6470.25305995074,564.88,133372.02
2021-05-23,Russia,Paradip,Capesize,34.37,USD,MT,6181.09448352468,482.84,91319.03
2021-05-23,Russia,Paradip,Capesize,32.27,USD,MT,5468.138598470374,675.77,69728.14
2021-05-23,US,Paradip,Capesize,34.07,USD,MT,8587.561758173488,433.72,51827.39
2021-05-24,Mozambique,Paradip,Capesize,42.04,USD,MT,7332.096230140932,571.11,50263.82
2021-05-24,Mozambique,Paradip,Panamax,47.81,USD,MT,7804.291036527614,742.63,55321.19
2021-05-24,Mozambique,Paradip,Supramax,51.07,USD,MT,5983.428916574923,777.43,142576.23
2021-05-24,Russia,Paradip,Panamax,46.38,USD,MT,4467.179181777666,551.3,87085.97
2021-05-24,Russia,Paradip,Supramax,59.78,USD,MT,7976.340756188639,563.52,81082.37
2021-05-25,Indonesia,Paradip,Panamax,49.82,USD,MT,6294.16709424203,742.17,144317.2
2021-05-25,Russia,Paradip,Capesize,37.97,USD,MT,6908.834679160771,530.88,73817.55
2021-05-25,Russia,Paradip,Panamax,43.68,USD,MT,6704.884775775838,773.35,144851.29
2021-05-25,US,Paradip,Capesize,37.4,USD,MT,7598.648714496481,613.21,147863.29
2021-05-25,US,Paradip,Supramax,52.32,USD,MT,7825.710823929714,591.8,116207.73
2021-05-26,Australia,Paradip,Supramax,63.59,USD,MT,9457.085456997143,617.16,64092.38
2021-05-26,Indonesia,Paradip,Panamax,41.71,USD,MT,4406.495254948666,743.41,146081.54
2021-05-26,Russia,Paradip,Panamax,42.67,USD,MT,7371.966565230629,582.02,142728.95
2021-05-26,Russia,Paradip,Panamax,46.9,USD,MT,8665.559083758462,698.56,78609.0
2021-05-26,US,Paradip,Panamax,45.71,USD,MT,6768.704626216119,527.09,130292.94
2021-05-27,Indonesia,Paradip,Supramax,59.56,USD,MT,4790.5010649462365,722.21,105617.09
2021-05-27,Indonesia,Paradip,Supramax,48.69,USD,MT,9281.775805576754,744.65,139567.6
2021-05-27,Indonesia,Paradip,Supramax,54.44,USD,MT,6399.190556129551,540.13,126182.17
2021-05-27,US,Paradip,Capesize,36.17,USD,MT,9076.290180601754,656.77,75359.29
2021-05-27,US,Paradip,Capesize,35.84,USD,MT,6844.400898348929,530.91,145638.68
2021-05-28,Australia,Paradip,Supramax,57.11,USD,MT,4014.021173224529,569.4,132570.21
2021-05-28,Indonesia,Paradip,Panamax,50.27,USD,MT,5159.621348584338,753.07,125035.45
2021-05-28,Mozambique,Paradip,Panamax,48.7,USD,MT,8040.640295679749,406.15,127060.99
2021-05-28,Russia,Paradip,Supramax,56.32,USD,MT,3092.87313915513,795.5,93548.4
2021-05-28,US,Paradip,Panamax,48.9,USD,MT,3089.032873823908,513.62,100683.73
2021-05-29,Australia,Paradip,Panamax,43.05,USD,MT,8727.071533023276,720.65,75908.83
2021-05-29,Indonesia,Paradip,Panamax,46.69,USD,MT,5826.824926960308,748.37,68231.61
2021-05-29,Mozambique,Paradip,Supramax,50.22,USD,MT,6740.3168549986485,472.73,101258.59
2021-05-29,US,Paradip,Panamax,46.96,USD,MT,5559.985769656734,405.29,120340.88
2021-05-29,US,Paradip,Supramax,52.43,USD,MT,6308.081764321347,641.96,127847.71
2021-05-30,Australia,Paradip,Capesize,35.05,USD,MT,7612.593423018333,769.78,80061.25
2021-05-30,Indonesia,Paradip,Capesize,37.69,USD,MT,6563.518676840842,520.14,122315.09
2021-05-30,Mozambique,Paradip,Capesize,32.59,USD,MT,8949.817152978216,787.98,135978.84
2021-05-30,Russia,Paradip,Capesize,34.9,USD,MT,5697.4821836155,795.99,65085.97
2021-05-30,US,Paradip,Supramax,52.31,USD,MT,9792.261378820134,589.26,85687.64
2021-05-31,Australia,Paradip,Supramax,55.13,USD,MT,6258.103047151228,631.89,63634.25
2021-05-31,Russia,Paradip,Capesize,36.49,USD,MT,5087.86493082256,601.4,70790.62
2021-05-31,Russia,Paradip,Supramax,54.53,USD,MT,3843.297137764567,660.37,74011.41
2021-05-31,Russia,Paradip,Supramax,59.74,USD,MT,7355.442017282307,651.5,114602.55
2021-05-31,US,Paradip,Capesize,30.62,USD,MT,7569.136528238524,478.92,143018.86
2021-06-01,Australia,Paradip,Capesize,36.82,USD,MT,8157.950849769268,495.63,59771.19
2021-06-01,Australia,Paradip,Supramax,53.04,USD,MT,6416.990388971659,628.34,92916.01
2021-06-01,Indonesia,Paradip,Panamax,38.18,USD,MT,5122.039583344484,438.9,120255.63
2021-06-01,Mozambique,Paradip,Capesize,34.63,USD,MT,5155.091749319332,400.27,78976.78
2021-06-01,US,Paradip,Panamax,40.2,USD,MT,3282.082396832119,796.69,76123.33
2021-06-02,Australia,Paradip,Panamax,48.92,USD,MT,4865.325256545792,533.21,140488.16
2021-06-02,Indonesia,Paradip,Panamax,42.87,USD,MT,3151.899391206499,561.35,61699.61
2021-06-02,Indonesia,Paradip,Supramax,53.96,USD,MT,8791.442030082362,573.24,60347.11
2021-06-02,Mozambique,Paradip,Capesize,38.24,USD,MT,7904.805132948304,574.81,96097.35
2021-06-02,Mozambique,Paradip,Supramax,50.78,USD,MT,3996.111352217065,438.54,100073.9
2021-06-03,Australia,Paradip,Capesize,36.4,USD,MT,7255.615649455944,445.35,73383.95
2021-06-03,Australia,Paradip,Panamax,47.73,USD,MT,9449.967435781562,772.03,147921.78
2021-06-03,Indonesia,Paradip,Capesize,35.24,USD,MT,6175.982916450863,747.45,80209.51
2021-06-03,Mozambique,Paradip,Panamax,46.96,USD,MT,3137.7392406548383,657.24,60313.19
2021-06-03,US,Paradip,Supramax,55.7,USD,MT,9686.845077793709,470.02,111550.13
2021-06-04,Mozambique,Paradip,Capesize,34.17,USD,MT,6835.915926388929,577.68,135074.7
2021-06-04,Mozambique,Paradip,Supramax,56.23,USD,MT,6601.62531014967,655.9,74665.0
2021-06-04,Russia,Paradip,Capesize,36.88,USD,MT,9620.419669732724,694.08,87292.61
2021-06-04,Russia,Paradip,Supramax,54.29,USD,MT,6222.8729848672665,447.55,147936.32
2021-06-04,Russia,Paradip,Supramax,53.89,USD,MT,3030.2877377384457,693.46,98247.25
2021-06-05,Australia,Paradip,Capesize,38.38,USD,MT,3190.6656316395183,592.92,147430.93
2021-06-05,Australia,Paradip,Capesize,43.16,USD,MT,7398.13523146812,576.53,137060.54
2021-06-05,Mozambique,Paradip,Supramax,54.23,USD,MT,6730.9118671390825,552.35,77141.27
2021-06-05,Russia,Paradip,Panamax,47.24,USD,MT,8620.787225155416,644.4,61918.22
2021-06-05,Russia,Paradip,Supramax,56.75,USD,MT,5127.152576187309,551.57,115525.5
2021-06-06,Mozambique,Paradip,Panamax,44.17,USD,MT,4746.980770065459,556.96,122622.02
2021-06-06,Russia,Paradip,Capesize,33.89,USD,MT,6504.330000609789,497.89,129697.11
2021-06-06,US,Paradip,Capesize,34.46,USD,MT,4729.930917340099,552.0,142857.09
2021-06-06,US,Paradip,Capesize,35.03,USD,MT,5759.7368897875385,717.85,110221.94
2021-06-06,US,Paradip,Panamax,46.94,USD,MT,5561.853059333727,750.68,81248.24
2021-06-07,Australia,Paradip,Supramax,59.14,USD,MT,7612.759099028819,412.85,87871.98
2021-06-07,Australia,Paradip,Supramax,56.75,USD,MT,7148.752037235196,717.77,137036.53
2021-06-07,Mozambique,Paradip,Capesize,39.26,USD,MT,3483.689789402081,605.14,66224.38
2021-06-07,Mozambique,Paradip,Panamax,49.26,USD,MT,5265.085741613762,789.49,75440.35
2021-06-07,Russia,Paradip,Capesize,36.32,USD,MT,9283.335469713988,562.38,132888.92
2021-06-08,Australia,Paradip,Capesize,36.9,USD,MT,5929.920065745427,431.68,72128.34
2021-06-08,Indonesia,Paradip,Capesize,31.54,USD,MT,4174.3677673633965,538.25,116920.23
2021-06-08,Indonesia,Paradip,Panamax,44.4,USD,MT,3366.8219009806103,747.82,123993.44
2021-06-08,Russia,Paradip,Supramax,50.63,USD,MT,4893.971629981002,417.45,92890.41
2021-06-08,US,Paradip,Panamax,43.14,USD,MT,3364.7276801278567,636.6,137752.05
2021-06-09,Australia,Paradip,Capesize,32.83,USD,MT,5547.601339043384,537.71,76621.26
2021-06-09,Indonesia,Paradip,Supramax,56.52,USD,MT,6884.757181674411,415.3,79135.63
2021-06-09,Mozambique,Paradip,Capesize,32.46,USD,MT,6686.22399134164,600.05,104419.09
2021-06-09,Russia,Paradip,Supramax,59.86,USD,MT,6509.652332151718,717.41,82522.76
2021-06-09,US,Paradip,Supramax,54.75,USD,MT,6968.8742111064375,494.44,142952.59
2021-06-10,Indonesia,Paradip,Panamax,44.32,USD,MT,6012.1745804636885,521.34,81123.27
2021-06-10,Indonesia,Paradip,Panamax,41.54,USD,MT,4065.4900089061794,792.2,108370.56
2021-06-10,Indonesia,Paradip,Panamax,41.15,USD,MT,7591.179540029494,451.07,140856.43
2021-06-10,Mozambique,Paradip,Supramax,53.12,USD,MT,3312.7840905036232,572.64,115936.09
2021-06-10,US,Paradip,Supramax,50.96,USD,MT,4401.794818976597,527.35,119442.64
2021-06-11,Indonesia,Paradip,Panamax,38.74,USD,MT,9563.550636559885,590.54,91291.59
2021-06-11,Indonesia,Paradip,Panamax,43.67,USD,MT,8566.248866585265,512.59,142886.91
2021-06-11,Russia,Paradip,Panamax,45.31,USD,MT,8007.224314804374,427.03,85817.77
2021-06-11,US,Paradip,Panamax,42.49,USD,MT,7014.037830164223,620.59,51300.54
2021-06-11,US,Paradip,Panamax,44.79,USD,MT,8417.132261143905,703.36,136808.53
2021-06-12,Australia,Paradip,Capesize,26.36,USD,MT,9383.66775764737,632.12,125927.08
2021-06-12,Indonesia,Paradip,Capesize,31.1,USD,MT,9218.796908883734,665.55,121735.52
2021-06-12,Indonesia,Paradip,Panamax,52.07,USD,MT,5272.656171204324,576.02,111800.4
2021-06-12,Russia,Paradip,Panamax,42.37,USD,MT,9495.51336757138,465.04,74158.12
2021-06-12,Russia,Paradip,Supramax,54.75,USD,MT,6158.254364835049,580.09,81019.13
2021-06-13,Indonesia,Paradip,Capesize,31.81,USD,MT,6643.838729990899,456.08,141155.42
2021-06-13,Indonesia,Paradip,Capesize,36.93,USD,MT,3419.854440136217,694.92,133298.21
2021-06-13,Indonesia,Paradip,Supramax,51.25,USD,MT,9586.063829314831,529.24,63994.47
2021-06-13,Russia,Paradip,Capesize,33.84,USD,MT,7196.010288924076,602.22,146018.39
2021-06-13,US,Paradip,Supramax,49.96,USD,MT,6302.041236826755,537.15,118462.42
2021-06-14,Australia,Paradip,Capesize,30.4,USD,MT,6907.463253522883,589.37,93597.24
2021-06-14,Russia,Paradip,Panamax,41.31,USD,MT,3359.662332625668,691.97,95909.4
2021-06-14,US,Paradip,Capesize,28.78,USD,MT,6245.6820162867225,564.4,142026.65
2021-06-14,US,Paradip,Panamax,49.76,USD,MT,6330.519249294546,560.94,129841.42
2021-06-14,US,Paradip,Supramax,52.53,USD,MT,3729.92254591216,604.06,102042.41
2021-06-15,Australia,Paradip,Panamax,46.9,USD,MT,3837.251670851263,713.48,51715.64
2021-06-15,Mozambique,Paradip,Capesize,33.27,USD,MT,7061.303974380954,728.72,85017.99
2021-06-15,Russia,Paradip,Panamax,48.49,USD,MT,7454.781850030504,588.19,70840.66
2021-06-15,Russia,Paradip,Panamax,42.13,USD,MT,6012.330489221536,494.48,88758.4
2021-06-15,Russia,Paradip,Panamax,41.27,USD,MT,5034.131705320073,763.04,56118.19
2021-06-16,Australia,Paradip,Capesize,32.91,USD,MT,6165.53471566233,695.48,109030.47
2021-06-16,Australia,Paradip,Capesize,32.71,USD,MT,7325.902558696048,762.73,103045.29
2021-06-16,Russia,Paradip,Capesize,33.49,USD,MT,3525.3966624082086,763.96,91971.54
2021-06-16,US,Paradip,Capesize,32.03,USD,MT,4079.448048755291,610.98,131046.27
2021-06-16,US,Paradip,Panamax,45.05,USD,MT,7102.785841944714,740.91,75169.44
2021-06-17,Australia,Paradip,Capesize,34.18,USD,MT,6563.748412221396,473.18,103622.75
2021-06-17,Indonesia,Paradip,Panamax,42.22,USD,MT,3649.755958500117,668.52,94156.52
2021-06-17,Indonesia,Paradip,Panamax,40.84,USD,MT,4325.312191474342,429.57,107182.48
2021-06-17,Mozambique,Paradip,Capesize,29.21,USD,MT,5230.881293034418,728.25,94527.02
2021-06-17,Mozambique,Paradip,Panamax,41.1,USD,MT,8278.928553162812,614.4,51062.08
2021-06-18,Indonesia,Paradip,Capesize,29.98,USD,MT,5058.102641948798,427.98,68141.91
2021-06-18,Mozambique,Paradip,Capesize,29.72,USD,MT,8062.789388029884,513.2,146486.16
2021-06-18,Mozambique,Paradip,Panamax,44.58,USD,MT,5193.607227478537,431.48,60969.94
2021-06-18,Russia,Paradip,Supramax,47.29,USD,MT,9623.866460924386,483.16,136631.65
2021-06-18,US,Paradip,Supramax,51.34,USD,MT,6291.529304706883,473.0,109086.76
2021-06-19,Australia,Paradip,Capesize,31.64,USD,MT,9409.265226234758,782.18,98904.94
2021-06-19,Australia,Paradip,Supramax,55.94,USD,MT,8292.423752244667,576.8,108671.32
2021-06-19,Mozambique,Paradip,Panamax,42.83,USD,MT,9668.772368199205,568.78,118810.44
2021-06-19,Mozambique,Paradip,Supramax,49.46,USD,MT,3128.599596007938,463.73,57879.18
2021-06-19,Russia,Paradip,Panamax,46.13,USD,MT,8003.772532551048,677.65,63830.77
2021-06-20,Australia,Paradip,Supramax,56.61,USD,MT,7940.729238398007,400.06,135679.68
2021-06-20,Indonesia,Paradip,Panamax,46.12,USD,MT,8941.370189389576,494.69,134959.72
2021-06-20,Mozambique,Paradip,Supramax,52.22,USD,MT,5291.622339035828,414.79,139812.18
2021-06-20,Mozambique,Paradip,Supramax,55.6,USD,MT,9279.879873784776,706.6,83880.22
2021-06-20,US,Paradip,Supramax,48.93,USD,MT,8758.521549169564,418.78,83111.43
2021-06-21,Indonesia,Paradip,Supramax,48.51,USD,MT,3164.645160055432,619.34,52389.38
2021-06-21,Mozambique,Paradip,Panamax,41.85,USD,MT,5379.40046148789,472.66,106987.93
2021-06-21,Mozambique,Paradip,Supramax,50.23,USD,MT,6849.739469060726,553.97,139496.66
2021-06-21,Russia,Paradip,Panamax,38.3,USD,MT,4614.931146450503,475.75,145983.99
2021-06-21,US,Paradip,Capesize,31.47,USD,MT,5802.4372462731735,573.41,118565.6
2021-06-22,Australia,Paradip,Capesize,30.52,USD,MT,3898.987654493135,691.42,102107.23
2021-06-22,Mozambique,Paradip,Capesize,28.3,USD,MT,9371.037750604111,426.98,52523.81
2021-06-22,Russia,Paradip,Supramax,49.76,USD,MT,9768.0974668789,798.04,116948.61
2021-06-22,US,Paradip,Panamax,42.97,USD,MT,6940.77880068922,457.38,136069.66
2021-06-22,US,Paradip,Supramax,55.44,USD,MT,9739.15360474549,596.55,110785.18
2021-06-23,Australia,Paradip,Capesize,32.25,USD,MT,9146.846154979448,646.29,56661.61
2021-06-23,Australia,Paradip,Panamax,43.03,USD,MT,7374.720763258018,661.1,73263.38
2021-06-23,Australia,Paradip,Panamax,38.73,USD,MT,6574.10497468683,470.17,78080.3
2021-06-23,Indonesia,Paradip,Supramax,50.07,USD,MT,4970.678174536253,494.41,62549.98
2021-06-23,Russia,Paradip,Panamax,46.47,USD,MT,6257.352181740562,485.5,82617.74
2021-06-24,Australia,Paradip,Capesize,33.13,USD,MT,6290.718794437796,716.6,77795.66
2021-06-24,Mozambique,Paradip,Panamax,41.76,USD,MT,7730.23152502486,692.45,87747.75
2021-06-24,Russia,Paradip,Capesize,37.51,USD,MT,6865.662094672964,491.42,52877.08
2021-06-24,US,Paradip,Capesize,31.03,USD,MT,6929.586215329481,469.77,128488.78
2021-06-24,US,Paradip,Panamax,42.43,USD,MT,8144.9265262369345,523.65,82689.65
2021-06-25,Australia,Paradip,Capesize,27.55,USD,MT,8078.667298210846,484.62,136730.99
2021-06-25,Australia,Paradip,Supramax,54.03,USD,MT,4123.373593221516,634.21,60129.77
2021-06-25,Indonesia,Paradip,Supramax,57.56,USD,MT,5298.984584635168,628.05,88938.63
2021-06-25,US,Paradip,Capesize,33.36,USD,MT,7067.521816907717,726.47,127930.01
2021-06-25,US,Paradip,Supramax,52.28,USD,MT,3999.412697053692,775.31,148300.93
2021-06-26,Australia,Paradip,Panamax,43.23,USD,MT,4999.591451030605,443.42,66781.64
2021-06-26,Indonesia,Paradip,Capesize,31.28,USD,MT,3263.9103012208125,638.38,128198.66
2021-06-26,Mozambique,Paradip,Capesize,26.67,USD,MT,6398.1283197688,720.81,91253.29
2021-06-26,Mozambique,Paradip,Panamax,38.52,USD,MT,8046.538882378458,614.25,103415.46
2021-06-26,Russia,Paradip,Capesize,31.57,USD,MT,8856.362959821332,706.79,88384.75
2021-06-27,Indonesia,Paradip,Panamax,34.79,USD,MT,3793.412401049351,534.17,74261.13
2021-06-27,Russia,Paradip,Capesize,29.8,USD,MT,8895.63959440207,412.66,51612.72
2021-06-27,Russia,Paradip,Supramax,57.78,USD,MT,9716.417971467108,446.86,104040.12
2021-06-27,Russia,Paradip,Supramax,55.69,USD,MT,6226.146229391666,451.63,110679.95
2021-06-27,US,Paradip,Panamax,43.94,USD,MT,7815.251692387549,595.31,110828.35
2021-06-28,Indonesia,Paradip,Capesize,29.34,USD,MT,8426.49664034758,754.84,111649.31
2021-06-28,Indonesia,Paradip,Panamax,45.35,USD,MT,7561.248465763254,566.29,87077.8
2021-06-28,Mozambique,Paradip,Capesize,32.48,USD,MT,7970.440088501256,479.7,115307.33
2021-06-28,Mozambique,Paradip,Panamax,38.46,USD,MT,4944.986232434521,724.57,137582.39
2021-06-28,US,Paradip,Supramax,48.68,USD,MT,9392.340107322616,610.52,106416.54
2021-06-29,Australia,Paradip,Capesize,34.38,USD,MT,6365.3697548991,520.85,50292.92
2021-06-29,Australia,Paradip,Panamax,38.76,USD,MT,8282.49927081892,487.3,78642.62
2021-06-29,Indonesia,Paradip,Panamax,42.19,USD,MT,3140.737062069501,714.79,51249.93
2021-06-29,Mozambique,Paradip,Capesize,31.48,USD,MT,4352.712053374785,651.91,92077.04
2021-06-29,US,Paradip,Panamax,36.01,USD,MT,7403.439200784098,512.41,80975.81
2021-06-30,Australia,Paradip,Supramax,48.78,USD,MT,7121.742129024189,685.92,123083.35
2021-06-30,Indonesia,Paradip,Supramax,43.39,USD,MT,3521.882205398724,468.14,92475.34
2021-06-30,Mozambique,Paradip,Supramax,51.93,USD,MT,4497.703590208984,618.48,105650.04
2021-06-30,Russia,Paradip,Panamax,41.35,USD,MT,9098.967680148362,722.0,105077.72
2021-06-30,US,Paradip,Supramax,46.32,USD,MT,3725.429687232543,620.43,98454.38
2021-07-01,Mozambique,Paradip,Capesize,25.79,USD,MT,7601.388157878929,763.06,117223.05
2021-07-01,Mozambique,Paradip,Supramax,44.33,USD,MT,3725.3307268592175,690.25,98903.62
2021-07-01,Mozambique,Paradip,Supramax,46.47,USD,MT,8634.482670640713,428.59,70607.79
2021-07-01,Russia,Paradip,Panamax,36.49,USD,MT,6757.9790559989,783.41,136039.34
2021-07-01,US,Paradip,Capesize,34.45,USD,MT,6377.651139026864,409.06,107616.18
2021-07-02,Australia,Paradip,Panamax,39.28,USD,MT,9073.88198089039,563.27,145677.95
2021-07-02,Australia,Paradip,Supramax,47.9,USD,MT,3718.929600917938,657.38,103228.74
2021-07-02,Indonesia,Paradip,Panamax,40.05,USD,MT,7876.410739813565,492.9,62012.12
2021-07-02,US,Paradip,Capesize,30.06,USD,MT,9933.940532057564,568.6,119929.22
2021-07-02,US,Paradip,Capesize,28.11,USD,MT,5689.997308157863,471.99,146890.47
2021-07-03,Mozambique,Paradip,Panamax,43.72,USD,MT,8149.169234785858,623.91,82150.03
2021-07-03,Mozambique,Paradip,Supramax,52.52,USD,MT,6611.34826058241,501.21,85229.5
2021-07-03,Mozambique,Paradip,Supramax,49.19,USD,MT,4625.6651698765445,661.41,141488.81
2021-07-03,Russia,Paradip,Supramax,46.51,USD,MT,4443.603191904243,656.1,144583.49
2021-07-03,US,Paradip,Supramax,50.24,USD,MT,6362.472909630924,523.32,82200.19
2021-07-04,Indonesia,Paradip,Panamax,41.97,USD,MT,4507.983472396034,530.55,104019.44
2021-07-04,Indonesia,Paradip,Panamax,40.58,USD,MT,8664.59316590448,774.85,125071.75
2021-07-04,Indonesia,Paradip,Panamax,40.74,USD,MT,4982.502485522185,519.04,125013.16
2021-07-04,US,Paradip,Supramax,49.54,USD,MT,7817.621147477397,705.2,132407.65
2021-07-04,US,Paradip,Supramax,48.45,USD,MT,5403.308476861705,550.55,132778.47
2021-07-05,Australia,Paradip,Panamax,35.68,USD,MT,6222.946662265103,687.55,108890.94
2021-07-05,Indonesia,Paradip,Capesize,30.69,USD,MT,3457.1429549563627,515.34,121412.28
2021-07-05,Indonesia,Paradip,Supramax,51.62,USD,MT,7236.47867207286,759.78,104290.43
2021-07-05,Russia,Paradip,Supramax,47.83,USD,MT,8335.003047980776,592.52,52437.2
2021-07-05,US,Paradip,Supramax,48.95,USD,MT,4632.463472385474,592.98,127499.43
2021-07-06,Australia,Paradip,Supramax,44.53,USD,MT,3656.4844169898615,592.56,104609.6
2021-07-06,Mozambique,Paradip,Panamax,42.47,USD,MT,6949.970347771714,655.84,96120.94
2021-07-06,Mozambique,Paradip,Panamax,40.12,USD,MT,6707.193000600119,413.45,94822.58
2021-07-06,Russia,Paradip,Capesize,27.31,USD,MT,9772.224162341789,484.84,102183.99
2021-07-06,Russia,Paradip,Panamax,37.96,USD,MT,8676.50786166328,741.24,64774.05
2021-07-07,Australia,Paradip,Panamax,36.95,USD,MT,8999.588635209053,704.53,120552.05
2021-07-07,Indonesia,Paradip,Panamax,40.59,USD,MT,8610.796993637196,410.09,109589.08
2021-07-07,Indonesia,Paradip,Supramax,48.49,USD,MT,7867.744444352174,622.55,120727.5
2021-07-07,Mozambique,Paradip,Supramax,50.42,USD,MT,4164.363911367575,470.12,121912.11
2021-07-07,Russia,Paradip,Supramax,52.66,USD,MT,9285.933029779728,730.34,98437.74
2021-07-08,Australia,Paradip,Panamax,39.97,USD,MT,5909.969675866245,534.13,61309.37
2021-07-08,Indonesia,Paradip,Supramax,46.83,USD,MT,5336.923238216314,402.27,104003.2
2021-07-08,Mozambique,Paradip,Capesize,23.59,USD,MT,8455.402493041303,617.67,76399.15
2021-07-08,Russia,Paradip,Capesize,29.04,USD,MT,7565.374748468055,636.0,105917.76
2021-07-08,US,Paradip,Panamax,37.4,USD,MT,3025.761713841358,601.68,72021.49
2021-07-09,Australia,Paradip,Panamax,45.69,USD,MT,5149.799851211453,471.92,78765.42
2021-07-09,Indonesia,Paradip,Panamax,36.92,USD,MT,8355.635598854637,664.74,97832.1
2021-07-09,Mozambique,Paradip,Capesize,24.68,USD,MT,7317.221885459463,769.06,63655.85
2021-07-09,Russia,Paradip,Capesize,30.54,USD,MT,8372.311021122636,511.45,76597.23
2021-07-09,Russia,Paradip,Panamax,37.39,USD,MT,6949.6697038060265,634.92,68466.64
2021-07-10,Australia,Paradip,Supramax,50.68,USD,MT,3574.753803363804,440.71,110271.97
2021-07-10,Indonesia,Paradip,Panamax,38.44,USD,MT,3363.9442671246525,719.21,71602.67
2021-07-10,Indonesia,Paradip,Supramax,45.97,USD,MT,9630.994644638104,442.56,141749.83
2021-07-10,Indonesia,Paradip,Supramax,51.8,USD,MT,8025.590281470131,410.55,74641.31
2021-07-10,Mozambique,Paradip,Panamax,35.92,USD,MT,5585.029041626241,757.91,64317.36
2021-07-11,Australia,Paradip,Capesize,26.38,USD,MT,4894.641159553313,429.47,64002.78
2021-07-11,Mozambique,Paradip,Panamax,35.65,USD,MT,8967.792545556002,593.8,57394.65
2021-07-11,US,Paradip,Capesize,32.11,USD,MT,3408.005728029766,519.92,62785.92
2021-07-11,US,Paradip,Capesize,27.33,USD,MT,6287.074069584573,711.14,68823.39
2021-07-11,US,Paradip,Panamax,38.1,USD,MT,6768.7658120009455,551.62,81435.52
2021-07-12,Mozambique,Paradip,Panamax,36.82,USD,MT,4502.466840001438,720.33,56963.43
2021-07-12,Mozambique,Paradip,Supramax,49.64,USD,MT,6505.842972062519,677.14,78103.13
2021-07-12,Russia,Paradip,Capesize,24.77,USD,MT,9198.096350884603,463.7,76090.54
2021-07-12,Russia,Paradip,Supramax,43.75,USD,MT,6425.443853863451,474.78,118795.4
2021-07-12,US,Paradip,Panamax,38.16,USD,MT,7150.018468173126,721.65,142310.42
2021-07-13,Australia,Paradip,Capesize,28.66,USD,MT,9180.97238948078,496.5,131229.56
2021-07-13,Australia,Paradip,Panamax,39.13,USD,MT,8213.872983886538,517.4,141471.89
2021-07-13,Australia,Paradip,Supramax,44.4,USD,MT,5856.304143599213,557.28,69401.77
2021-07-13,Indonesia,Paradip,Panamax,38.62,USD,MT,8308.404283693966,768.27,74724.26
2021-07-13,Russia,Paradip,Panamax,39.39,USD,MT,7297.0185479707325,535.89,109996.81
2021-07-14,Australia,Paradip,Supramax,51.07,USD,MT,6905.806722623189,724.68,112182.85
2021-07-14,Mozambique,Paradip,Capesize,29.57,USD,MT,7068.239135773735,469.14,141835.87
2021-07-14,Russia,Paradip,Capesize,29.34,USD,MT,4665.961148494225,669.79,66571.33
2021-07-14,Russia,Paradip,Supramax,47.07,USD,MT,5272.950215289244,731.82,140540.92
2021-07-14,US,Paradip,Panamax,37.09,USD,MT,3004.18439304631,401.29,118988.56
2021-07-15,Indonesia,Paradip,Supramax,55.89,USD,MT,5388.133256966124,520.78,89022.51
2021-07-15,Russia,Paradip,Capesize,28.32,USD,MT,7069.088404831188,661.52,103916.07
2021-07-15,Russia,Paradip,Capesize,27.63,USD,MT,3160.322233590401,544.19,119550.43
2021-07-15,Russia,Paradip,Supramax,54.82,USD,MT,4707.232343231808,511.1,149303.64
2021-07-15,Russia,Paradip,Supramax,44.5,USD,MT,7350.517701709832,773.55,141454.94
2021-07-16,Mozambique,Paradip,Panamax,39.58,USD,MT,8031.437607850965,483.78,103028.13
2021-07-16,Russia,Paradip,Panamax,37.96,USD,MT,4863.22947705731,662.71,89068.33
2021-07-16,Russia,Paradip,Panamax,38.93,USD,MT,9060.671332582686,444.15,139965.68
2021-07-16,US,Paradip,Capesize,26.19,USD,MT,8433.168607884925,547.56,71132.54
2021-07-16,US,Paradip,Panamax,36.83,USD,MT,6547.080142074952,455.28,145114.84
2021-07-17,Indonesia,Paradip,Panamax,34.74,USD,MT,7039.760139981065,572.66,146836.62
2021-07-17,Mozambique,Paradip,Panamax,38.52,USD,MT,6926.526338243368,506.71,97081.2
2021-07-17,Russia,Paradip,Panamax,40.49,USD,MT,5685.251457568147,653.06,80718.39
2021-07-17,Russia,Paradip,Panamax,40.13,USD,MT,8705.82282017199,784.95,71267.72
2021-07-17,US,Paradip,Supramax,46.75,USD,MT,9679.691587159028,466.35,66709.12
2021-07-18,Australia,Paradip,Capesize,34.28,USD,MT,9043.396744915866,582.66,93948.09
2021-07-18,Indonesia,Paradip,Capesize,26.41,USD,MT,5519.068297876983,575.46,131125.44
2021-07-18,Indonesia,Paradip,Supramax,46.22,USD,MT,8722.136257011425,553.77,103806.71
2021-07-18,Mozambique,Paradip,Panamax,36.37,USD,MT,4176.0601036471935,534.08,127119.18
2021-07-18,US,Paradip,Supramax,47.06,USD,MT,9042.368482850385,660.27,128855.72
2021-07-19,Australia,Paradip,Panamax,35.89,USD,MT,6885.55979606288,760.73,142379.51
2021-07-19,Australia,Paradip,Supramax,51.53,USD,MT,4538.079146975892,407.98,85136.1
2021-07-19,Indonesia,Paradip,Supramax,50.87,USD,MT,8813.607209923426,599.89,129623.3
2021-07-19,Mozambique,Paradip,Supramax,44.6,USD,MT,5535.4397283202525,521.58,144682.45
2021-07-19,Russia,Paradip,Capesize,32.44,USD,MT,5721.255420123831,651.16,133072.51
2021-07-20,Indonesia,Paradip,Supramax,44.85,USD,MT,9117.557556183076,627.79,146694.87
2021-07-20,Mozambique,Paradip,Supramax,45.91,USD,MT,6665.440680553131,556.19,56249.46
2021-07-20,Russia,Paradip,Supramax,45.4,USD,MT,7298.548905987439,558.97,142195.66
2021-07-20,US,Paradip,Supramax,53.07,USD,MT,6442.778949917938,707.86,61102.84
2021-07-20,US,Paradip,Supramax,47.28,USD,MT,6362.863698337946,707.65,87102.63
2021-07-21,Mozambique,Paradip,Capesize,28.66,USD,MT,8505.305347238645,557.72,121086.19
2021-07-21,Mozambique,Paradip,Panamax,35.79,USD,MT,7663.862800954114,633.48,72388.32
2021-07-21,Mozambique,Paradip,Panamax,38.41,USD,MT,3699.229910378858,633.1,141833.51
2021-07-21,Mozambique,Paradip,Panamax,38.27,USD,MT,8481.599969298593,533.59,74032.56
2021-07-21,US,Paradip,Supramax,44.86,USD,MT,4003.008942320173,400.62,69130.67
2021-07-22,Australia,Paradip,Capesize,30.56,USD,MT,3581.7092539730697,636.48,71263.23
2021-07-22,Australia,Paradip,Supramax,47.79,USD,MT,5814.225546703232,581.58,60613.64
2021-07-22,Australia,Paradip,Supramax,46.3,USD,MT,3009.40157173392,511.12,56375.77
2021-07-22,Mozambique,Paradip,Capesize,28.25,USD,MT,3593.7898338012665,402.89,125118.55
2021-07-22,Mozambique,Paradip,Supramax,49.61,USD,MT,6239.618411528876,680.27,64075.86
2021-07-23,Australia,Paradip,Capesize,26.23,USD,MT,6554.757696911152,748.12,135032.35
2021-07-23,Russia,Paradip,Capesize,29.01,USD,MT,4264.827091695603,673.3,133537.73
2021-07-23,Russia,Paradip,Panamax,36.18,USD,MT,8635.775431453181,401.02,143838.62
2021-07-23,Russia,Paradip,Supramax,47.85,USD,MT,5273.394726765504,403.35,134100.12
2021-07-23,Russia,Paradip,Supramax,46.44,USD,MT,9572.352476240998,523.09,62716.92
2021-07-24,Australia,Paradip,Panamax,40.79,USD,MT,9329.324992255357,632.65,73145.86
2021-07-24,Australia,Paradip,Supramax,43.58,USD,MT,8703.517668035958,793.4,109058.85
2021-07-24,Russia,Paradip,Supramax,48.11,USD,MT,8996.922881354216,705.53,50976.46
2021-07-24,US,Paradip,Capesize,29.9,USD,MT,9389.613614234891,524.27,62865.06
2021-07-24,US,Paradip,Panamax,37.3,USD,MT,8751.293920665188,740.2,125005.58
2021-07-25,Australia,Paradip,Panamax,37.6,USD,MT,8459.933950334947,607.16,139013.27
2021-07-25,Indonesia,Paradip,Supramax,40.44,USD,MT,9196.651241974276,751.86,119834.33
2021-07-25,Russia,Paradip,Panamax,30.86,USD,MT,7188.341521711895,525.7,77351.05
2021-07-25,Russia,Paradip,Supramax,44.82,USD,MT,5354.341782702679,532.62,116064.56
2021-07-25,US,Paradip,Supramax,41.77,USD,MT,4523.032044520189,526.7,75951.48
2021-07-26,Australia,Paradip,Capesize,29.2,USD,MT,4863.418257163812,784.64,139127.1
2021-07-26,Indonesia,Paradip,Capesize,21.04,USD,MT,6247.906897075862,485.39,75457.25
2021-07-26,Indonesia,Paradip,Supramax,44.45,USD,MT,9277.45990990004,625.81,105475.9
2021-07-26,Mozambique,Paradip,Capesize,25.12,USD,MT,3011.4522289342804,768.5,77952.01
2021-07-26,US,Paradip,Panamax,36.71,USD,MT,4531.739625760107,787.37,60126.36
2021-07-27,Australia,Paradip,Capesize,26.5,USD,MT,7781.634673237105,535.94,57694.13
2021-07-27,Indonesia,Paradip,Capesize,17.93,USD,MT,7616.845215322727,406.66,67693.69
2021-07-27,Indonesia,Paradip,Capesize,22.83,USD,MT,5902.463451452233,633.58,67701.24
2021-07-27,Russia,Paradip,Capesize,25.44,USD,MT,5847.438601751365,730.06,147001.47
2021-07-27,US,Paradip,Supramax,44.08,USD,MT,8635.280281490035,612.03,62274.42
2021-07-28,Australia,Paradip,Supramax,45.04,USD,MT,8058.272911093398,583.98,114357.11
2021-07-28,Australia,Paradip,Supramax,46.88,USD,MT,5894.134707288422,544.37,142066.44
2021-07-28,Australia,Paradip,Supramax,50.59,USD,MT,8163.055904188396,431.01,65636.07
2021-07-28,Indonesia,Paradip,Capesize,24.0,USD,MT,9733.29867583018,767.69,140275.73
2021-07-28,Indonesia,Paradip,Panamax,35.73,USD,MT,5637.912139824405,447.0,108892.03
2021-07-29,Indonesia,Paradip,Capesize,24.97,USD,MT,6204.685771771248,452.64,131051.26
2021-07-29,Indonesia,Paradip,Supramax,42.22,USD,MT,8564.782960796238,798.31,112213.95
2021-07-29,Mozambique,Paradip,Panamax,37.2,USD,MT,6700.440842131644,759.69,96990.59
2021-07-29,Mozambique,Paradip,Panamax,33.17,USD,MT,7130.187155987328,578.09,132870.98
2021-07-29,Russia,Paradip,Panamax,38.86,USD,MT,5019.877582967484,459.01,123295.99
2021-07-30,Australia,Paradip,Capesize,29.63,USD,MT,8040.228332303962,558.37,55455.36
2021-07-30,Australia,Paradip,Supramax,45.19,USD,MT,3523.6100965569767,417.4,79338.86
2021-07-30,Australia,Paradip,Supramax,46.56,USD,MT,7482.600174073465,469.29,140000.46
2021-07-30,Indonesia,Paradip,Capesize,26.26,USD,MT,8941.926682040386,703.96,138264.82
2021-07-30,US,Paradip,Capesize,27.15,USD,MT,3015.1116390315733,788.5,149784.2
2021-07-31,Australia,Paradip,Capesize,21.47,USD,MT,6308.816715183081,646.97,133351.86
2021-07-31,Indonesia,Paradip,Capesize,23.56,USD,MT,9714.401540065395,670.92,102422.84
2021-07-31,Mozambique,Paradip,Supramax,41.57,USD,MT,7908.397696347057,670.92,128016.78
2021-07-31,Russia,Paradip,Supramax,43.81,USD,MT,9752.690446724602,509.54,59280.38
2021-07-31,Russia,Paradip,Supramax,48.65,USD,MT,7269.623359480967,665.39,72732.43
2021-08-01,Mozambique,Paradip,Capesize,29.47,USD,MT,3450.090633851032,556.22,97936.13
2021-08-01,Mozambique,Paradip,Panamax,37.51,USD,MT,7254.116790107168,591.96,129810.34
2021-08-01,US,Paradip,Capesize,30.03,USD,MT,4984.159981519775,706.66,50195.66
2021-08-01,US,Paradip,Capesize,22.32,USD,MT,8802.869459470487,422.95,134753.07
2021-08-01,US,Paradip,Panamax,38.64,USD,MT,9096.080163706996,696.39,114097.04
2021-08-02,Australia,Paradip,Capesize,24.95,USD,MT,6800.727918122157,707.87,103488.72
2021-08-02,Australia,Paradip,Capesize,23.83,USD,MT,3033.6182323735457,484.57,70846.94
2021-08-02,Australia,Paradip,Panamax,41.76,USD,MT,6275.028456562275,736.66,127984.67
2021-08-02,Australia,Paradip,Panamax,39.44,USD,MT,7545.108789613503,599.93,146155.59
2021-08-02,Australia,Paradip,Supramax,49.09,USD,MT,5304.634188647882,484.07,102596.68
2021-08-03,Australia,Paradip,Capesize,24.23,USD,MT,4885.172915526437,630.09,77265.41
2021-08-03,Indonesia,Paradip,Capesize,22.09,USD,MT,7390.867697781714,519.97,89661.56
2021-08-03,Indonesia,Paradip,Panamax,35.25,USD,MT,8111.00325925481,485.1,105844.64
2021-08-03,Russia,Paradip,Capesize,27.44,USD,MT,7005.474994456232,601.08,124460.9
2021-08-03,US,Paradip,Supramax,45.16,USD,MT,7316.447581606341,599.74,52698.13
2021-08-04,Australia,Paradip,Panamax,29.74,USD,MT,5798.144005576534,521.42,136959.74
2021-08-04,Mozambique,Paradip,Capesize,22.64,USD,MT,9546.950801314004,440.24,134713.94
2021-08-04,Russia,Paradip,Capesize,20.12,USD,MT,5041.023203828378,795.24,107939.92
2021-08-04,Russia,Paradip,Capesize,22.18,USD,MT,4174.117143819354,462.07,94726.07
2021-08-04,US,Paradip,Supramax,44.76,USD,MT,8903.419799202184,574.57,69697.55
2021-08-05,Australia,Paradip,Capesize,23.5,USD,MT,8844.766703290436,414.95,130478.17
2021-08-05,Australia,Paradip,Panamax,31.22,USD,MT,5904.107535670693,602.42,113332.95
2021-08-05,Australia,Paradip,Panamax,32.99,USD,MT,6542.946631498033,570.2,62490.1
2021-08-05,Mozambique,Paradip,Panamax,32.64,USD,MT,6885.857607080763,450.98,146803.16
2021-08-05,Mozambique,Paradip,Supramax,44.75,USD,MT,5201.63824587301,635.88,104776.24
2021-08-06,Australia,Paradip,Supramax,42.74,USD,MT,5931.346967427342,431.55,69564.58
2021-08-06,Australia,Paradip,Supramax,47.96,USD,MT,6205.500821002373,485.01,79302.48
2021-08-06,Mozambique,Paradip,Capesize,30.01,USD,MT,7744.914698997611,754.51,95507.71
2021-08-06,Mozambique,Paradip,Supramax,40.63,USD,MT,5554.0346553607815,609.4,50888.85
2021-08-06,US,Paradip,Capesize,33.93,USD,MT,9904.708984836809,650.74,102912.04
2021-08-07,Australia,Paradip,Supramax,48.16,USD,MT,9607.388744221744,530.81,86865.65
2021-08-07,Indonesia,Paradip,Capesize,29.91,USD,MT,8729.029797664127,582.91,52455.02
2021-08-07,Indonesia,Paradip,Supramax,40.97,USD,MT,7629.094354000656,539.13,82689.46
2021-08-07,Mozambique,Paradip,Supramax,43.98,USD,MT,6375.451395658382,460.7,72730.63
2021-08-07,Mozambique,Paradip,Supramax,46.23,USD,MT,6509.669603549279,560.49,143898.06
2021-08-08,Australia,Paradip,Panamax,32.79,USD,MT,8390.819974438935,546.24,69641.63
2021-08-08,Australia,Paradip,Supramax,42.4,USD,MT,5500.479636738246,436.82,64763.58
2021-08-08,Indonesia,Paradip,Capesize,22.47,USD,MT,4032.557672228232,673.64,96688.92
2021-08-08,Mozambique,Paradip,Panamax,31.98,USD,MT,3513.249178067128,604.23,71000.06
2021-08-08,Mozambique,Paradip,Supramax,43.67,USD,MT,8777.615830551953,587.1,115848.79
2021-08-09,Australia,Paradip,Panamax,33.76,USD,MT,3010.990434448045,473.42,149531.1
2021-08-09,Indonesia,Paradip,Panamax,31.88,USD,MT,5894.218062868724,563.97,93508.43
2021-08-09,Russia,Paradip,Panamax,33.21,USD,MT,6936.978158835538,735.81,98282.39
2021-08-09,US,Paradip,Capesize,23.71,USD,MT,5985.932237945854,538.29,100276.08
2021-08-09,US,Paradip,Panamax,28.85,USD,MT,7407.989060543873,621.7,68441.78
2021-08-10,Australia,Paradip,Capesize,19.15,USD,MT,7101.918552461617,466.22,135488.73
2021-08-10,Mozambique,Paradip,Panamax,34.29,USD,MT,3958.500789219667,677.65,103002.44
2021-08-10,Russia,Paradip,Capesize,23.61,USD,MT,8672.943065215693,707.32,101670.24
2021-08-10,Russia,Paradip,Panamax,34.81,USD,MT,3916.657404254274,439.8,85848.83
2021-08-10,US,Paradip,Supramax,42.96,USD,MT,7647.873296520468,717.81,99098.15
2021-08-11,Australia,Paradip,Panamax,32.77,USD,MT,9522.564311369271,403.07,133938.67
2021-08-11,Australia,Paradip,Supramax,39.7,USD,MT,4077.128891504709,434.69,70777.41
2021-08-11,Indonesia,Paradip,Capesize,22.5,USD,MT,6757.995380850329,503.72,122623.05
2021-08-11,Mozambique,Paradip,Panamax,36.83,USD,MT,6968.00840506332,539.36,144428.64
2021-08-11,US,Paradip,Supramax,44.12,USD,MT,9311.567938331442,578.62,63010.12
2021-08-12,Indonesia,Paradip,Capesize,24.84,USD,MT,6832.077707237359,592.27,71646.48
2021-08-12,Indonesia,Paradip,Panamax,33.64,USD,MT,8432.697003171259,680.53,50595.62
2021-08-12,Mozambique,Paradip,Capesize,20.02,USD,MT,5183.5506105450695,470.93,72730.25
2021-08-12,Mozambique,Paradip,Panamax,32.57,USD,MT,8228.31369823273,774.54,91746.37
2021-08-12,Mozambique,Paradip,Supramax,41.38,USD,MT,3337.025596746112,584.59,69505.81
2021-08-13,Australia,Paradip,Panamax,27.7,USD,MT,3662.302647942428,540.31,62362.14
2021-08-13,Indonesia,Paradip,Capesize,17.53,USD,MT,4405.611522956105,683.88,81779.82
2021-08-13,Mozambique,Paradip,Supramax,37.02,USD,MT,5935.678309219097,400.28,62139.89
2021-08-13,US,Paradip,Panamax,33.32,USD,MT,6830.9966954419015,761.29,90056.79
2021-08-13,US,Paradip,Panamax,33.65,USD,MT,8257.962888346534,765.61,105223.4
2021-08-14,Australia,Paradip,Supramax,43.59,USD,MT,8427.797293800379,538.04,73064.12
2021-08-14,Indonesia,Paradip,Capesize,25.27,USD,MT,3840.7762377061104,437.78,101029.26
2021-08-14,Mozambique,Paradip,Supramax,42.25,USD,MT,5297.877957587294,474.58,125899.75
2021-08-14,Russia,Paradip,Capesize,21.98,USD,MT,8894.26021643776,741.6,83652.05
2021-08-14,US,Paradip,Capesize,23.43,USD,MT,8849.383097533071,537.37,72893.63
2021-08-15,Australia,Paradip,Capesize,22.24,USD,MT,9359.004487088756,524.0,133612.13
2021-08-15,Indonesia,Paradip,Capesize,19.03,USD,MT,8535.962015126788,696.46,77223.21
2021-08-15,Indonesia,Paradip,Supramax,42.73,USD,MT,5482.7310816717,442.98,85795.47
2021-08-15,Russia,Paradip,Supramax,42.96,USD,MT,8398.085875742092,749.4,59738.77
2021-08-15,US,Paradip,Supramax,38.84,USD,MT,3852.943694018581,635.66,130487.3
2021-08-16,Australia,Paradip,Panamax,35.42,USD,MT,6984.083818917094,783.96,74280.91
2021-08-16,Mozambique,Paradip,Capesize,22.87,USD,MT,7351.515403276019,559.74,100264.47
2021-08-16,Mozambique,Paradip,Panamax,30.65,USD,MT,5897.965919728264,491.26,146583.04
2021-08-16,Russia,Paradip,Panamax,30.57,USD,MT,4704.081836627314,612.54,126300.0
2021-08-16,Russia,Paradip,Panamax,33.75,USD,MT,7999.5441871130915,616.74,99032.71
2021-08-17,Indonesia,Paradip,Capesize,27.28,USD,MT,3650.0894194949296,762.53,135018.32
2021-08-17,Indonesia,Paradip,Panamax,32.39,USD,MT,8783.823161741497,621.38,116408.17
2021-08-17,Indonesia,Paradip,Panamax,36.89,USD,MT,3361.015410577765,617.59,67442.46
2021-08-17,Russia,Paradip,Capesize,21.05,USD,MT,3797.92012508997,555.3,131235.02
2021-08-17,Russia,Paradip,Panamax,30.11,USD,MT,9422.346481630988,646.09,122228.53
2021-08-18,Indonesia,Paradip,Panamax,35.77,USD,MT,3693.157512088606,714.68,149703.41
2021-08-18,Indonesia,Paradip,Supramax,44.25,USD,MT,4367.077179421742,604.57,61000.97
2021-08-18,Mozambique,Paradip,Panamax,30.26,USD,MT,4299.282623456339,734.84,139769.72
2021-08-18,Mozambique,Paradip,Supramax,46.6,USD,MT,9138.679679856376,780.56,83560.93
2021-08-18,US,Paradip,Capesize,24.81,USD,MT,4978.040556444525,696.37,108138.57
2021-08-19,Indonesia,Paradip,Capesize,20.79,USD,MT,7163.346349203754,557.46,136379.48
2021-08-19,Mozambique,Paradip,Supramax,39.64,USD,MT,6193.979815956676,551.87,57024.64
2021-08-19,Russia,Paradip,Capesize,20.97,USD,MT,3079.323458154794,763.26,89128.79
2021-08-19,Russia,Paradip,Supramax,45.12,USD,MT,5711.786545779796,785.94,107270.79
2021-08-19,US,Paradip,Panamax,34.02,USD,MT,8737.721834364373,569.83,131689.76
2021-08-20,Mozambique,Paradip,Capesize,24.88,USD,MT,9227.138706011325,623.16,87521.39
2021-08-20,Mozambique,Paradip,Panamax,31.04,USD,MT,6601.100241452237,670.95,136708.98
2021-08-20,Mozambique,Paradip,Supramax,42.76,USD,MT,9306.889570998868,510.65,73680.22
2021-08-20,Russia,Paradip,Panamax,36.46,USD,MT,8722.477625561172,522.7,143863.99
2021-08-20,US,Paradip,Panamax,30.81,USD,MT,6004.404352456117,547.1,50932.71
2021-08-21,Australia,Paradip,Capesize,22.39,USD,MT,5893.86904113291,779.07,97065.1
2021-08-21,Australia,Paradip,Panamax,35.41,USD,MT,8293.13028611134,510.94,69794.97
2021-08-21,Indonesia,Paradip,Supramax,38.66,USD,MT,4305.01468027921,473.06,138230.06
2021-08-21,Mozambique,Paradip,Capesize,26.6,USD,MT,8432.730688900818,665.35,53135.94
2021-08-21,Mozambique,Paradip,Panamax,35.02,USD,MT,7792.500246919165,429.73,136632.2
2021-08-22,Australia,Paradip,Capesize,19.43,USD,MT,4857.879513772507,652.63,139598.29
2021-08-22,Australia,Paradip,Supramax,39.06,USD,MT,4395.404712030369,737.88,147037.48
2021-08-22,Indonesia,Paradip,Supramax,48.64,USD,MT,3004.1368648554253,691.09,149772.12
2021-08-22,Mozambique,Paradip,Capesize,25.01,USD,MT,3748.907381345354,760.65,104495.67
2021-08-22,Russia,Paradip,Panamax,30.8,USD,MT,7395.370378622931,400.84,99388.17
2021-08-23,Australia,Paradip,Supramax,46.08,USD,MT,9256.085706798473,435.53,117430.88
2021-08-23,Indonesia,Paradip,Panamax,31.69,USD,MT,3459.0290978201683,777.3,131108.93
2021-08-23,Russia,Paradip,Capesize,20.63,USD,MT,3449.015831674604,552.7,51676.38
2021-08-23,US,Paradip,Panamax,34.31,USD,MT,9904.641301048408,522.71,91061.25
2021-08-23,US,Paradip,Supramax,41.69,USD,MT,7986.134647852945,470.0,108490.82
2021-08-24,Mozambique,Paradip,Panamax,30.59,USD,MT,9041.258005723736,780.98,62759.67
2021-08-24,Mozambique,Paradip,Supramax,43.98,USD,MT,8466.145112971339,587.93,59861.23
2021-08-24,Mozambique,Paradip,Supramax,43.53,USD,MT,4049.727796382578,764.23,74349.46
2021-08-24,Russia,Paradip,Capesize,24.69,USD,MT,4378.741638469497,649.63,128978.35
2021-08-24,Russia,Paradip,Capesize,23.2,USD,MT,5078.036628465545,610.73,135070.33
2021-08-25,Australia,Paradip,Capesize,22.0,USD,MT,3532.76391046618,608.51,89533.59
2021-08-25,Mozambique,Paradip,Capesize,23.24,USD,MT,6492.9475382250685,495.82,112179.23
2021-08-25,Russia,Paradip,Panamax,32.75,USD,MT,6644.096302928585,746.87,133746.21
2021-08-25,Russia,Paradip,Panamax,30.29,USD,MT,4751.137896994331,554.55,57811.47
2021-08-25,Russia,Paradip,Supramax,43.14,USD,MT,8369.735937191372,584.24,124283.06
2021-08-26,Australia,Paradip,Supramax,42.05,USD,MT,4328.856314869983,457.34,107549.21
2021-08-26,Indonesia,Paradip,Capesize,21.43,USD,MT,9778.053491536928,776.17,54948.1
2021-08-26,Mozambique,Paradip,Supramax,36.19,USD,MT,3769.388604781745,599.26,96125.97
2021-08-26,Russia,Paradip,Capesize,21.18,USD,MT,4434.757851275865,575.85,89202.64
2021-08-26,Russia,Paradip,Supramax,42.01,USD,MT,3357.807652127391,725.55,128502.68
2021-08-27,Indonesia,Paradip,Capesize,18.86,USD,MT,7668.145263259286,519.99,70137.61
2021-08-27,Mozambique,Paradip,Panamax,27.97,USD,MT,4032.461515338812,636.6,107979.93
2021-08-27,US,Paradip,Capesize,24.32,USD,MT,6176.632920355256,635.56,114879.49
2021-08-27,US,Paradip,Capesize,22.01,USD,MT,5947.9878071602925,674.57,144168.9
2021-08-27,US,Paradip,Panamax,35.09,USD,MT,5416.085146005794,541.16,124148.44
2021-08-28,Indonesia,Paradip,Capesize,17.58,USD,MT,8247.544980794244,684.24,86175.05
2021-08-28,Indonesia,Paradip,Supramax,43.42,USD,MT,3073.204222415857,652.85,72364.54
2021-08-28,Mozambique,Paradip,Panamax,36.49,USD,MT,4817.36071973431,557.16,74666.06
2021-08-28,Mozambique,Paradip,Panamax,33.84,USD,MT,7598.473275786849,445.58,62565.28
2021-08-28,Russia,Paradip,Capesize,24.58,USD,MT,4602.782270119523,589.75,64792.4
2021-08-29,Indonesia,Paradip,Panamax,33.81,USD,MT,7599.224752366485,468.0,92463.28
2021-08-29,Indonesia,Paradip,Panamax,33.66,USD,MT,4342.657359702946,503.96,112190.08
2021-08-29,Mozambique,Paradip,Panamax,29.6,USD,MT,6048.0562284466,776.94,99971.39
2021-08-29,Russia,Paradip,Supramax,39.07,USD,MT,6969.301455795597,461.61,141210.12
2021-08-29,US,Paradip,Supramax,43.04,USD,MT,9841.689314340923,747.68,118868.6
2021-08-30,Australia,Paradip,Capesize,20.25,USD,MT,3417.751135507201,512.75,110877.47
2021-08-30,Australia,Paradip,Panamax,34.43,USD,MT,6177.709916797785,456.45,82514.88
2021-08-30,Indonesia,Paradip,Supramax,41.87,USD,MT,8452.533278737486,767.65,114831.46
2021-08-30,Russia,Paradip,Capesize,22.1,USD,MT,5981.827710194648,508.52,136940.35
2021-08-30,US,Paradip,Panamax,34.37,USD,MT,6897.413503040037,728.29,116126.45
2021-08-31,Indonesia,Paradip,Capesize,23.71,USD,MT,8808.465421835417,579.78,60262.13
2021-08-31,Indonesia,Paradip,Capesize,25.69,USD,MT,9980.628152804606,540.38,75733.49
2021-08-31,Indonesia,Paradip,Panamax,34.15,USD,MT,8776.103076639807,626.87,132284.3
2021-08-31,Mozambique,Paradip,Panamax,32.89,USD,MT,5610.65086967509,444.81,141277.47
2021-08-31,US,Paradip,Panamax,32.23,USD,MT,8728.288180438343,675.98,69925.58
2021-09-01,Indonesia,Paradip,Panamax,33.5,USD,MT,3409.8825369965084,743.91,107376.09
2021-09-01,Mozambique,Paradip,Capesize,22.4,USD,MT,3956.7458715748535,599.51,148975.95
2021-09-01,Mozambique,Paradip,Panamax,34.36,USD,MT,7912.027775000827,758.23,143124.03
2021-09-01,Russia,Paradip,Capesize,26.5,USD,MT,8461.365305458166,591.03,92697.12
2021-09-01,US,Paradip,Panamax,32.84,USD,MT,4896.856928559142,554.94,79515.82
2021-09-02,Australia,Paradip,Supramax,43.56,USD,MT,4252.430754157742,662.37,80259.35
2021-09-02,Indonesia,Paradip,Supramax,42.37,USD,MT,3698.972341163075,594.97,69842.75
2021-09-02,Indonesia,Paradip,Supramax,37.56,USD,MT,7269.54956029659,729.12,79348.22
2021-09-02,Russia,Paradip,Panamax,27.24,USD,MT,8821.334485820502,520.94,73961.32
2021-09-02,Russia,Paradip,Supramax,41.46,USD,MT,7800.032162112654,777.49,96578.91
2021-09-03,Australia,Paradip,Panamax,33.82,USD,MT,9046.614028920005,581.25,64453.7
2021-09-03,Indonesia,Paradip,Panamax,27.97,USD,MT,3274.867086823952,419.13,93761.94
2021-09-03,Mozambique,Paradip,Panamax,29.9,USD,MT,5626.930947688083,685.14,60171.29
2021-09-03,Mozambique,Paradip,Supramax,44.13,USD,MT,9198.418717891896,650.03,91980.53
2021-09-03,Russia,Paradip,Capesize,18.69,USD,MT,5528.843999866465,680.47,144861.56
2021-09-04,Australia,Paradip,Capesize,24.48,USD,MT,4042.311942227031,457.96,100278.52
2021-09-04,Australia,Paradip,Panamax,33.56,USD,MT,7979.74588346467,501.71,100393.4
2021-09-04,Indonesia,Paradip,Capesize,21.98,USD,MT,9050.561882187125,667.01,101682.82
2021-09-04,Indonesia,Paradip,Supramax,42.1,USD,MT,6533.305062250701,636.07,87497.4
2021-09-04,Russia,Paradip,Supramax,42.33,USD,MT,3215.0727584752435,776.2,94014.32
2021-09-05,Australia,Paradip,Capesize,18.38,USD,MT,7415.009410019485,517.65,144638.34
2021-09-05,Indonesia,Paradip,Panamax,32.02,USD,MT,5110.478843528492,689.49,86186.17
2021-09-05,Mozambique,Paradip,Supramax,39.75,USD,MT,5389.996044763773,647.64,140409.28
2021-09-05,Russia,Paradip,Capesize,22.19,USD,MT,5375.520312637818,718.79,55666.04
2021-09-05,US,Paradip,Supramax,45.67,USD,MT,9461.736714612847,646.52,115143.1
2021-09-06,Australia,Paradip,Panamax,31.5,USD,MT,9081.50938973258,440.45,113396.0
2021-09-06,Russia,Paradip,Capesize,15.56,USD,MT,9610.0037818018,418.53,136065.56
2021-09-06,US,Paradip,Capesize,19.26,USD,MT,3322.5625626364736,657.8,114916.75
2021-09-06,US,Paradip,Panamax,29.04,USD,MT,5914.0445009975765,784.86,122801.67
2021-09-06,US,Paradip,Supramax,42.57,USD,MT,6844.286718985895,543.42,134583.83
2021-09-07,Australia,Paradip,Panamax,32.74,USD,MT,5341.775497345277,564.04,138943.43
2021-09-07,Australia,Paradip,Supramax,38.5,USD,MT,8694.94386980145,673.88,123729.16
2021-09-07,Indonesia,Paradip,Panamax,26.39,USD,MT,9205.678883061752,517.94,124608.92
2021-09-07,Indonesia,Paradip,Panamax,29.07,USD,MT,7092.751873759225,580.75,113279.4
2021-09-07,Russia,Paradip,Panamax,32.73,USD,MT,3475.426245534329,524.84,69887.13
2021-09-08,Mozambique,Paradip,Panamax,28.65,USD,MT,7572.130683094438,430.43,132644.34
2021-09-08,Russia,Paradip,Panamax,32.84,USD,MT,7365.1737461346465,563.0,65969.22
2021-09-08,Russia,Paradip,Supramax,42.47,USD,MT,5698.221497585513,631.75,102150.69
2021-09-08,US,Paradip,Panamax,29.32,USD,MT,5902.010353559419,433.63,143811.22
2021-09-08,US,Paradip,Supramax,34.91,USD,MT,5573.357350159629,748.89,113854.04
2021-09-09,Australia,Paradip,Capesize,19.2,USD,MT,6059.321354771028,743.6,91616.73
2021-09-09,Australia,Paradip,Panamax,24.24,USD,MT,9284.33626369653,477.75,135227.5
2021-09-09,Indonesia,Paradip,Capesize,19.6,USD,MT,3689.129958603545,606.36,65983.09
2021-09-09,Indonesia,Paradip,Panamax,27.68,USD,MT,8145.612596430866,750.65,62241.24
2021-09-09,US,Paradip,Supramax,39.22,USD,MT,9902.163065440467,765.24,142036.32
2021-09-10,Australia,Paradip,Capesize,22.66,USD,MT,3654.991273840644,724.98,139512.8
2021-09-10,Australia,Paradip,Capesize,23.16,USD,MT,5504.353932600185,502.31,146683.17
2021-09-10,Indonesia,Paradip,Capesize,20.0,USD,MT,4980.440138230739,546.77,65686.42
2021-09-10,US,Paradip,Capesize,15.6,USD,MT,3684.510490400067,786.15,125198.94
2021-09-10,US,Paradip,Capesize,18.24,USD,MT,5026.80815318967,740.41,103574.14
2021-09-11,Mozambique,Paradip,Capesize,17.4,USD,MT,8617.534644858146,662.32,133210.44
2021-09-11,Russia,Paradip,Capesize,19.73,USD,MT,6201.779903950512,761.86,96811.78
2021-09-11,US,Paradip,Capesize,22.83,USD,MT,7839.066626073397,530.5,126473.78
2021-09-11,US,Paradip,Panamax,29.03,USD,MT,9176.4741473668,571.63,114469.65
2021-09-11,US,Paradip,Supramax,43.67,USD,MT,4230.477206898684,476.71,95094.55
2021-09-12,Australia,Paradip,Supramax,35.82,USD,MT,8663.405312984803,759.55,134266.92
2021-09-12,Indonesia,Paradip,Capesize,18.23,USD,MT,6720.078607849599,680.85,54224.93
2021-09-12,Indonesia,Paradip,Panamax,35.27,USD,MT,4638.260100265875,788.16,116492.39
2021-09-12,Mozambique,Paradip,Panamax,31.51,USD,MT,5576.576123669338,675.11,55998.65
2021-09-12,Mozambique,Paradip,Supramax,39.07,USD,MT,7819.367574555344,411.1,90854.53
2021-09-13,Australia,Paradip,Capesize,21.46,USD,MT,3919.4778037727306,791.69,68798.46
2021-09-13,Mozambique,Paradip,Capesize,25.25,USD,MT,6179.607382126866,754.81,51819.25
2021-09-13,Mozambique,Paradip,Supramax,45.46,USD,MT,4983.60309377342,526.45,97214.4
2021-09-13,Russia,Paradip,Capesize,21.94,USD,MT,8709.994228591564,453.16,79711.88
2021-09-13,US,Paradip,Capesize,19.72,USD,MT,8392.506423203973,570.97,69155.42
2021-09-14,Australia,Paradip,Capesize,21.32,USD,MT,4049.8816897489,779.56,105162.55
2021-09-14,Australia,Paradip,Supramax,41.18,USD,MT,5893.191669935674,442.91,139130.12
2021-09-14,Indonesia,Paradip,Capesize,20.24,USD,MT,5896.711298342984,648.35,58574.14
2021-09-14,Russia,Paradip,Panamax,33.55,USD,MT,8324.7879298923,609.88,139768.89
2021-09-14,US,Paradip,Supramax,38.56,USD,MT,4155.032916344734,467.51,109814.48
2021-09-15,Australia,Paradip,Supramax,35.2,USD,MT,9585.56071886352,519.03,92317.1
2021-09-15,Indonesia,Paradip,Panamax,25.98,USD,MT,8532.505661137493,715.78,96293.02
2021-09-15,Mozambique,Paradip,Capesize,14.5,USD,MT,3530.816308031596,633.99,108187.35
2021-09-15,Russia,Paradip,Panamax,33.73,USD,MT,7755.619848501376,503.87,131557.31
2021-09-15,US,Paradip,Panamax,31.91,USD,MT,9388.350674924155,426.56,70096.76
2021-09-16,Australia,Paradip,Panamax,31.01,USD,MT,4686.847698061121,458.07,56561.66
2021-09-16,Russia,Paradip,Capesize,13.64,USD,MT,4374.543651790837,605.13,109909.86
2021-09-16,Russia,Paradip,Supramax,40.74,USD,MT,7650.822444830366,418.9,76959.78
2021-09-16,Russia,Paradip,Supramax,33.67,USD,MT,6284.333313024413,766.14,131179.32
2021-09-16,US,Paradip,Capesize,23.31,USD,MT,9342.18232423823,560.82,125380.13
2021-09-17,Australia,Paradip,Capesize,17.11,USD,MT,7884.996589095547,510.81,67137.61
2021-09-17,Indonesia,Paradip,Capesize,22.56,USD,MT,4353.963924937289,405.91,65639.81
2021-09-17,Indonesia,Paradip,Capesize,24.6,USD,MT,9511.323363771338,796.09,131183.51
2021-09-17,Russia,Paradip,Panamax,23.93,USD,MT,5774.463002030261,568.35,81678.81
2021-09-17,US,Paradip,Capesize,20.77,USD,MT,4396.608227389422,711.74,53321.87
2021-09-18,Australia,Paradip,Capesize,21.58,USD,MT,9251.677882209447,460.45,110258.74
2021-09-18,Australia,Paradip,Panamax,30.99,USD,MT,4807.777599039208,570.6,68104.56
2021-09-18,Indonesia,Paradip,Panamax,29.42,USD,MT,8896.981049180347,476.31,56032.68
2021-09-18,Indonesia,Paradip,Supramax,39.4,USD,MT,3569.086271998301,753.58,147397.77
2021-09-18,Mozambique,Paradip,Supramax,36.61,USD,MT,8225.24428887308,704.41,128977.61
2021-09-19,Australia,Paradip,Capesize,27.28,USD,MT,5528.828871043008,479.82,123924.77
2021-09-19,Australia,Paradip,Panamax,31.21,USD,MT,7671.648125396204,781.76,125972.81
2021-09-19,Indonesia,Paradip,Capesize,25.05,USD,MT,4877.39858264968,414.93,142490.4
2021-09-19,Russia,Paradip,Supramax,46.5,USD,MT,7805.3879868850945,655.75,133871.55
2021-09-19,US,Paradip,Capesize,20.26,USD,MT,4924.89038365228,580.89,53072.18
2021-09-20,Indonesia,Paradip,Capesize,27.56,USD,MT,3425.231230711131,513.55,68154.19
2021-09-20,Indonesia,Paradip,Panamax,32.55,USD,MT,7906.677512840007,701.06,131136.71
2021-09-20,Indonesia,Paradip,Supramax,40.73,USD,MT,7228.962322253994,606.88,134625.84
2021-09-20,Russia,Paradip,Capesize,20.33,USD,MT,8771.984441983062,629.2,93740.87
2021-09-20,Russia,Paradip,Panamax,31.58,USD,MT,4309.475142275757,598.96,82566.94
2021-09-21,Indonesia,Paradip,Capesize,17.36,USD,MT,7947.662264357488,579.02,77822.44
2021-09-21,Indonesia,Paradip,Capesize,23.05,USD,MT,3495.360171134271,486.65,105906.53
2021-09-21,Russia,Paradip,Capesize,15.34,USD,MT,6087.708586937333,473.5,67791.95
2021-09-21,Russia,Paradip,Capesize,22.43,USD,MT,4107.559678894388,769.05,143658.79
2021-09-21,Russia,Paradip,Panamax,23.79,USD,MT,7281.290081439962,657.65,129529.34
2021-09-22,Australia,Paradip,Capesize,24.43,USD,MT,5675.9486715259445,625.15,139465.27
2021-09-22,Indonesia,Paradip,Supramax,38.2,USD,MT,7524.60439500003,749.16,80079.0
2021-09-22,US,Paradip,Capesize,16.87,USD,MT,8562.222377689883,781.43,78513.87
2021-09-22,US,Paradip,Capesize,20.7,USD,MT,3423.608402488549,660.37,107891.6
2021-09-22,US,Paradip,Panamax,38.15,USD,MT,5046.210011003916,709.58,86939.69
2021-09-23,Australia,Paradip,Capesize,19.92,USD,MT,6555.426894282754,466.32,58195.77
2021-09-23,Australia,Paradip,Panamax,33.15,USD,MT,7807.693409265175,470.2,149506.08
2021-09-23,Australia,Paradip,Supramax,44.43,USD,MT,7518.472568290184,583.95,111759.8
2021-09-23,Indonesia,Paradip,Panamax,32.26,USD,MT,5352.029209464401,770.79,148872.87
2021-09-23,Russia,Paradip,Panamax,29.14,USD,MT,5453.8674105199225,592.76,144973.37
2021-09-24,Mozambique,Paradip,Supramax,38.75,USD,MT,9110.70255121078,739.61,111453.72
2021-09-24,US,Paradip,Supramax,39.07,USD,MT,3575.914673220964,756.04,50373.68
2021-09-24,US,Paradip,Supramax,36.79,USD,MT,9521.598313562694,673.0,134375.97
2021-09-24,US,Paradip,Supramax,40.87,USD,MT,8334.173453281015,653.13,81906.71
2021-09-24,US,Paradip,Supramax,40.46,USD,MT,3760.691946965304,531.25,70062.9
2021-09-25,Australia,Paradip,Capesize,15.42,USD,MT,5808.08919509306,722.03,103739.55
2021-09-25,Indonesia,Paradip,Capesize,21.31,USD,MT,3271.7831173891063,636.91,52676.96
2021-09-25,Indonesia,Paradip,Panamax,26.38,USD,MT,6986.259784980034,613.7,69789.89
2021-09-25,Mozambique,Paradip,Panamax,33.83,USD,MT,9164.8503393354,458.89,105052.99
2021-09-25,US,Paradip,Capesize,17.92,USD,MT,7265.430216699447,617.2,144900.04
2021-09-26,Australia,Paradip,Capesize,20.47,USD,MT,5532.803267084816,669.72,98929.7
2021-09-26,Australia,Paradip,Supramax,42.85,USD,MT,9443.829797194496,413.4,140534.15
2021-09-26,Mozambique,Paradip,Capesize,19.12,USD,MT,5325.168362752468,471.6,91766.35
2021-09-26,Mozambique,Paradip,Capesize,18.99,USD,MT,4660.26202706155,650.7,69062.73
2021-09-26,US,Paradip,Supramax,36.77,USD,MT,4986.111884343074,635.35,86426.08
2021-09-27,Australia,Paradip,Supramax,42.48,USD,MT,6645.1352898546975,723.48,73602.43
2021-09-27,Mozambique,Paradip,Supramax,32.93,USD,MT,5123.487174591684,749.64,73988.88
2021-09-27,Russia,Paradip,Panamax,24.89,USD,MT,7944.194116797705,434.14,63344.51
2021-09-27,US,Paradip,Panamax,27.68,USD,MT,8358.600480921401,738.26,77274.82
2021-09-27,US,Paradip,Panamax,26.53,USD,MT,9726.592634777018,578.44,73072.43
2021-09-28,Indonesia,Paradip,Capesize,17.34,USD,MT,5264.306494253549,703.47,104501.85
2021-09-28,Indonesia,Paradip,Supramax,40.75,USD,MT,6993.219115492322,710.44,142385.88
2021-09-28,Mozambique,Paradip,Panamax,31.25,USD,MT,9934.095920836777,486.84,124284.94
2021-09-28,Mozambique,Paradip,Panamax,31.56,USD,MT,9694.372138621193,437.88,125621.16
2021-09-28,Russia,Paradip,Capesize,22.51,USD,MT,8601.607353157095,731.07,95275.97
2021-09-29,Australia,Paradip,Capesize,14.82,USD,MT,3298.153454918735,617.14,141008.58
2021-09-29,Australia,Paradip,Supramax,42.03,USD,MT,5540.218775387379,528.69,94058.16
2021-09-29,Indonesia,Paradip,Capesize,16.58,USD,MT,4459.488109487565,424.12,118757.82
2021-09-29,Mozambique,Paradip,Supramax,37.63,USD,MT,3912.0982725254817,427.37,77983.8
2021-09-29,Russia,Paradip,Capesize,16.42,USD,MT,5138.450588670137,462.93,114261.35
2021-09-30,Australia,Paradip,Panamax,30.53,USD,MT,5336.566804507027,738.07,118717.56
2021-09-30,Russia,Paradip,Capesize,20.99,USD,MT,9349.136906225693,497.06,71766.63
2021-09-30,Russia,Paradip,Supramax,39.37,USD,MT,5134.327504600396,453.36,77658.86
2021-09-30,US,Paradip,Supramax,44.61,USD,MT,5658.387495356146,717.12,76666.62
2021-09-30,US,Paradip,Supramax,44.63,USD,MT,5631.640080239838,682.78,104954.09
2021-10-01,Australia,Paradip,Capesize,22.14,USD,MT,6538.17097028754,611.28,118215.26
2021-10-01,Australia,Paradip,Panamax,28.52,USD,MT,8768.468072334985,788.66,141340.5
2021-10-01,Mozambique,Paradip,Capesize,22.56,USD,MT,4622.777713523103,538.07,112381.7
2021-10-01,Mozambique,Paradip,Panamax,31.86,USD,MT,9212.70151819022,533.46,87374.33
2021-10-01,Russia,Paradip,Supramax,39.4,USD,MT,5797.7506642031385,412.12,54766.42
2021-10-02,Australia,Paradip,Panamax,30.68,USD,MT,9915.06925474309,444.47,70171.78
2021-10-02,Indonesia,Paradip,Capesize,23.91,USD,MT,5281.991381593607,559.36,87772.06
2021-10-02,Russia,Paradip,Capesize,13.02,USD,MT,9246.562779271488,728.82,95939.61
2021-10-02,Russia,Paradip,Panamax,30.07,USD,MT,4916.641248880912,743.91,55147.46
2021-10-02,US,Paradip,Panamax,27.9,USD,MT,9732.751868550376,580.58,149440.87
2021-10-03,Australia,Paradip,Supramax,40.52,USD,MT,9313.58348769417,584.57,105692.15
2021-10-03,Russia,Paradip,Capesize,23.78,USD,MT,9349.425205283846,601.05,149978.81
2021-10-03,Russia,Paradip,Panamax,33.67,USD,MT,6234.456262567046,534.29,61923.76
2021-10-03,Russia,Paradip,Supramax,39.61,USD,MT,3190.4699271764757,555.67,102608.02
2021-10-03,US,Paradip,Capesize,22.31,USD,MT,4060.318463940033,628.29,146642.72
2021-10-04,Mozambique,Paradip,Supramax,40.96,USD,MT,4540.496191148265,476.48,72335.71
2021-10-04,Russia,Paradip,Panamax,37.7,USD,MT,5542.53980286449,678.32,52416.07
2021-10-04,US,Paradip,Capesize,21.9,USD,MT,4418.799264034037,406.57,130822.01
2021-10-04,US,Paradip,Capesize,24.54,USD,MT,5763.256793131559,568.35,133166.21
2021-10-04,US,Paradip,Supramax,43.64,USD,MT,3500.706868125625,425.41,59747.63
2021-10-05,Australia,Paradip,Supramax,44.25,USD,MT,5655.301275924003,682.48,86673.55
2021-10-05,Indonesia,Paradip,Capesize,21.47,USD,MT,6413.884693521098,684.21,125136.91
2021-10-05,Mozambique,Paradip,Supramax,31.6,USD,MT,7861.007520572546,682.16,103081.68
2021-10-05,Russia,Paradip,Capesize,20.71,USD,MT,6909.488653534675,456.21,80152.19
2021-10-05,US,Paradip,Panamax,27.68,USD,MT,7016.078901969285,765.28,92605.78
2021-10-06,Australia,Paradip,Capesize,25.98,USD,MT,3467.2805195584333,434.68,55263.67
2021-10-06,Australia,Paradip,Panamax,34.4,USD,MT,4627.143858208376,526.93,68631.33
2021-10-06,Australia,Paradip,Supramax,36.8,USD,MT,8753.236706032694,735.67,129571.73
2021-10-06,Mozambique,Paradip,Supramax,40.75,USD,MT,7206.759113726409,771.28,130889.34
2021-10-06,US,Paradip,Panamax,24.24,USD,MT,9713.916191998196,459.15,108403.27
2021-10-07,Indonesia,Paradip,Panamax,28.63,USD,MT,4875.356622054397,780.38,114284.57
2021-10-07,Indonesia,Paradip,Panamax,29.53,USD,MT,9930.718344224457,528.11,70353.99
2021-10-07,Mozambique,Paradip,Supramax,35.95,USD,MT,6459.773584224612,711.01,100036.37
2021-10-07,US,Paradip,Capesize,17.15,USD,MT,6641.134934338289,541.78,51300.31
2021-10-07,US,Paradip,Capesize,19.24,USD,MT,8730.407792330807,636.2,111285.51
2021-10-08,Australia,Paradip,Panamax,25.31,USD,MT,8968.863640935486,540.41,94868.11
2021-10-08,Australia,Paradip,Supramax,37.47,USD,MT,7872.485016211723,775.79,116748.25
2021-10-08,US,Paradip,Capesize,17.36,USD,MT,8560.4699929584,529.19,55594.9
2021-10-08,US,Paradip,Capesize,26.27,USD,MT,5754.990343319336,575.96,53945.01
2021-10-08,US,Paradip,Supramax,42.63,USD,MT,8927.85597113648,467.15,70528.7
2021-10-09,Indonesia,Paradip,Capesize,20.16,USD,MT,5656.009542446799,441.58,132937.23
2021-10-09,Indonesia,Paradip,Supramax,46.48,USD,MT,7698.720014059086,553.68,109124.13
2021-10-09,Indonesia,Paradip,Supramax,40.92,USD,MT,4551.708239095812,464.54,55244.29
2021-10-09,US,Paradip,Supramax,40.32,USD,MT,3977.412959735145,528.97,86396.02
2021-10-09,US,Paradip,Supramax,36.45,USD,MT,6916.711035816308,437.15,95978.33
2021-10-10,Indonesia,Paradip,Capesize,23.85,USD,MT,7783.614173539818,723.8,85683.55
2021-10-10,Indonesia,Paradip,Supramax,41.02,USD,MT,6860.619124838962,737.63,83492.07
2021-10-10,Russia,Paradip,Panamax,30.54,USD,MT,8166.770542338811,446.19,73653.35
2021-10-10,US,Paradip,Capesize,19.81,USD,MT,5176.096643361989,480.28,54383.43
2021-10-10,US,Paradip,Panamax,30.76,USD,MT,4989.691484840979,568.26,71618.63
2021-10-11,Mozambique,Paradip,Panamax,26.63,USD,MT,9221.039244348733,492.83,136963.02
2021-10-11,Mozambique,Paradip,Panamax,31.93,USD,MT,5712.521042306401,764.73,143584.45
2021-10-11,Mozambique,Paradip,Supramax,32.34,USD,MT,5118.099113336869,465.94,95313.26
2021-10-11,Russia,Paradip,Supramax,44.74,USD,MT,9843.650084280944,677.52,148948.38
2021-10-11,US,Paradip,Panamax,27.66,USD,MT,7118.050939354114,754.24,139605.97
2021-10-12,Australia,Paradip,Supramax,41.59,USD,MT,9709.40927738478,691.93,52283.61
2021-10-12,Indonesia,Paradip,Panamax,38.29,USD,MT,5378.589084632578,434.9,88502.98
2021-10-12,Indonesia,Paradip,Supramax,40.35,USD,MT,8303.083983334953,442.43,82567.13
2021-10-12,Russia,Paradip,Panamax,28.69,USD,MT,8541.07997838125,769.7,50492.08
2021-10-12,Russia,Paradip,Panamax,34.76,USD,MT,6506.1818104525655,725.95,63149.57
2021-10-13,Australia,Paradip,Supramax,39.09,USD,MT,7580.7666833491185,731.24,55933.24
2021-10-13,Indonesia,Paradip,Capesize,15.54,USD,MT,8554.835884548422,646.55,90470.83
2021-10-13,Mozambique,Paradip,Panamax,29.23,USD,MT,4755.752954892136,564.36,81296.79
2021-10-13,Russia,Paradip,Supramax,37.6,USD,MT,5674.197393215917,493.18,54057.01
2021-10-13,US,Paradip,Panamax,37.76,USD,MT,6216.891585641055,528.39,120358.73
2021-10-14,Mozambique,Paradip,Panamax,28.63,USD,MT,6522.301261903873,459.65,96166.55
2021-10-14,Russia,Paradip,Capesize,20.31,USD,MT,9194.061842640756,766.23,75692.86
2021-10-14,Russia,Paradip,Panamax,35.1,USD,MT,7140.679514119936,560.07,122447.32
2021-10-14,Russia,Paradip,Panamax,30.43,USD,MT,5036.317942615543,741.34,86084.83
2021-10-14,Russia,Paradip,Supramax,40.99,USD,MT,5418.297142694748,496.06,135672.93
2021-10-15,Australia,Paradip,Capesize,21.11,USD,MT,5802.928918756541,519.83,51474.78
2021-10-15,Indonesia,Paradip,Capesize,24.55,USD,MT,4153.411312812618,790.53,119395.83
2021-10-15,Indonesia,Paradip,Capesize,19.61,USD,MT,3981.1460353994767,732.26,139880.37
2021-10-15,Indonesia,Paradip,Supramax,42.23,USD,MT,6711.921760270784,740.1,86634.68
2021-10-15,US,Paradip,Panamax,30.29,USD,MT,7316.601824852813,579.43,89794.5
2021-10-16,Australia,Paradip,Capesize,20.55,USD,MT,9627.295728820474,460.44,74620.52
2021-10-16,Indonesia,Paradip,Panamax,33.12,USD,MT,7165.072048246051,644.2,97434.31
2021-10-16,Mozambique,Paradip,Panamax,27.86,USD,MT,5591.926501193771,799.86,77060.11
2021-10-16,Russia,Paradip,Supramax,40.56,USD,MT,9176.160668356708,554.46,53598.49
2021-10-16,US,Paradip,Panamax,30.35,USD,MT,9117.99306040682,575.25,95463.0
2021-10-17,Indonesia,Paradip,Panamax,28.32,USD,MT,4139.714289002515,738.4,136575.24
2021-10-17,Indonesia,Paradip,Supramax,35.54,USD,MT,5637.91576371245,795.54,95375.7
2021-10-17,Mozambique,Paradip,Capesize,21.05,USD,MT,9346.041508695627,606.12,86569.05
2021-10-17,Russia,Paradip,Supramax,42.02,USD,MT,4293.388445844103,556.88,99933.0
2021-10-17,US,Paradip,Panamax,27.55,USD,MT,8829.519282038038,779.44,94685.12
2021-10-18,Australia,Paradip,Capesize,20.89,USD,MT,4963.019946420423,442.6,141950.19
2021-10-18,Australia,Paradip,Supramax,41.76,USD,MT,6954.336505826008,594.6,95460.47
2021-10-18,Indonesia,Paradip,Capesize,23.16,USD,MT,8082.647812555183,476.14,144597.9
2021-10-18,Indonesia,Paradip,Capesize,21.27,USD,MT,6469.008757755566,591.19,108047.03
2021-10-18,Indonesia,Paradip,Supramax,38.83,USD,MT,8824.049714650977,704.08,144163.11
2021-10-19,Australia,Paradip,Panamax,30.53,USD,MT,3388.479827734284,566.39,99643.02
2021-10-19,Australia,Paradip,Supramax,36.85,USD,MT,6387.224373817684,450.84,91921.16
2021-10-19,Indonesia,Paradip,Capesize,19.57,USD,MT,6386.565491396832,771.46,134038.94
2021-10-19,Indonesia,Paradip,Capesize,17.63,USD,MT,8137.06545944603,566.34,139764.28
2021-10-19,US,Paradip,Capesize,17.93,USD,MT,4000.411837025146,511.46,56465.74
2021-10-20,Australia,Paradip,Panamax,31.47,USD,MT,4210.251548348952,618.63,112110.75
2021-10-20,Australia,Paradip,Panamax,24.51,USD,MT,9311.93800744176,416.03,91071.22
2021-10-20,Indonesia,Paradip,Supramax,40.74,USD,MT,8673.756396129214,504.14,148623.2
2021-10-20,Russia,Paradip,Capesize,24.22,USD,MT,6816.15468203901,744.11,102421.99
2021-10-20,Russia,Paradip,Panamax,25.17,USD,MT,7119.201234047137,445.57,59281.65
2021-10-21,Australia,Paradip,Supramax,39.43,USD,MT,4001.162946238633,759.76,98362.45
2021-10-21,Mozambique,Paradip,Supramax,43.78,USD,MT,4790.884785279518,464.47,53884.38
2021-10-21,Mozambique,Paradip,Supramax,37.86,USD,MT,6311.372215034451,669.0,136722.98
2021-10-21,Russia,Paradip,Capesize,19.39,USD,MT,8593.577660522666,447.39,87545.74
2021-10-21,Russia,Paradip,Panamax,27.77,USD,MT,9593.26884266955,785.4,70923.46
2021-10-22,Australia,Paradip,Capesize,19.59,USD,MT,4274.324806804416,436.58,95155.09
2021-10-22,Australia,Paradip,Panamax,35.41,USD,MT,9867.698547171987,553.6,149711.64
2021-10-22,Australia,Paradip,Supramax,42.55,USD,MT,6763.983678636591,731.13,79441.47
2021-10-22,Australia,Paradip,Supramax,37.58,USD,MT,8725.628490500512,561.3,126216.54
2021-10-22,US,Paradip,Panamax,31.45,USD,MT,9259.764115801692,795.74,71781.85
2021-10-23,Australia,Paradip,Panamax,27.81,USD,MT,8525.611618832147,458.48,57304.37
2021-10-23,Indonesia,Paradip,Capesize,23.99,USD,MT,3777.575915464309,622.86,66140.5
2021-10-23,Indonesia,Paradip,Capesize,20.2,USD,MT,8875.310908176956,544.36,145393.34
2021-10-23,Indonesia,Paradip,Capesize,23.58,USD,MT,9727.962944995872,494.09,106407.53
2021-10-23,Indonesia,Paradip,Supramax,39.39,USD,MT,3919.2671048316593,628.75,149556.1
2021-10-24,Australia,Paradip,Capesize,20.61,USD,MT,3553.362980293644,632.86,65313.33
2021-10-24,Indonesia,Paradip,Supramax,42.62,USD,MT,5811.078443649839,796.67,77091.32
2021-10-24,Indonesia,Paradip,Supramax,39.84,USD,MT,3481.0011733903566,579.81,145552.56
2021-10-24,Mozambique,Paradip,Supramax,41.11,USD,MT,9460.299008387796,547.58,127088.53
2021-10-24,Mozambique,Paradip,Supramax,41.88,USD,MT,6927.022838054834,587.78,64437.94
2021-10-25,Indonesia,Paradip,Capesize,21.13,USD,MT,5483.392385264924,539.77,51831.07
2021-10-25,Mozambique,Paradip,Capesize,20.4,USD,MT,4013.1726806892775,520.79,100997.92
2021-10-25,Mozambique,Paradip,Supramax,42.74,USD,MT,5006.414752187209,645.28,116612.26
2021-10-25,Mozambique,Paradip,Supramax,39.1,USD,MT,8775.043185050532,724.83,141084.12
2021-10-25,US,Paradip,Panamax,31.02,USD,MT,5036.47717932354,421.0,142272.94
2021-10-26,Indonesia,Paradip,Supramax,42.11,USD,MT,3512.124397124967,417.89,125940.22
2021-10-26,Mozambique,Paradip,Panamax,30.67,USD,MT,9687.309709394169,625.68,67833.09
2021-10-26,Mozambique,Paradip,Panamax,31.7,USD,MT,4475.380527706651,704.02,119622.13
2021-10-26,Mozambique,Paradip,Supramax,42.39,USD,MT,7415.331806132722,556.03,109683.16
2021-10-26,US,Paradip,Capesize,23.53,USD,MT,3851.2777776330913,720.71,81740.3
2021-10-27,Australia,Paradip,Supramax,37.13,USD,MT,5434.1563115819,612.62,104304.32
2021-10-27,Indonesia,Paradip,Panamax,29.32,USD,MT,9254.132377440585,498.68,92046.6
2021-10-27,Russia,Paradip,Panamax,31.38,USD,MT,9435.11387383777,779.79,91734.13
2021-10-27,US,Paradip,Capesize,16.56,USD,MT,6116.925483465463,761.82,95553.49
2021-10-27,US,Paradip,Panamax,33.84,USD,MT,9065.33310179124,784.99,70799.06
2021-10-28,Australia,Paradip,Panamax,32.14,USD,MT,7216.357403570986,530.46,57374.68
2021-10-28,Indonesia,Paradip,Panamax,34.82,USD,MT,7603.354052207753,621.41,78215.04
2021-10-28,Mozambique,Paradip,Capesize,21.32,USD,MT,3615.3203355320807,638.74,59654.75
2021-10-28,Mozambique,Paradip,Panamax,34.63,USD,MT,9067.095200862395,627.38,95917.25
2021-10-28,Mozambique,Paradip,Supramax,38.96,USD,MT,9473.051566430537,718.69,115456.06
2021-10-29,Australia,Paradip,Supramax,42.33,USD,MT,6534.534096738187,687.61,91044.49
2021-10-29,Mozambique,Paradip,Capesize,20.16,USD,MT,7007.628022107942,676.72,96677.3
2021-10-29,Russia,Paradip,Capesize,18.19,USD,MT,5182.260454564255,714.06,120772.08
2021-10-29,Russia,Paradip,Capesize,20.27,USD,MT,9624.17849518484,706.57,60924.87
2021-10-29,Russia,Paradip,Supramax,47.01,USD,MT,5823.838629189728,663.99,68132.72
2021-10-30,Australia,Paradip,Panamax,31.75,USD,MT,7416.546450605326,587.4,112754.33
2021-10-30,Indonesia,Paradip,Panamax,30.23,USD,MT,7494.738782130899,542.81,109048.57
2021-10-30,Russia,Paradip,Capesize,20.33,USD,MT,9674.068563043427,684.84,124448.76
2021-10-30,Russia,Paradip,Supramax,38.24,USD,MT,5026.268672825621,581.74,72062.07
2021-10-30,US,Paradip,Capesize,20.87,USD,MT,4185.142032769515,511.39,114973.4
2021-10-31,Mozambique,Paradip,Supramax,41.39,USD,MT,4282.574623135593,481.83,123233.99
2021-10-31,US,Paradip,Capesize,18.08,USD,MT,8187.027837537748,608.89,114128.53
2021-10-31,US,Paradip,Capesize,25.7,USD,MT,7527.596919773462,537.91,111296.7
2021-10-31,US,Paradip,Panamax,27.91,USD,MT,6615.627482177074,753.76,77880.82
2021-10-31,US,Paradip,Supramax,40.94,USD,MT,4887.737486584174,493.44,142863.4
2021-11-01,Indonesia,Paradip,Panamax,29.86,USD,MT,8205.251027876646,660.71,50513.41
2021-11-01,Indonesia,Paradip,Panamax,30.06,USD,MT,7329.835173953305,408.72,68607.48
2021-11-01,Mozambique,Paradip,Capesize,21.06,USD,MT,6254.326998901559,601.43,76694.78
2021-11-01,Mozambique,Paradip,Panamax,37.71,USD,MT,3876.349473613525,513.8,95061.54
2021-11-01,Mozambique,Paradip,Panamax,28.33,USD,MT,7102.107749228136,782.23,130656.79
2021-11-02,Australia,Paradip,Supramax,43.01,USD,MT,4982.893694322953,626.4,100454.91
2021-11-02,Australia,Paradip,Supramax,43.44,USD,MT,7712.585257539121,644.02,105340.14
2021-11-02,Indonesia,Paradip,Capesize,20.32,USD,MT,8301.98395822776,616.08,82467.05
2021-11-02,Indonesia,Paradip,Capesize,27.47,USD,MT,8272.24138865777,601.04,91891.07
2021-11-02,Indonesia,Paradip,Supramax,43.48,USD,MT,7756.928222364125,602.81,128629.12
2021-11-03,Indonesia,Paradip,Panamax,31.97,USD,MT,9275.069677970125,545.67,85876.64
2021-11-03,Mozambique,Paradip,Capesize,16.52,USD,MT,3262.465815549716,633.3,129849.31
2021-11-03,Mozambique,Paradip,Panamax,30.35,USD,MT,9368.92820864413,440.26,60118.91
2021-11-03,Mozambique,Paradip,Supramax,47.13,USD,MT,9776.333989378418,418.75,77978.93
2021-11-03,US,Paradip,Capesize,16.55,USD,MT,4917.228135025324,515.53,137757.99
2021-11-04,Indonesia,Paradip,Capesize,21.47,USD,MT,8117.926338982169,605.83,59422.73
2021-11-04,Indonesia,Paradip,Panamax,33.66,USD,MT,5978.859087987351,623.8,71706.98
2021-11-04,Mozambique,Paradip,Capesize,24.27,USD,MT,8550.5889014465,760.17,115452.41
2021-11-04,Mozambique,Paradip,Capesize,23.3,USD,MT,3207.4164465449658,757.48,137350.69
2021-11-04,Russia,Paradip,Capesize,22.1,USD,MT,9822.061631314762,709.06,82683.67
2021-11-05,Australia,Paradip,Supramax,43.71,USD,MT,3246.6897417506134,546.58,77783.5
2021-11-05,Indonesia,Paradip,Capesize,20.76,USD,MT,6605.710012479608,486.2,149219.12
2021-11-05,Russia,Paradip,Panamax,33.54,USD,MT,5828.142087459408,753.83,141332.37
2021-11-05,Russia,Paradip,Panamax,32.95,USD,MT,5087.652158910818,768.19,130649.09
2021-11-05,US,Paradip,Supramax,44.01,USD,MT,4803.658975115997,656.7,133628.38
2021-11-06,Australia,Paradip,Capesize,22.76,USD,MT,6374.961914709378,521.17,92997.31
2021-11-06,Australia,Paradip,Capesize,17.29,USD,MT,3830.181618739942,787.08,73815.08
2021-11-06,Mozambique,Paradip,Capesize,24.04,USD,MT,6249.812323802144,555.43,109915.13
2021-11-06,US,Paradip,Capesize,20.41,USD,MT,7405.876485790858,771.94,107206.3
2021-11-06,US,Paradip,Supramax,43.2,USD,MT,5167.122248228356,644.32,100167.62
2021-11-07,Australia,Paradip,Capesize,23.97,USD,MT,5025.807233229666,552.85,109797.54
2021-11-07,Indonesia,Paradip,Panamax,26.46,USD,MT,4073.380938145553,789.84,88226.07
2021-11-07,Russia,Paradip,Supramax,40.18,USD,MT,7738.950303111315,452.83,51306.97
2021-11-07,US,Paradip,Capesize,18.6,USD,MT,3170.0153150119977,760.85,83361.95
2021-11-07,US,Paradip,Supramax,40.41,USD,MT,4128.083121500065,699.39,60593.98
2021-11-08,Australia,Paradip,Capesize,22.69,USD,MT,7867.917640395523,534.2,147161.48
2021-11-08,Australia,Paradip,Supramax,41.35,USD,MT,4228.824405859842,670.61,124510.47
2021-11-08,Indonesia,Paradip,Capesize,24.77,USD,MT,4850.360233857412,598.95,132077.14
2021-11-08,Mozambique,Paradip,Capesize,24.87,USD,MT,5519.360637750457,450.55,131134.02
2021-11-08,US,Paradip,Panamax,30.07,USD,MT,8019.39855311983,684.92,95770.53
2021-11-09,Australia,Paradip,Capesize,22.58,USD,MT,6705.28184363157,745.84,87649.13
2021-11-09,Mozambique,Paradip,Capesize,20.77,USD,MT,7331.123842583142,594.77,136002.67
2021-11-09,Mozambique,Paradip,Capesize,21.3,USD,MT,8077.638454964357,628.66,82784.71
2021-11-09,Russia,Paradip,Supramax,41.67,USD,MT,4619.058225007524,571.77,147914.48
2021-11-09,US,Paradip,Panamax,31.61,USD,MT,8832.813181889629,729.23,117947.63
2021-11-10,Australia,Paradip,Panamax,28.24,USD,MT,9590.414655746172,721.49,100099.23
2021-11-10,Indonesia,Paradip,Capesize,21.72,USD,MT,4527.345625798271,682.89,78333.1
2021-11-10,Russia,Paradip,Capesize,29.32,USD,MT,3731.055604685364,528.44,130684.84
2021-11-10,US,Paradip,Capesize,20.48,USD,MT,4817.258405445216,458.5,148257.28
2021-11-10,US,Paradip,Supramax,42.49,USD,MT,6455.188590795363,591.18,107970.3
2021-11-11,Australia,Paradip,Panamax,28.46,USD,MT,7267.793349230275,773.66,110889.53
2021-11-11,Indonesia,Paradip,Supramax,45.42,USD,MT,5376.641168445638,482.62,89047.96
2021-11-11,Mozambique,Paradip,Supramax,40.76,USD,MT,3204.763914314743,760.29,52076.71
2021-11-11,US,Paradip,Panamax,33.37,USD,MT,6791.012324543717,588.4,138096.66
2021-11-11,US,Paradip,Supramax,43.02,USD,MT,8989.348726991364,711.81,87472.86
2021-11-12,Australia,Paradip,Supramax,42.89,USD,MT,7453.294866323466,779.27,108772.67
2021-11-12,Indonesia,Paradip,Capesize,23.52,USD,MT,5306.069047610845,708.25,112404.89
2021-11-12,Indonesia,Paradip,Panamax,27.55,USD,MT,3511.54211911985,603.81,130427.18
2021-11-12,Mozambique,Paradip,Capesize,26.69,USD,MT,9850.103578145872,428.9,88252.65
2021-11-12,Russia,Paradip,Panamax,32.52,USD,MT,8711.781267787446,477.59,147561.59
2021-11-13,Indonesia,Paradip,Panamax,30.66,USD,MT,9807.208196621645,528.35,104972.79
2021-11-13,Mozambique,Paradip,Capesize,20.87,USD,MT,4636.200104121127,736.42,99240.4
2021-11-13,Mozambique,Paradip,Panamax,32.56,USD,MT,6811.309429959218,722.39,142466.62
2021-11-13,Russia,Paradip,Panamax,38.8,USD,MT,6199.271786625301,404.69,145761.34
2021-11-13,US,Paradip,Panamax,34.5,USD,MT,6128.349887686416,632.5,126731.55
2021-11-14,Australia,Paradip,Panamax,36.41,USD,MT,6935.489535042952,652.23,132394.51
2021-11-14,Indonesia,Paradip,Capesize,21.88,USD,MT,7538.999979877017,698.3,65197.73
2021-11-14,Mozambique,Paradip,Panamax,33.43,USD,MT,5539.230732250632,425.9,95623.84
2021-11-14,Russia,Paradip,Panamax,29.79,USD,MT,5153.309528968481,780.5,81615.73
2021-11-14,Russia,Paradip,Supramax,47.48,USD,MT,9219.42726984276,587.33,145180.58
2021-11-15,Indonesia,Paradip,Supramax,43.41,USD,MT,8252.746025873592,601.39,65047.75
2021-11-15,Mozambique,Paradip,Capesize,24.66,USD,MT,8283.525206977305,507.03,124960.24
2021-11-15,Russia,Paradip,Supramax,39.7,USD,MT,3816.466109783198,529.25,133505.57
2021-11-15,US,Paradip,Supramax,44.73,USD,MT,3625.963522665505,603.63,136738.01
2021-11-15,US,Paradip,Supramax,43.45,USD,MT,9663.087800500069,487.4,86530.64
2021-11-16,Australia,Paradip,Panamax,33.32,USD,MT,5932.446357534958,606.23,51554.83
2021-11-16,Mozambique,Paradip,Capesize,22.39,USD,MT,5526.705549271368,641.83,91649.79
2021-11-16,Russia,Paradip,Panamax,25.19,USD,MT,9995.6509164196,595.67,132236.87
2021-11-16,Russia,Paradip,Panamax,39.53,USD,MT,8981.024799784947,524.98,65357.55
2021-11-16,Russia,Paradip,Supramax,48.5,USD,MT,3713.9648988782415,651.77,143724.65
2021-11-17,Australia,Paradip,Panamax,33.89,USD,MT,8771.309475743372,758.29,112441.34
2021-11-17,Australia,Paradip,Supramax,45.59,USD,MT,6062.431204580724,697.11,121238.75
2021-11-17,Indonesia,Paradip,Capesize,27.26,USD,MT,3062.378238183872,537.46,123125.61
2021-11-17,Indonesia,Paradip,Panamax,32.02,USD,MT,9218.221163912856,655.44,123213.32
2021-11-17,US,Paradip,Capesize,21.33,USD,MT,7580.97536009876,465.92,77902.16
2021-11-18,Australia,Paradip,Capesize,23.37,USD,MT,7672.676145623584,647.24,95231.18
2021-11-18,Australia,Paradip,Panamax,32.2,USD,MT,4969.737809362881,649.07,72088.28
2021-11-18,Indonesia,Paradip,Capesize,17.19,USD,MT,9997.450593184942,506.36,114237.4
2021-11-18,US,Paradip,Panamax,29.42,USD,MT,3037.375977479011,504.08,139847.23
2021-11-18,US,Paradip,Supramax,42.83,USD,MT,3385.6081464270824,555.83,123930.94
2021-11-19,Mozambique,Paradip,Capesize,27.26,USD,MT,6714.991024488052,669.17,120400.74
2021-11-19,Mozambique,Paradip,Panamax,34.22,USD,MT,7197.943952027756,760.22,74862.73
2021-11-19,Russia,Paradip,Panamax,31.68,USD,MT,9152.9827830608,482.71,139732.81
2021-11-19,Russia,Paradip,Panamax,35.08,USD,MT,7106.45562288317,660.69,79030.14
2021-11-19,US,Paradip,Supramax,42.04,USD,MT,4783.467907033107,427.35,102180.68
2021-11-20,Mozambique,Paradip,Capesize,23.43,USD,MT,7362.173268199803,752.8,139899.81
2021-11-20,Mozambique,Paradip,Panamax,34.77,USD,MT,4185.924646827221,477.68,102623.02
2021-11-20,Mozambique,Paradip,Supramax,43.02,USD,MT,3157.707501034726,426.67,58202.09
2021-11-20,Russia,Paradip,Capesize,29.51,USD,MT,4146.170710020298,626.67,110518.48
2021-11-20,Russia,Paradip,Capesize,23.96,USD,MT,3336.5640095187778,648.23,77097.85
2021-11-21,Australia,Paradip,Capesize,23.03,USD,MT,9580.58292581937,476.23,119197.87
2021-11-21,Russia,Paradip,Panamax,38.48,USD,MT,7206.229306857546,550.58,51214.37
2021-11-21,Russia,Paradip,Panamax,35.06,USD,MT,5898.387124501098,745.14,64830.67
2021-11-21,US,Paradip,Capesize,29.67,USD,MT,3023.959921901934,564.02,105694.48
2021-11-21,US,Paradip,Panamax,30.58,USD,MT,3442.499982572559,797.44,111498.4
2021-11-22,Australia,Paradip,Capesize,21.63,USD,MT,3850.1994392571096,557.02,55603.73
2021-11-22,Australia,Paradip,Capesize,16.74,USD,MT,7057.97399874173,661.86,50010.98
2021-11-22,Australia,Paradip,Panamax,36.67,USD,MT,8965.33793759131,643.49,115600.35
2021-11-22,Russia,Paradip,Capesize,24.5,USD,MT,7813.219632986053,728.51,56813.55
2021-11-22,Russia,Paradip,Panamax,34.56,USD,MT,8602.77441904772,514.39,75497.77
2021-11-23,Mozambique,Paradip,Capesize,22.51,USD,MT,9599.9324228917,657.04,95257.86
2021-11-23,Russia,Paradip,Capesize,23.68,USD,MT,5151.575167863921,508.47,100554.6
2021-11-23,US,Paradip,Capesize,22.97,USD,MT,8638.138346118452,633.32,123834.04
2021-11-23,US,Paradip,Panamax,32.29,USD,MT,8518.1287927428,695.28,97684.48
2021-11-23,US,Paradip,Supramax,41.49,USD,MT,7238.7387439437,662.95,79176.34
2021-11-24,Australia,Paradip,Supramax,46.44,USD,MT,7877.14931014037,702.81,114289.58
2021-11-24,Indonesia,Paradip,Supramax,43.63,USD,MT,3831.546513006747,460.98,77545.1
2021-11-24,Indonesia,Paradip,Supramax,44.18,USD,MT,9218.133414246344,783.93,50572.59
2021-11-24,Mozambique,Paradip,Capesize,30.49,USD,MT,3822.3302670029175,790.93,121566.89
2021-11-24,Mozambique,Paradip,Supramax,49.24,USD,MT,6084.138334949261,652.36,72846.71
2021-11-25,Indonesia,Paradip,Supramax,42.35,USD,MT,6720.860495088598,527.34,51565.36
2021-11-25,Mozambique,Paradip,Panamax,34.36,USD,MT,5468.03644987191,568.2,105439.8
2021-11-25,Mozambique,Paradip,Panamax,38.18,USD,MT,4470.739221108133,581.08,111055.94
2021-11-25,Russia,Paradip,Supramax,46.46,USD,MT,9113.156965678212,747.91,124350.16
2021-11-25,US,Paradip,Supramax,43.69,USD,MT,6766.222301565189,702.44,113526.36
2021-11-26,Australia,Paradip,Capesize,19.79,USD,MT,9297.769313329743,431.29,146342.09
2021-11-26,Australia,Paradip,Capesize,25.29,USD,MT,8705.211807248927,597.01,60230.18
2021-11-26,Australia,Paradip,Supramax,42.43,USD,MT,6658.604590669236,763.62,52047.26
2021-11-26,Russia,Paradip,Supramax,42.87,USD,MT,5003.996174979923,467.85,59909.93
2021-11-26,US,Paradip,Capesize,19.53,USD,MT,9703.975998635166,721.87,138359.82
2021-11-27,Australia,Paradip,Supramax,46.49,USD,MT,8082.631055232603,667.97,71573.02
2021-11-27,Mozambique,Paradip,Panamax,27.04,USD,MT,7599.4648976727185,752.44,50019.78
2021-11-27,US,Paradip,Capesize,21.25,USD,MT,4569.4400811578425,433.14,118009.52
2021-11-27,US,Paradip,Panamax,33.59,USD,MT,9610.383619871754,417.51,102325.37
2021-11-27,US,Paradip,Panamax,36.54,USD,MT,6110.735929744172,431.11,131493.37
2021-11-28,Australia,Paradip,Supramax,47.82,USD,MT,5402.139043768459,526.75,103576.14
2021-11-28,Mozambique,Paradip,Panamax,32.94,USD,MT,4634.060953839617,607.82,147790.03
2021-11-28,Russia,Paradip,Capesize,27.39,USD,MT,3578.215059370312,412.94,68256.35
2021-11-28,Russia,Paradip,Capesize,24.46,USD,MT,5333.57087907828,610.11,89650.53
2021-11-28,US,Paradip,Capesize,25.21,USD,MT,7261.853457359954,536.63,62545.9
2021-11-29,Indonesia,Paradip,Supramax,48.11,USD,MT,7779.08431815349,565.65,95289.42
2021-11-29,Indonesia,Paradip,Supramax,39.84,USD,MT,3679.986891718519,777.58,72488.86
2021-11-29,Russia,Paradip,Panamax,30.25,USD,MT,5673.420962003267,730.6,103295.29
2021-11-29,Russia,Paradip,Supramax,44.21,USD,MT,7371.7012867665135,525.28,126702.12
2021-11-29,US,Paradip,Panamax,38.42,USD,MT,5017.166180532499,644.27,58094.21
2021-11-30,Indonesia,Paradip,Supramax,43.72,USD,MT,9328.556161504534,622.3,70883.43
2021-11-30,Mozambique,Paradip,Capesize,24.81,USD,MT,7857.542579644037,704.28,52167.96
2021-11-30,Russia,Paradip,Panamax,35.49,USD,MT,8936.569181546594,522.74,80560.91
2021-11-30,US,Paradip,Capesize,24.66,USD,MT,3870.023522221368,444.96,146767.82
2021-11-30,US,Paradip,Panamax,37.14,USD,MT,6493.849819648707,434.85,76070.61
2021-12-01,Australia,Paradip,Supramax,41.99,USD,MT,9642.10511404398,788.81,143251.32
2021-12-01,Indonesia,Paradip,Panamax,39.52,USD,MT,8556.323959944275,745.46,82330.76
2021-12-01,Russia,Paradip,Supramax,42.41,USD,MT,8096.766528478306,558.09,63147.01
2021-12-01,Russia,Paradip,Supramax,40.58,USD,MT,7902.894151628995,643.06,81104.84
2021-12-01,US,Paradip,Panamax,33.45,USD,MT,6858.613646184059,662.17,132809.45
2021-12-02,Australia,Paradip,Supramax,44.76,USD,MT,9710.271758534744,718.88,134390.6
2021-12-02,Indonesia,Paradip,Panamax,33.61,USD,MT,7701.690509799527,495.34,137839.2
2021-12-02,Mozambique,Paradip,Capesize,29.37,USD,MT,5937.596276506516,539.75,129651.0
2021-12-02,Mozambique,Paradip,Panamax,39.74,USD,MT,7692.99896217633,667.46,116966.42
2021-12-02,Mozambique,Paradip,Panamax,32.63,USD,MT,4899.40769791011,657.8,83527.49
2021-12-03,Australia,Paradip,Supramax,43.18,USD,MT,9747.46315159968,741.71,131345.09
2021-12-03,Mozambique,Paradip,Supramax,50.28,USD,MT,5843.393960961475,581.16,63858.3
2021-12-03,Russia,Paradip,Capesize,27.37,USD,MT,4234.664898173718,520.19,73587.81
2021-12-03,US,Paradip,Capesize,25.03,USD,MT,5259.330846344847,511.23,128245.0
2021-12-03,US,Paradip,Supramax,38.71,USD,MT,7524.556334146406,420.25,127228.0
2021-12-04,Australia,Paradip,Capesize,25.43,USD,MT,6119.373011554242,689.12,52642.22
2021-12-04,Indonesia,Paradip,Capesize,18.72,USD,MT,8926.76077276092,430.78,87095.23
2021-12-04,Mozambique,Paradip,Capesize,25.35,USD,MT,7562.681896847365,742.02,79321.02
2021-12-04,Mozambique,Paradip,Panamax,36.09,USD,MT,4863.37317143512,511.5,52882.8
2021-12-04,Russia,Paradip,Supramax,42.75,USD,MT,8587.851924651806,528.53,71964.21
2021-12-05,Indonesia,Paradip,Capesize,22.83,USD,MT,3027.4089209281656,560.21,88694.24
2021-12-05,Mozambique,Paradip,Supramax,45.06,USD,MT,6236.783089860708,704.41,98675.43
2021-12-05,US,Paradip,Capesize,25.4,USD,MT,3213.003335965778,590.74,142523.04
2021-12-05,US,Paradip,Panamax,32.82,USD,MT,6043.307589719166,502.52,85033.07
2021-12-05,US,Paradip,Supramax,42.72,USD,MT,6096.09833469866,731.62,113484.74
2021-12-06,Australia,Paradip,Panamax,35.86,USD,MT,8591.824999393913,590.77,102855.96
2021-12-06,Russia,Paradip,Capesize,26.82,USD,MT,9241.89511438078,545.06,55653.64
2021-12-06,Russia,Paradip,Capesize,28.07,USD,MT,7263.121816878352,734.31,70787.76
2021-12-06,Russia,Paradip,Supramax,45.72,USD,MT,3481.193812678325,685.95,143780.08
2021-12-06,US,Paradip,Capesize,24.86,USD,MT,3079.9280698121297,720.2,143953.87
2021-12-07,Australia,Paradip,Panamax,33.56,USD,MT,5721.405690937641,523.23,96987.03
2021-12-07,Indonesia,Paradip,Capesize,24.72,USD,MT,9727.52292240515,588.13,73748.16
2021-12-07,Indonesia,Paradip,Capesize,18.99,USD,MT,6800.4840336057705,616.38,60481.81
2021-12-07,Russia,Paradip,Capesize,26.59,USD,MT,9959.682635819428,655.08,119686.93
2021-12-07,US,Paradip,Supramax,45.32,USD,MT,5709.855023881851,764.08,120393.47
2021-12-08,Australia,Paradip,Panamax,42.14,USD,MT,5839.073188327135,674.16,113323.38
2021-12-08,Australia,Paradip,Panamax,33.87,USD,MT,7397.906124331876,581.72,141096.79
2021-12-08,Indonesia,Paradip,Capesize,31.8,USD,MT,3747.724254658099,434.79,81598.82
2021-12-08,Indonesia,Paradip,Panamax,36.07,USD,MT,8614.142863430487,687.6,97384.12
2021-12-08,Mozambique,Paradip,Capesize,24.79,USD,MT,6924.663571325589,546.51,107985.63
2021-12-09,Australia,Paradip,Supramax,49.62,USD,MT,6322.007940575242,480.98,110617.82
2021-12-09,Indonesia,Paradip,Capesize,27.11,USD,MT,6887.534656931026,691.05,93611.36
2021-12-09,Indonesia,Paradip,Supramax,42.22,USD,MT,6129.9062009441295,427.75,66070.77
2021-12-09,Mozambique,Paradip,Supramax,46.72,USD,MT,8128.478305985269,406.49,99669.02
2021-12-09,US,Paradip,Panamax,39.09,USD,MT,6433.470579059203,547.55,108399.07
2021-12-10,Australia,Paradip,Panamax,37.7,USD,MT,9103.347814690747,470.67,146974.32
2021-12-10,Australia,Paradip,Panamax,34.23,USD,MT,6890.386189271198,754.66,97185.95
2021-12-10,Indonesia,Paradip,Capesize,31.15,USD,MT,8333.252458468105,517.09,118436.19
2021-12-10,Indonesia,Paradip,Panamax,34.21,USD,MT,5252.068104488386,530.4,125999.01
2021-12-10,Russia,Paradip,Capesize,27.72,USD,MT,6025.574878435038,477.48,84232.83
2021-12-11,Australia,Paradip,Panamax,36.82,USD,MT,4738.584625446938,755.05,148517.64
2021-12-11,Indonesia,Paradip,Capesize,21.46,USD,MT,8023.490579222298,502.33,119027.13
2021-12-11,Mozambique,Paradip,Capesize,29.75,USD,MT,7956.970393731778,481.75,116795.64
2021-12-11,Mozambique,Paradip,Supramax,48.77,USD,MT,5909.424051979238,770.27,134281.22
2021-12-11,US,Paradip,Supramax,45.86,USD,MT,3190.553847532506,441.23,105459.55
2021-12-12,Australia,Paradip,Capesize,25.89,USD,MT,6685.975435338816,767.55,133217.32
2021-12-12,Indonesia,Paradip,Capesize,22.26,USD,MT,3536.069960455798,520.99,68892.92
2021-12-12,Indonesia,Paradip,Panamax,37.11,USD,MT,5468.570257170906,578.96,117544.17
2021-12-12,Mozambique,Paradip,Capesize,25.52,USD,MT,3710.3161482509,582.63,121128.64
2021-12-12,US,Paradip,Capesize,32.71,USD,MT,6194.221417416209,431.86,114932.67
2021-12-13,Australia,Paradip,Supramax,47.89,USD,MT,4674.803217688488,627.35,70724.99
2021-12-13,Indonesia,Paradip,Panamax,33.2,USD,MT,5538.965547595986,689.47,104516.29
2021-12-13,Mozambique,Paradip,Capesize,26.34,USD,MT,8303.189129597995,550.85,111181.01
2021-12-13,US,Paradip,Capesize,27.08,USD,MT,7228.968823997257,715.16,67333.35
2021-12-13,US,Paradip,Panamax,37.88,USD,MT,9104.497604313792,539.34,78220.34
2021-12-14,Australia,Paradip,Capesize,22.39,USD,MT,9550.701596665142,497.21,132931.47
2021-12-14,Australia,Paradip,Panamax,40.73,USD,MT,6655.685118843179,740.57,138786.37
2021-12-14,Indonesia,Paradip,Capesize,27.06,USD,MT,4875.311796653504,457.18,51125.58
2021-12-14,Indonesia,Paradip,Supramax,49.75,USD,MT,6735.419985586341,436.34,64692.9
2021-12-14,Mozambique,Paradip,Capesize,28.3,USD,MT,3838.238319104812,694.14,148282.85
2021-12-15,Australia,Paradip,Capesize,20.86,USD,MT,3176.53646634209,727.05,55220.39
2021-12-15,Australia,Paradip,Panamax,38.09,USD,MT,7439.032585563163,507.09,53999.37
2021-12-15,Australia,Paradip,Supramax,50.46,USD,MT,4182.106781111602,502.27,147966.78
2021-12-15,Russia,Paradip,Capesize,27.07,USD,MT,6321.244333603294,587.61,54514.91
2021-12-15,US,Paradip,Supramax,49.11,USD,MT,3695.236219708411,498.85,138705.32
2021-12-16,Australia,Paradip,Supramax,44.48,USD,MT,6922.948922822932,584.48,58466.82
2021-12-16,Indonesia,Paradip,Supramax,52.04,USD,MT,9749.83405795639,667.47,110729.87
2021-12-16,Mozambique,Paradip,Capesize,27.61,USD,MT,7633.861426440812,481.29,90575.43
2021-12-16,Mozambique,Paradip,Panamax,37.51,USD,MT,9005.585638049943,514.39,104138.97
2021-12-16,Russia,Paradip,Panamax,37.0,USD,MT,7986.775497429703,796.75,79201.41
2021-12-17,Australia,Paradip,Supramax,48.94,USD,MT,5975.562838884896,482.81,91335.75
2021-12-17,Mozambique,Paradip,Panamax,34.07,USD,MT,9147.240385157264,454.02,132590.41
2021-12-17,Russia,Paradip,Capesize,27.33,USD,MT,6977.003657105908,504.68,96252.39
2021-12-17,Russia,Paradip,Capesize,27.46,USD,MT,9230.6471203218,623.74,60132.28
2021-12-17,Russia,Paradip,Panamax,41.83,USD,MT,3600.515027728401,547.28,123119.73
2021-12-18,Australia,Paradip,Capesize,27.5,USD,MT,6217.096661996704,588.52,54175.41
2021-12-18,Indonesia,Paradip,Capesize,25.68,USD,MT,3137.0244478248683,712.18,129245.26
2021-12-18,Indonesia,Paradip,Supramax,48.25,USD,MT,5143.070896668503,639.55,143806.87
2021-12-18,Russia,Paradip,Supramax,49.3,USD,MT,9892.912785399374,792.76,114010.18
2021-12-18,US,Paradip,Panamax,41.06,USD,MT,5825.797375340424,610.19,132636.74
2021-12-19,Australia,Paradip,Capesize,27.3,USD,MT,8296.249414130718,403.85,89766.58
2021-12-19,Indonesia,Paradip,Supramax,47.68,USD,MT,5259.605448525923,417.7,109746.84
2021-12-19,Indonesia,Paradip,Supramax,49.04,USD,MT,3698.8126715369344,636.03,137524.16
2021-12-19,Mozambique,Paradip,Panamax,35.59,USD,MT,8429.232803708688,508.14,114059.48
2021-12-19,Mozambique,Paradip,Supramax,47.33,USD,MT,9315.49719409531,749.13,79541.81
2021-12-20,Australia,Paradip,Supramax,51.4,USD,MT,6558.606478912762,773.49,76212.66
2021-12-20,Australia,Paradip,Supramax,49.14,USD,MT,9964.999591169348,599.21,118700.47
2021-12-20,Indonesia,Paradip,Panamax,39.22,USD,MT,5855.164201264989,750.34,109002.26
2021-12-20,Russia,Paradip,Supramax,48.09,USD,MT,4925.946520155385,569.26,113689.48
2021-12-20,Russia,Paradip,Supramax,47.63,USD,MT,5822.854761946352,731.73,139428.1
2021-12-21,Australia,Paradip,Capesize,26.37,USD,MT,9896.701771249647,733.55,71778.53
2021-12-21,Australia,Paradip,Supramax,46.97,USD,MT,3017.1021931817218,567.5,140231.54
2021-12-21,Russia,Paradip,Panamax,37.88,USD,MT,5832.802054460022,558.42,115979.94
2021-12-21,Russia,Paradip,Panamax,41.87,USD,MT,8083.6219372913,661.43,138777.34
2021-12-21,US,Paradip,Panamax,36.26,USD,MT,5824.7923929685685,469.36,109724.33
2021-12-22,Australia,Paradip,Capesize,27.15,USD,MT,7008.795256305852,562.93,53249.15
2021-12-22,Indonesia,Paradip,Panamax,40.17,USD,MT,4753.291129592277,614.44,145230.96
2021-12-22,Russia,Paradip,Capesize,30.29,USD,MT,8616.377815437816,793.7,132312.91
2021-12-22,Russia,Paradip,Supramax,48.32,USD,MT,7658.146746895225,744.03,97163.65
2021-12-22,US,Paradip,Capesize,29.94,USD,MT,8544.951524965578,781.93,121434.0
2021-12-23,Australia,Paradip,Capesize,30.78,USD,MT,4472.3090633966685,425.14,82169.07
2021-12-23,Indonesia,Paradip,Supramax,48.66,USD,MT,4517.251140316761,526.72,50992.07
2021-12-23,Mozambique,Paradip,Capesize,25.11,USD,MT,4318.621524192747,475.68,124475.1
2021-12-23,Russia,Paradip,Supramax,55.22,USD,MT,8660.89977831307,564.56,66839.22
2021-12-23,Russia,Paradip,Supramax,45.74,USD,MT,6156.094675833042,710.83,92234.95
2021-12-24,Indonesia,Paradip,Capesize,28.19,USD,MT,6414.327130661008,525.75,55665.48
2021-12-24,Indonesia,Paradip,Capesize,32.16,USD,MT,6717.840080522596,773.85,51307.75
2021-12-24,Mozambique,Paradip,Capesize,31.08,USD,MT,8274.260837359563,517.61,66122.21
2021-12-24,Mozambique,Paradip,Panamax,39.88,USD,MT,6275.065653539363,463.36,89706.19
2021-12-24,US,Paradip,Panamax,39.24,USD,MT,8782.241596112945,462.82,137749.18
2021-12-25,Indonesia,Paradip,Panamax,35.99,USD,MT,8643.77439667996,637.41,53261.03
2021-12-25,Mozambique,Paradip,Capesize,27.49,USD,MT,5687.04039096253,578.56,63531.06
2021-12-25,Mozambique,Paradip,Capesize,30.89,USD,MT,7812.885767080624,713.18,130179.9
2021-12-25,Russia,Paradip,Capesize,28.43,USD,MT,6071.569742750604,716.37,76139.11
2021-12-25,Russia,Paradip,Supramax,47.35,USD,MT,8613.59536334531,531.27,130270.53
2021-12-26,Australia,Paradip,Capesize,30.7,USD,MT,7897.624619258024,644.38,141450.78
2021-12-26,Australia,Paradip,Supramax,51.34,USD,MT,5941.759060492639,539.44,61081.8
2021-12-26,Mozambique,Paradip,Capesize,24.61,USD,MT,6451.143354310243,560.65,89263.82
2021-12-26,US,Paradip,Capesize,31.02,USD,MT,8341.747272587376,732.61,52101.65
2021-12-26,US,Paradip,Capesize,26.18,USD,MT,5667.861034890755,741.11,70988.98
2021-12-27,Indonesia,Paradip,Capesize,29.98,USD,MT,6739.600300105005,425.1,112383.22
2021-12-27,Indonesia,Paradip,Panamax,36.65,USD,MT,7623.963363965528,582.45,145442.55
2021-12-27,Russia,Paradip,Supramax,49.74,USD,MT,7325.03752104701,418.67,109929.63
2021-12-27,US,Paradip,Capesize,37.08,USD,MT,9725.06038609314,508.3,148297.94
2021-12-27,US,Paradip,Panamax,37.98,USD,MT,4943.771655967478,692.82,95643.34
2021-12-28,Australia,Paradip,Capesize,28.54,USD,MT,8925.448616338426,577.96,69965.33
2021-12-28,Indonesia,Paradip,Capesize,31.29,USD,MT,4520.724985706873,410.11,62250.42
2021-12-28,Russia,Paradip,Capesize,31.94,USD,MT,3139.498352440685,524.31,90634.38
2021-12-28,Russia,Paradip,Panamax,38.88,USD,MT,4947.609890528895,769.61,69500.11
2021-12-28,US,Paradip,Capesize,29.03,USD,MT,9640.769152630171,407.59,83173.67
2021-12-29,Australia,Paradip,Capesize,32.91,USD,MT,9816.412985724482,744.69,149743.17
2021-12-29,Australia,Paradip,Capesize,25.18,USD,MT,5207.728575229059,432.88,57942.98
2021-12-29,Australia,Paradip,Panamax,28.97,USD,MT,9919.624689485545,565.56,128513.76
2021-12-29,Australia,Paradip,Panamax,42.09,USD,MT,8882.583994670902,564.08,62446.59
2021-12-29,Australia,Paradip,Panamax,38.03,USD,MT,3964.476481770706,756.11,56728.85
2021-12-30,Australia,Paradip,Capesize,27.97,USD,MT,6796.450949453591,795.8,51989.32
2021-12-30,Australia,Paradip,Panamax,41.89,USD,MT,8712.536777487454,793.67,137652.93
2021-12-30,Indonesia,Paradip,Supramax,46.79,USD,MT,3967.832073251591,533.03,77918.64
2021-12-30,Mozambique,Paradip,Supramax,48.41,USD,MT,3972.1679306115007,730.94,146423.5
2021-12-30,Russia,Paradip,Capesize,33.98,USD,MT,4995.17043864412,575.58,59593.8
2021-12-31,Australia,Paradip,Panamax,38.78,USD,MT,8186.061085634346,789.87,89882.11
2021-12-31,Australia,Paradip,Supramax,50.23,USD,MT,5959.478124264015,419.45,93856.22
2021-12-31,Russia,Paradip,Capesize,31.48,USD,MT,9185.025941155473,666.78,107336.25
2021-12-31,US,Paradip,Panamax,38.76,USD,MT,5872.146678800278,443.64,135607.21
2021-12-31,US,Paradip,Supramax,54.39,USD,MT,9253.614811527888,766.19,68576.67
2022-01-01,Indonesia,Paradip,Panamax,49.67,USD,MT,7524.153554872019,610.12,71995.1
2022-01-01,Mozambique,Paradip,Capesize,35.05,USD,MT,8641.036095353873,642.63,131371.86
2022-01-01,Mozambique,Paradip,Panamax,42.21,USD,MT,7877.91547054955,773.78,110959.62
2022-01-01,Russia,Paradip,Panamax,49.81,USD,MT,3389.162985161015,669.49,70417.95
2022-01-01,US,Paradip,Capesize,34.81,USD,MT,3463.090796882492,515.99,64426.86
2022-01-02,Australia,Paradip,Panamax,46.08,USD,MT,5960.774625273823,718.72,69852.97
2022-01-02,Indonesia,Paradip,Capesize,31.1,USD,MT,7679.845037049821,744.75,135876.44
2022-01-02,Indonesia,Paradip,Panamax,42.46,USD,MT,6597.329534600856,474.15,108095.76
2022-01-02,Mozambique,Paradip,Supramax,56.76,USD,MT,8740.349069370921,758.11,129370.92
2022-01-02,Russia,Paradip,Panamax,46.38,USD,MT,8184.458773255095,765.38,82758.88
2022-01-03,Australia,Paradip,Capesize,33.89,USD,MT,7154.966592800735,409.9,146644.02
2022-01-03,Indonesia,Paradip,Panamax,46.35,USD,MT,3760.12829669048,776.92,113374.87
2022-01-03,Mozambique,Paradip,Supramax,56.08,USD,MT,9539.484723805628,522.99,96474.23
2022-01-03,Russia,Paradip,Capesize,34.61,USD,MT,8159.902820428269,775.09,144590.8
2022-01-03,US,Paradip,Panamax,44.42,USD,MT,5274.202274938441,564.05,108808.46
2022-01-04,Indonesia,Paradip,Supramax,54.9,USD,MT,9848.258614044447,519.31,73722.05
2022-01-04,Mozambique,Paradip,Panamax,48.78,USD,MT,8205.091594080188,510.2,147588.4
2022-01-04,Russia,Paradip,Supramax,53.65,USD,MT,8264.598616615534,637.45,52822.02
2022-01-04,US,Paradip,Capesize,29.64,USD,MT,4279.746774542364,682.5,83831.03
2022-01-04,US,Paradip,Panamax,46.95,USD,MT,6448.697504869386,760.02,124196.05
2022-01-05,Australia,Paradip,Panamax,44.76,USD,MT,7508.234731612456,583.65,120557.24
2022-01-05,Indonesia,Paradip,Panamax,44.66,USD,MT,4118.747247296296,729.18,97164.39
2022-01-05,Mozambique,Paradip,Capesize,44.7,USD,MT,3904.6976493297216,635.45,83823.1
2022-01-05,Russia,Paradip,Panamax,52.65,USD,MT,7414.506748142099,437.12,134061.39
2022-01-05,US,Paradip,Supramax,56.49,USD,MT,6613.461880910298,766.9,65360.81
2022-01-06,Australia,Paradip,Capesize,39.59,USD,MT,6935.203997348369,528.87,134284.62
2022-01-06,Indonesia,Paradip,Panamax,52.21,USD,MT,4634.989031583848,479.5,130277.36
2022-01-06,Indonesia,Paradip,Supramax,58.99,USD,MT,5285.879478180445,543.55,128524.01
2022-01-06,US,Paradip,Capesize,35.11,USD,MT,3975.6111572694263,442.2,133909.58
2022-01-06,US,Paradip,Panamax,45.94,USD,MT,5010.411712900943,501.22,75035.43
2022-01-07,Russia,Paradip,Capesize,33.45,USD,MT,3056.1958047306125,700.35,123149.04
2022-01-07,Russia,Paradip,Supramax,58.87,USD,MT,9129.700290654222,558.78,98831.36
2022-01-07,Russia,Paradip,Supramax,51.14,USD,MT,7062.4330720251055,646.36,81513.69
2022-01-07,US,Paradip,Capesize,31.96,USD,MT,3966.006578016859,574.03,140233.08
2022-01-07,US,Paradip,Capesize,33.61,USD,MT,4821.025555972855,689.63,137443.26
2022-01-08,Australia,Paradip,Capesize,39.01,USD,MT,4626.760712485639,449.92,99744.72
2022-01-08,Australia,Paradip,Panamax,42.09,USD,MT,9763.863711354776,735.57,73474.15
2022-01-08,Australia,Paradip,Panamax,39.67,USD,MT,5596.239525599839,703.53,78602.94
2022-01-08,Indonesia,Paradip,Supramax,58.61,USD,MT,6496.877826280237,675.48,127090.85
2022-01-08,Mozambique,Paradip,Capesize,38.16,USD,MT,4108.372835972157,588.49,145087.75
2022-01-09,Australia,Paradip,Capesize,39.52,USD,MT,5521.42169321188,726.06,98670.94
2022-01-09,Indonesia,Paradip,Supramax,61.65,USD,MT,3919.1330563309407,700.17,75058.04
2022-01-09,Russia,Paradip,Capesize,35.63,USD,MT,7248.082430651912,409.67,61394.47
2022-01-09,Russia,Paradip,Panamax,46.45,USD,MT,7227.447430060011,403.61,58062.88
2022-01-09,Russia,Paradip,Panamax,47.72,USD,MT,7856.831327559225,457.6,123725.66
2022-01-10,Australia,Paradip,Supramax,54.31,USD,MT,3284.9149980314746,451.84,123338.78
2022-01-10,Mozambique,Paradip,Capesize,36.28,USD,MT,3779.774283837144,459.45,87475.92
2022-01-10,Russia,Paradip,Supramax,58.13,USD,MT,8866.809104617594,420.29,66494.55
2022-01-10,Russia,Paradip,Supramax,54.66,USD,MT,5018.022729035041,442.12,145559.17
2022-01-10,Russia,Paradip,Supramax,53.86,USD,MT,7016.905717334512,735.93,127845.95
2022-01-11,Australia,Paradip,Capesize,36.38,USD,MT,9058.06447539178,744.52,95016.16
2022-01-11,Australia,Paradip,Panamax,51.59,USD,MT,9287.130406190725,599.42,135660.5
2022-01-11,Mozambique,Paradip,Panamax,53.42,USD,MT,5917.417686292956,401.49,79723.67
2022-01-11,Russia,Paradip,Supramax,55.23,USD,MT,9119.768303167642,460.22,80366.48
2022-01-11,US,Paradip,Panamax,48.61,USD,MT,9990.143901024658,507.64,70646.55
2022-01-12,Indonesia,Paradip,Capesize,34.07,USD,MT,4616.427271323385,459.16,76520.4
2022-01-12,Indonesia,Paradip,Supramax,61.4,USD,MT,9790.739055003538,679.5,55064.19
2022-01-12,Mozambique,Paradip,Capesize,42.45,USD,MT,5238.50190011518,670.57,54215.93
2022-01-12,Russia,Paradip,Panamax,45.35,USD,MT,4936.317613566597,519.95,76731.48
2022-01-12,US,Paradip,Supramax,58.36,USD,MT,6300.267798854329,447.25,54513.99
2022-01-13,Australia,Paradip,Capesize,43.17,USD,MT,9199.16917706858,590.75,149917.26
2022-01-13,Australia,Paradip,Capesize,41.14,USD,MT,9584.045623429778,622.22,143766.05
2022-01-13,Australia,Paradip,Panamax,45.1,USD,MT,9875.229190267712,520.79,97732.78
2022-01-13,Mozambique,Paradip,Supramax,60.48,USD,MT,4910.908001815194,567.25,50323.44
2022-01-13,Russia,Paradip,Supramax,58.79,USD,MT,5432.869711622983,567.24,145903.34
2022-01-14,Indonesia,Paradip,Panamax,50.6,USD,MT,8648.066627664335,782.48,144372.42
2022-01-14,Mozambique,Paradip,Supramax,58.02,USD,MT,7675.944124063186,593.39,52651.32
2022-01-14,Mozambique,Paradip,Supramax,57.23,USD,MT,8222.089746350266,478.89,138039.16
2022-01-14,US,Paradip,Capesize,36.75,USD,MT,8161.300349283433,442.28,54779.78
2022-01-14,US,Paradip,Supramax,58.6,USD,MT,9298.870855287403,422.17,98991.68
2022-01-15,Indonesia,Paradip,Capesize,36.16,USD,MT,9655.026196354524,716.45,73201.16
2022-01-15,Mozambique,Paradip,Capesize,38.87,USD,MT,5647.689316723088,520.31,124819.2
2022-01-15,Mozambique,Paradip,Supramax,56.98,USD,MT,3967.812019723415,541.24,124868.85
2022-01-15,Mozambique,Paradip,Supramax,58.98,USD,MT,5658.970821320543,496.21,114547.29
2022-01-15,Russia,Paradip,Panamax,51.39,USD,MT,6507.163116829569,472.62,141262.53
2022-01-16,Indonesia,Paradip,Panamax,51.4,USD,MT,9432.749583464756,638.46,63857.01
2022-01-16,Mozambique,Paradip,Capesize,40.91,USD,MT,5235.48397528116,692.37,88905.55
2022-01-16,Mozambique,Paradip,Capesize,38.07,USD,MT,8188.454308846366,421.48,79161.18
2022-01-16,Russia,Paradip,Panamax,45.19,USD,MT,8360.513718777156,652.08,101125.62
2022-01-16,US,Paradip,Capesize,34.43,USD,MT,7558.365703258339,576.32,71427.0
2022-01-17,Mozambique,Paradip,Capesize,37.76,USD,MT,8410.706184416718,711.29,107206.39
2022-01-17,Mozambique,Paradip,Panamax,51.39,USD,MT,4664.764199179072,548.79,70184.14
2022-01-17,Mozambique,Paradip,Panamax,50.17,USD,MT,6773.727667570232,534.52,77167.01
2022-01-17,Russia,Paradip,Supramax,58.68,USD,MT,5010.260384443545,553.26,93893.9
2022-01-17,US,Paradip,Panamax,45.65,USD,MT,8979.026007758106,743.86,115486.01
2022-01-18,Australia,Paradip,Capesize,32.97,USD,MT,7183.903631957535,517.17,148198.79
2022-01-18,Indonesia,Paradip,Panamax,45.55,USD,MT,9065.863777332115,544.91,51698.5
2022-01-18,Mozambique,Paradip,Supramax,52.38,USD,MT,6579.144280831002,451.68,59392.65
2022-01-18,Mozambique,Paradip,Supramax,59.73,USD,MT,7927.613793389092,697.79,76114.15
2022-01-18,Russia,Paradip,Panamax,53.06,USD,MT,8418.146165546379,598.31,117134.75
2022-01-19,Australia,Paradip,Capesize,40.24,USD,MT,5677.038614159152,728.37,76785.7
2022-01-19,Australia,Paradip,Supramax,63.22,USD,MT,5332.107877799968,724.17,149327.6
2022-01-19,Indonesia,Paradip,Capesize,42.04,USD,MT,6551.558787793043,791.07,108827.73
2022-01-19,Indonesia,Paradip,Supramax,60.71,USD,MT,7905.823162369978,512.67,69192.24
2022-01-19,US,Paradip,Capesize,42.48,USD,MT,5540.457437253483,456.73,89687.45
2022-01-20,Indonesia,Paradip,Capesize,38.21,USD,MT,3893.733713407204,426.83,73610.33
2022-01-20,Indonesia,Paradip,Capesize,39.15,USD,MT,9315.4631478711,765.41,65213.03
2022-01-20,Indonesia,Paradip,Supramax,58.62,USD,MT,9012.99826445738,671.2,100316.46
2022-01-20,Mozambique,Paradip,Capesize,36.02,USD,MT,7219.140458008174,693.23,116788.67
2022-01-20,US,Paradip,Capesize,35.27,USD,MT,7975.039902204333,636.31,139469.45
2022-01-21,Indonesia,Paradip,Capesize,34.65,USD,MT,6974.588798276845,587.68,144587.47
2022-01-21,Indonesia,Paradip,Supramax,53.74,USD,MT,9366.03633605942,741.26,129481.32
2022-01-21,Mozambique,Paradip,Supramax,64.26,USD,MT,3586.346780102741,778.12,66050.52
2022-01-21,Mozambique,Paradip,Supramax,55.16,USD,MT,9080.795656528922,557.67,102214.38
2022-01-21,US,Paradip,Panamax,49.13,USD,MT,7105.022548967294,691.27,71679.31
2022-01-22,Australia,Paradip,Panamax,46.84,USD,MT,8690.659031731731,644.74,79874.05
2022-01-22,Australia,Paradip,Supramax,65.19,USD,MT,6555.009403810225,592.19,101616.82
2022-01-22,Mozambique,Paradip,Panamax,47.66,USD,MT,8465.304156592418,653.52,106596.58
2022-01-22,US,Paradip,Capesize,35.56,USD,MT,9434.815263369062,413.93,70084.24
2022-01-22,US,Paradip,Supramax,59.3,USD,MT,8423.840979681408,773.79,94896.06
2022-01-23,Australia,Paradip,Capesize,33.54,USD,MT,6164.248343034139,626.61,71972.92
2022-01-23,Indonesia,Paradip,Panamax,43.79,USD,MT,4384.271178601144,663.56,115834.57
2022-01-23,Mozambique,Paradip,Capesize,35.62,USD,MT,6924.861667747637,421.97,92503.58
2022-01-23,Mozambique,Paradip,Capesize,45.98,USD,MT,5186.495425147728,666.33,107553.68
2022-01-23,Russia,Paradip,Capesize,41.71,USD,MT,6566.947658088557,715.48,113270.34
2022-01-24,Mozambique,Paradip,Capesize,38.18,USD,MT,4234.281293269982,425.32,108414.91
2022-01-24,Mozambique,Paradip,Panamax,46.78,USD,MT,9027.914795209916,552.48,144505.43
2022-01-24,Mozambique,Paradip,Supramax,60.88,USD,MT,4161.592046082293,704.49,61316.21
2022-01-24,Russia,Paradip,Capesize,36.22,USD,MT,6764.0539227222125,551.7,134305.7
2022-01-24,US,Paradip,Panamax,45.05,USD,MT,7069.663226144338,795.97,79529.64
2022-01-25,Mozambique,Paradip,Panamax,49.99,USD,MT,8328.95284929064,518.05,101392.39
2022-01-25,Mozambique,Paradip,Supramax,58.8,USD,MT,5450.30068442867,662.09,54213.07
2022-01-25,Russia,Paradip,Panamax,46.58,USD,MT,6091.1185041743975,634.13,68066.46
2022-01-25,US,Paradip,Panamax,48.91,USD,MT,4738.816670184906,523.58,56539.2
2022-01-25,US,Paradip,Supramax,60.03,USD,MT,6476.552249187356,478.88,135209.27
2022-01-26,Indonesia,Paradip,Panamax,46.2,USD,MT,7600.569654760552,700.51,98657.07
2022-01-26,Indonesia,Paradip,Supramax,63.14,USD,MT,6433.71131855953,631.72,64970.75
2022-01-26,Mozambique,Paradip,Supramax,59.02,USD,MT,4056.616376647963,604.57,115923.41
2022-01-26,Mozambique,Paradip,Supramax,57.31,USD,MT,9387.169821042,614.87,100147.2
2022-01-26,US,Paradip,Panamax,44.63,USD,MT,5108.772292943243,559.37,124520.55
2022-01-27,Mozambique,Paradip,Supramax,62.0,USD,MT,9180.17732250792,576.61,81336.28
2022-01-27,US,Paradip,Panamax,47.11,USD,MT,8646.80867855483,689.8,53213.21
2022-01-27,US,Paradip,Panamax,54.6,USD,MT,7499.488725709454,442.27,55956.64
2022-01-27,US,Paradip,Supramax,55.45,USD,MT,6519.972171069875,595.18,112986.53
2022-01-27,US,Paradip,Supramax,58.6,USD,MT,6857.735904668529,614.76,122239.24
2022-01-28,Indonesia,Paradip,Capesize,43.86,USD,MT,8687.1274978362,501.89,124179.71
2022-01-28,Indonesia,Paradip,Panamax,52.89,USD,MT,9726.392318126776,528.87,83294.63
2022-01-28,Mozambique,Paradip,Capesize,34.56,USD,MT,8770.146002024747,474.79,89245.66
2022-01-28,Mozambique,Paradip,Panamax,52.98,USD,MT,6565.74071997249,467.86,139212.1
2022-01-28,US,Paradip,Capesize,38.15,USD,MT,4145.638703789881,401.8,70774.6
2022-01-29,Australia,Paradip,Capesize,34.7,USD,MT,7395.633878127162,489.66,64363.14
2022-01-29,Australia,Paradip,Panamax,42.81,USD,MT,5072.613420925078,731.27,56433.04
2022-01-29,Mozambique,Paradip,Capesize,39.28,USD,MT,7798.429231795417,780.84,126603.52
2022-01-29,Mozambique,Paradip,Panamax,48.33,USD,MT,5897.3430731411,722.1,75682.92
2022-01-29,Mozambique,Paradip,Panamax,51.0,USD,MT,3703.248029499364,401.99,149380.46
2022-01-30,Australia,Paradip,Capesize,44.58,USD,MT,3301.62243616294,766.87,121049.22
2022-01-30,Indonesia,Paradip,Panamax,53.9,USD,MT,3032.019671786141,650.18,69591.62
2022-01-30,Mozambique,Paradip,Capesize,39.85,USD,MT,6396.011697724603,432.84,57142.77
2022-01-30,Mozambique,Paradip,Supramax,61.68,USD,MT,5005.412071110584,448.25,65829.76
2022-01-30,Mozambique,Paradip,Supramax,63.8,USD,MT,8327.373258556458,470.48,71984.31
2022-01-31,Australia,Paradip,Capesize,41.75,USD,MT,9111.811828152218,727.94,131700.88
2022-01-31,Australia,Paradip,Supramax,60.47,USD,MT,7959.066588995301,709.13,57883.69
2022-01-31,Mozambique,Paradip,Panamax,51.47,USD,MT,6183.0044279799,447.96,73247.73
2022-01-31,Russia,Paradip,Panamax,49.3,USD,MT,9205.069694820637,408.48,75945.02
2022-01-31,Russia,Paradip,Supramax,66.01,USD,MT,4097.15562450414,462.35,102210.5
2022-02-01,Mozambique,Paradip,Capesize,42.29,USD,MT,8098.090131953043,767.98,110375.49
2022-02-01,Mozambique,Paradip,Capesize,44.23,USD,MT,7705.039133119777,723.83,81314.55
2022-02-01,Mozambique,Paradip,Capesize,39.58,USD,MT,6419.128933556394,484.8,135600.27
2022-02-01,Mozambique,Paradip,Panamax,46.07,USD,MT,5610.988093900358,449.7,77424.62
2022-02-01,Russia,Paradip,Supramax,59.77,USD,MT,7416.24751300495,721.08,83516.1
2022-02-02,Australia,Paradip,Panamax,51.05,USD,MT,3853.955585747912,489.25,120263.09
2022-02-02,Mozambique,Paradip,Capesize,38.01,USD,MT,8071.02402211866,620.62,89786.12
2022-02-02,Mozambique,Paradip,Capesize,40.9,USD,MT,8477.283811137622,454.35,140285.73
2022-02-02,Mozambique,Paradip,Supramax,60.7,USD,MT,3841.445409095888,593.85,52369.99
2022-02-02,Russia,Paradip,Panamax,55.46,USD,MT,4188.870390018875,767.77,68955.0
2022-02-03,Australia,Paradip,Capesize,38.89,USD,MT,3219.544264078854,620.4,77574.48
2022-02-03,Russia,Paradip,Panamax,53.23,USD,MT,8459.856781277093,606.53,78005.42
2022-02-03,Russia,Paradip,Panamax,53.53,USD,MT,5351.882029940341,426.58,98120.23
2022-02-03,Russia,Paradip,Supramax,66.95,USD,MT,9389.714866092165,511.24,88626.81
2022-02-03,US,Paradip,Supramax,59.64,USD,MT,5625.731871946355,507.82,73106.4
2022-02-04,Australia,Paradip,Capesize,47.61,USD,MT,6896.319128312893,494.21,112114.81
2022-02-04,Indonesia,Paradip,Panamax,51.22,USD,MT,5758.362525396634,523.83,114264.24
2022-02-04,Indonesia,Paradip,Panamax,49.51,USD,MT,8234.690743415209,439.2,119243.35
2022-02-04,Mozambique,Paradip,Panamax,54.35,USD,MT,7536.174728043828,456.86,50939.6
2022-02-04,US,Paradip,Capesize,37.96,USD,MT,4428.556747096951,503.85,70827.58
2022-02-05,Australia,Paradip,Capesize,42.05,USD,MT,3301.998953607442,413.26,91888.8
2022-02-05,Australia,Paradip,Capesize,46.39,USD,MT,9184.745697938422,636.65,101884.89
2022-02-05,Australia,Paradip,Capesize,40.52,USD,MT,8187.177051756713,617.82,147743.85
2022-02-05,Indonesia,Paradip,Supramax,66.45,USD,MT,7619.836462763427,734.78,149039.0
2022-02-05,Mozambique,Paradip,Supramax,55.03,USD,MT,6162.116744139621,738.74,107304.96
2022-02-06,Australia,Paradip,Supramax,62.96,USD,MT,3611.6412689108647,608.16,122686.32
2022-02-06,Indonesia,Paradip,Capesize,41.99,USD,MT,4383.083116459648,692.22,74116.26
2022-02-06,Indonesia,Paradip,Panamax,51.03,USD,MT,9560.819367609298,400.62,122715.08
2022-02-06,Indonesia,Paradip,Supramax,62.76,USD,MT,4693.593107413313,750.99,92253.99
2022-02-06,Indonesia,Paradip,Supramax,61.8,USD,MT,7047.177897261287,448.18,96371.37
2022-02-07,Indonesia,Paradip,Capesize,42.38,USD,MT,7777.562652056121,428.52,58364.12
2022-02-07,Indonesia,Paradip,Supramax,59.6,USD,MT,5472.146578042929,763.76,139331.11
2022-02-07,Mozambique,Paradip,Capesize,43.63,USD,MT,4166.804010343578,410.35,145543.64
2022-02-07,Mozambique,Paradip,Supramax,57.13,USD,MT,7156.776153982693,591.83,136618.76
2022-02-07,Mozambique,Paradip,Supramax,62.47,USD,MT,7854.599960195218,623.96,114257.93
2022-02-08,Australia,Paradip,Capesize,46.09,USD,MT,7422.174753959668,716.76,111523.73
2022-02-08,Australia,Paradip,Supramax,64.06,USD,MT,4672.395801383356,705.12,105389.77
2022-02-08,Indonesia,Paradip,Supramax,59.82,USD,MT,8242.990128638601,485.76,78737.33
2022-02-08,Russia,Paradip,Capesize,42.35,USD,MT,4254.748900840255,642.05,141515.58
2022-02-08,US,Paradip,Capesize,45.0,USD,MT,9905.19226469862,782.0,68698.3
2022-02-09,Australia,Paradip,Panamax,51.47,USD,MT,8940.278886637272,647.65,125660.16
2022-02-09,Australia,Paradip,Supramax,61.68,USD,MT,6160.830045303905,560.99,114677.3
2022-02-09,Indonesia,Paradip,Supramax,61.69,USD,MT,7076.056318228021,678.41,70623.45
2022-02-09,Mozambique,Paradip,Supramax,61.7,USD,MT,4364.824443691921,734.3,121916.39
2022-02-09,Russia,Paradip,Supramax,54.41,USD,MT,7542.44024922251,416.72,71665.94
2022-02-10,Australia,Paradip,Supramax,64.0,USD,MT,9992.508342468407,562.55,94278.16
2022-02-10,Australia,Paradip,Supramax,62.54,USD,MT,9315.292782822577,682.21,57730.96
2022-02-10,Indonesia,Paradip,Supramax,60.35,USD,MT,8514.842749924836,489.89,97140.64
2022-02-10,Russia,Paradip,Capesize,42.01,USD,MT,5572.192566863334,415.25,60665.55
2022-02-10,US,Paradip,Panamax,49.02,USD,MT,5969.6694135613,718.21,87763.04
2022-02-11,Australia,Paradip,Capesize,41.89,USD,MT,8478.851936640538,538.68,142590.09
2022-02-11,Mozambique,Paradip,Capesize,45.57,USD,MT,3776.140826665609,597.37,76579.74
2022-02-11,Russia,Paradip,Capesize,40.21,USD,MT,4308.7590253124445,635.87,121226.1
2022-02-11,US,Paradip,Capesize,38.8,USD,MT,8846.199121774456,494.35,88120.22
2022-02-11,US,Paradip,Supramax,62.06,USD,MT,3143.3603023804503,517.0,147662.05
2022-02-12,Australia,Paradip,Capesize,41.46,USD,MT,4071.858506387816,450.36,50856.37
2022-02-12,Indonesia,Paradip,Capesize,38.65,USD,MT,9152.322340599352,742.46,54008.41
2022-02-12,Mozambique,Paradip,Panamax,54.64,USD,MT,3208.9007066351373,502.91,112708.45
2022-02-12,Russia,Paradip,Capesize,44.07,USD,MT,3641.6040324588553,523.55,142989.29
2022-02-12,US,Paradip,Capesize,43.12,USD,MT,8023.115105363588,596.56,105365.16
2022-02-13,Australia,Paradip,Panamax,52.1,USD,MT,9566.694836949016,575.81,114878.61
2022-02-13,Australia,Paradip,Panamax,54.32,USD,MT,9937.89809249287,516.93,85275.3
2022-02-13,Mozambique,Paradip,Capesize,39.33,USD,MT,6955.7273159640245,612.09,145098.52
2022-02-13,Russia,Paradip,Capesize,45.91,USD,MT,5913.4118991718215,668.95,130028.35
2022-02-13,US,Paradip,Supramax,58.03,USD,MT,4110.09004729999,617.39,73292.75
2022-02-14,Australia,Paradip,Capesize,36.42,USD,MT,8594.322779017291,689.16,54463.22
2022-02-14,Indonesia,Paradip,Panamax,48.93,USD,MT,5805.233380649883,533.09,64008.16
2022-02-14,Indonesia,Paradip,Supramax,62.09,USD,MT,7964.918860451546,757.53,53102.04
2022-02-14,Russia,Paradip,Panamax,51.51,USD,MT,8092.510836057225,770.16,101669.99
2022-02-14,US,Paradip,Supramax,61.41,USD,MT,9856.988791782846,515.81,63221.31
2022-02-15,Australia,Paradip,Capesize,44.62,USD,MT,3239.1183379271347,622.55,66474.44
2022-02-15,Mozambique,Paradip,Capesize,46.37,USD,MT,6644.744116908265,710.64,123088.03
2022-02-15,Mozambique,Paradip,Supramax,63.22,USD,MT,5863.2511467653785,787.25,120732.5
2022-02-15,US,Paradip,Capesize,37.87,USD,MT,9806.21069932685,439.47,91742.16
2022-02-15,US,Paradip,Panamax,53.41,USD,MT,6538.160054343505,682.93,147003.7
2022-02-16,Indonesia,Paradip,Capesize,47.15,USD,MT,4342.2375742575805,409.14,69484.71
2022-02-16,Mozambique,Paradip,Capesize,44.06,USD,MT,7311.249918012239,502.19,74176.27
2022-02-16,Russia,Paradip,Capesize,42.76,USD,MT,5555.123779658901,596.32,134479.96
2022-02-16,Russia,Paradip,Supramax,64.41,USD,MT,6631.553027727126,515.63,138181.33
2022-02-16,US,Paradip,Supramax,64.42,USD,MT,5281.1354996829705,477.59,105637.17
2022-02-17,Australia,Paradip,Panamax,53.07,USD,MT,5989.820035655891,780.94,118555.33
2022-02-17,Australia,Paradip,Supramax,68.73,USD,MT,4296.599165462458,784.97,86010.93
2022-02-17,Australia,Paradip,Supramax,61.1,USD,MT,5486.357770330799,791.88,78206.56
2022-02-17,Indonesia,Paradip,Supramax,61.11,USD,MT,6727.2366299102205,550.51,64422.33
2022-02-17,Mozambique,Paradip,Capesize,42.72,USD,MT,9891.224686134914,677.99,91592.71
2022-02-18,Australia,Paradip,Panamax,48.75,USD,MT,5106.613494780225,652.48,135739.68
2022-02-18,Mozambique,Paradip,Panamax,51.78,USD,MT,3189.530844865863,493.13,105824.47
2022-02-18,Mozambique,Paradip,Supramax,61.18,USD,MT,6421.502176639617,419.42,108462.02
2022-02-18,Russia,Paradip,Supramax,59.74,USD,MT,4209.729232123343,500.26,82433.0
2022-02-18,US,Paradip,Capesize,42.9,USD,MT,4337.564044668074,611.3,143861.06
2022-02-19,Australia,Paradip,Panamax,45.79,USD,MT,7414.820737824462,768.13,121221.29
2022-02-19,Mozambique,Paradip,Panamax,47.82,USD,MT,7052.5109385197975,501.35,73268.21
2022-02-19,Russia,Paradip,Capesize,31.24,USD,MT,9321.362775797086,410.35,102576.63
2022-02-19,US,Paradip,Panamax,58.46,USD,MT,7671.102077840549,527.12,116324.99
2022-02-19,US,Paradip,Panamax,54.29,USD,MT,9987.781509148515,659.09,51093.35
2022-02-20,Australia,Paradip,Supramax,62.53,USD,MT,3052.3633837052503,655.14,89981.73
2022-02-20,Indonesia,Paradip,Supramax,64.06,USD,MT,4540.310440213536,574.11,91009.93
2022-02-20,Russia,Paradip,Capesize,47.44,USD,MT,9257.214732257922,558.06,80092.5
2022-02-20,US,Paradip,Capesize,41.08,USD,MT,8557.606037855952,597.53,147820.77
2022-02-20,US,Paradip,Supramax,64.43,USD,MT,9002.883327991924,765.94,118465.08
2022-02-21,Australia,Paradip,Supramax,62.92,USD,MT,5122.465298647714,461.69,116369.36
2022-02-21,Mozambique,Paradip,Panamax,56.47,USD,MT,9537.312933572286,604.27,76859.61
2022-02-21,Russia,Paradip,Supramax,59.1,USD,MT,3853.748390547524,788.04,90511.84
2022-02-21,US,Paradip,Capesize,36.3,USD,MT,6361.780331654496,748.96,58880.9
2022-02-21,US,Paradip,Panamax,51.59,USD,MT,3042.9584329150016,531.41,81471.65
2022-02-22,Australia,Paradip,Capesize,48.58,USD,MT,8629.01419238534,436.98,102231.4
2022-02-22,Australia,Paradip,Panamax,55.71,USD,MT,9314.21418007527,777.44,109387.26
2022-02-22,Indonesia,Paradip,Capesize,42.98,USD,MT,7061.483798122182,635.65,66807.88
2022-02-22,Russia,Paradip,Capesize,43.0,USD,MT,3734.4564096237855,749.88,106353.02
2022-02-22,Russia,Paradip,Supramax,62.8,USD,MT,4889.358379336836,607.93,59430.19
2022-02-23,Australia,Paradip,Capesize,42.98,USD,MT,8050.323965735531,626.11,56588.41
2022-02-23,Australia,Paradip,Panamax,49.61,USD,MT,4115.626747680835,607.46,101870.27
2022-02-23,Australia,Paradip,Panamax,52.66,USD,MT,3012.242405003629,462.14,59562.09
2022-02-23,US,Paradip,Capesize,46.39,USD,MT,5027.124940586293,557.1,84554.67
2022-02-23,US,Paradip,Panamax,52.71,USD,MT,4967.750516301546,682.7,132020.1
2022-02-24,Australia,Paradip,Supramax,60.76,USD,MT,6424.317428610219,755.32,55040.0
2022-02-24,Indonesia,Paradip,Capesize,42.3,USD,MT,4310.23330146579,568.07,113684.76
2022-02-24,Mozambique,Paradip,Supramax,64.26,USD,MT,7002.679067821508,658.16,137938.87
2022-02-24,Russia,Paradip,Supramax,52.62,USD,MT,6043.697038123646,624.84,132140.96
2022-02-24,US,Paradip,Panamax,51.18,USD,MT,9095.674394417483,589.79,130755.29
2022-02-25,Australia,Paradip,Supramax,64.04,USD,MT,5671.103478024128,673.52,129938.65
2022-02-25,Mozambique,Paradip,Panamax,52.99,USD,MT,3191.0806674293644,503.45,94780.21
2022-02-25,Russia,Paradip,Panamax,56.76,USD,MT,8470.40457714687,401.79,96629.38
2022-02-25,Russia,Paradip,Supramax,65.34,USD,MT,3753.5557058793456,708.67,69314.49
2022-02-25,US,Paradip,Supramax,61.54,USD,MT,6424.804500127406,486.22,57881.88
2022-02-26,Mozambique,Paradip,Capesize,39.33,USD,MT,3878.8457361249975,402.51,91225.82
2022-02-26,Mozambique,Paradip,Supramax,59.77,USD,MT,9977.946149975283,753.54,76440.23
2022-02-26,Mozambique,Paradip,Supramax,60.84,USD,MT,5223.430600599387,460.83,74701.45
2022-02-26,Russia,Paradip,Panamax,45.72,USD,MT,8721.51523042066,615.81,130360.33
2022-02-26,Russia,Paradip,Supramax,58.43,USD,MT,7657.70119777855,773.4,74925.77
2022-02-27,Indonesia,Paradip,Supramax,66.33,USD,MT,9820.734059942251,795.08,147836.5
2022-02-27,Russia,Paradip,Capesize,41.34,USD,MT,4016.4026779785936,710.72,84349.55
2022-02-27,Russia,Paradip,Panamax,54.2,USD,MT,7691.679577006216,606.06,63503.39
2022-02-27,US,Paradip,Capesize,44.43,USD,MT,8363.705823511495,747.5,55768.21
2022-02-27,US,Paradip,Supramax,62.1,USD,MT,7300.301066221963,643.54,71809.71
2022-02-28,Indonesia,Paradip,Supramax,58.39,USD,MT,5283.854844558492,701.25,113135.13
2022-02-28,Indonesia,Paradip,Supramax,62.73,USD,MT,8422.68979125527,540.86,106881.18
2022-02-28,Indonesia,Paradip,Supramax,68.54,USD,MT,6578.186007848335,765.71,115062.44
2022-02-28,Mozambique,Paradip,Panamax,54.58,USD,MT,8914.722228945378,707.29,117441.6
2022-02-28,US,Paradip,Supramax,65.07,USD,MT,3549.3352785873826,697.39,91916.5
2022-03-01,Australia,Paradip,Capesize,45.92,USD,MT,8086.968811621263,659.81,141689.82
2022-03-01,Australia,Paradip,Capesize,41.4,USD,MT,7795.604661859988,645.8,118074.95
2022-03-01,Australia,Paradip,Capesize,40.87,USD,MT,3258.598580818425,698.62,53334.93
2022-03-01,Indonesia,Paradip,Supramax,64.83,USD,MT,8725.449052374468,496.14,134444.63
2022-03-01,US,Paradip,Supramax,64.66,USD,MT,6200.791203041945,603.59,76724.75
2022-03-02,Australia,Paradip,Supramax,65.64,USD,MT,9862.73657823413,489.46,51883.93
2022-03-02,Indonesia,Paradip,Panamax,54.53,USD,MT,8879.961710070063,537.44,103243.64
2022-03-02,Indonesia,Paradip,Supramax,61.77,USD,MT,6225.808544477068,621.9,79037.49
2022-03-02,Mozambique,Paradip,Supramax,66.74,USD,MT,9312.82663949178,718.57,58921.67
2022-03-02,Russia,Paradip,Supramax,58.65,USD,MT,8211.574594820628,616.13,70269.89
2022-03-03,Australia,Paradip,Supramax,61.94,USD,MT,4789.378657624533,521.11,66058.45
2022-03-03,Indonesia,Paradip,Capesize,46.05,USD,MT,7549.08359973696,776.69,107358.17
2022-03-03,Indonesia,Paradip,Panamax,55.0,USD,MT,7069.229701213969,730.62,57828.92
2022-03-03,Russia,Paradip,Panamax,49.66,USD,MT,6539.232836868723,667.49,121561.19
2022-03-03,US,Paradip,Panamax,54.71,USD,MT,6866.733654742166,675.15,84394.5
2022-03-04,Indonesia,Paradip,Capesize,43.9,USD,MT,8705.367954694804,510.36,91831.6
2022-03-04,Indonesia,Paradip,Panamax,53.46,USD,MT,4681.115155659645,413.76,85842.89
2022-03-04,Indonesia,Paradip,Supramax,62.0,USD,MT,8829.653684875871,568.23,77071.27
2022-03-04,Russia,Paradip,Supramax,62.66,USD,MT,9080.134090100357,758.78,94863.6
2022-03-04,US,Paradip,Panamax,55.86,USD,MT,5648.296169827575,745.68,66512.62
2022-03-05,Australia,Paradip,Supramax,60.94,USD,MT,3396.0581072921427,547.04,138833.45
2022-03-05,Mozambique,Paradip,Panamax,53.57,USD,MT,5034.053058007429,577.0,97237.02
2022-03-05,Mozambique,Paradip,Supramax,62.02,USD,MT,9179.952157486054,478.24,143526.21
2022-03-05,Russia,Paradip,Supramax,66.79,USD,MT,7885.416704858622,731.38,81737.82
2022-03-05,Russia,Paradip,Supramax,66.08,USD,MT,9532.36322043158,492.46,94987.19
2022-03-06,Australia,Paradip,Supramax,58.52,USD,MT,3877.41711618895,570.47,107493.71
2022-03-06,Australia,Paradip,Supramax,64.16,USD,MT,7014.92330433982,464.35,66432.93
2022-03-06,Mozambique,Paradip,Capesize,44.36,USD,MT,3824.214321440973,607.55,101912.93
2022-03-06,Mozambique,Paradip,Supramax,64.98,USD,MT,7389.202918742572,674.1,141144.55
2022-03-06,US,Paradip,Capesize,43.25,USD,MT,6516.816516214839,578.02,52423.35
2022-03-07,Australia,Paradip,Supramax,58.43,USD,MT,7942.561231004028,611.57,114836.63
2022-03-07,Indonesia,Paradip,Panamax,45.35,USD,MT,9976.128548862443,797.32,139322.01
2022-03-07,Mozambique,Paradip,Capesize,41.72,USD,MT,4894.320258746484,527.57,82068.69
2022-03-07,US,Paradip,Panamax,54.21,USD,MT,7801.252380633614,727.9,67623.92
2022-03-07,US,Paradip,Panamax,58.03,USD,MT,9740.420472326798,475.39,143524.62
2022-03-08,Australia,Paradip,Capesize,41.52,USD,MT,6739.545207402221,544.75,67250.56
2022-03-08,Australia,Paradip,Capesize,38.94,USD,MT,4821.677089075145,652.67,60117.13
2022-03-08,Australia,Paradip,Supramax,64.99,USD,MT,7073.082313795128,614.91,86538.28
2022-03-08,Australia,Paradip,Supramax,71.46,USD,MT,5119.536277891508,413.35,78762.56
2022-03-08,Russia,Paradip,Panamax,50.59,USD,MT,9440.771739430107,696.86,138407.15
2022-03-09,Australia,Paradip,Capesize,44.4,USD,MT,3842.0712915698514,711.68,139044.65
2022-03-09,Australia,Paradip,Panamax,54.52,USD,MT,5529.359333601148,748.83,111321.06
2022-03-09,Russia,Paradip,Supramax,61.29,USD,MT,8730.329947521728,600.81,104689.64
2022-03-09,US,Paradip,Capesize,46.15,USD,MT,5651.626978164175,484.49,50193.16
2022-03-09,US,Paradip,Supramax,63.95,USD,MT,3249.016402871184,443.96,123692.57
2022-03-10,Australia,Paradip,Panamax,53.24,USD,MT,8551.277719779227,649.16,64067.73
2022-03-10,Mozambique,Paradip,Panamax,55.73,USD,MT,6783.574711219974,537.41,56058.68
2022-03-10,Russia,Paradip,Capesize,41.13,USD,MT,9172.137535036578,436.52,128664.26
2022-03-10,Russia,Paradip,Supramax,64.28,USD,MT,3888.3879416058794,708.65,140366.82
2022-03-10,Russia,Paradip,Supramax,68.04,USD,MT,7896.56150474169,772.82,93142.24
2022-03-11,Australia,Paradip,Panamax,52.02,USD,MT,7761.857767945335,458.22,59603.29
2022-03-11,Indonesia,Paradip,Panamax,55.09,USD,MT,5507.826887949358,607.8,133611.73
2022-03-11,Mozambique,Paradip,Panamax,55.58,USD,MT,8506.673189985397,522.52,87407.65
2022-03-11,Mozambique,Paradip,Supramax,62.21,USD,MT,8068.172150764003,400.58,108992.1
2022-03-11,US,Paradip,Supramax,64.0,USD,MT,9796.404765396335,574.08,95544.53
2022-03-12,Australia,Paradip,Capesize,40.86,USD,MT,9054.350652930105,708.64,100044.94
2022-03-12,Australia,Paradip,Supramax,61.73,USD,MT,4040.5957502175615,602.15,78906.96
2022-03-12,Mozambique,Paradip,Capesize,44.15,USD,MT,8695.72104165779,654.18,89479.54
2022-03-12,Russia,Paradip,Capesize,42.86,USD,MT,5848.948482291908,495.16,124535.83
2022-03-12,US,Paradip,Capesize,41.62,USD,MT,3598.3589843897244,770.28,51159.83
2022-03-13,Indonesia,Paradip,Capesize,45.6,USD,MT,5133.796515687924,433.52,146267.51
2022-03-13,Indonesia,Paradip,Capesize,52.16,USD,MT,3715.654087582635,500.44,83823.37
2022-03-13,Indonesia,Paradip,Panamax,59.54,USD,MT,3995.670287975209,708.42,75761.11
2022-03-13,Indonesia,Paradip,Supramax,64.17,USD,MT,4019.9530536231073,574.71,78221.4
2022-03-13,US,Paradip,Supramax,62.03,USD,MT,3488.3544937192114,453.64,107085.3
2022-03-14,Australia,Paradip,Panamax,58.96,USD,MT,3256.675347797389,553.45,69837.07
2022-03-14,Indonesia,Paradip,Panamax,55.28,USD,MT,7474.050905703109,777.04,102942.92
2022-03-14,Indonesia,Paradip,Panamax,54.64,USD,MT,5196.841842344558,700.76,77765.66
2022-03-14,Mozambique,Paradip,Supramax,66.75,USD,MT,9730.840744229385,403.98,76571.54
2022-03-14,Russia,Paradip,Supramax,68.37,USD,MT,9276.16802087565,594.96,111203.95
2022-03-15,Australia,Paradip,Capesize,46.43,USD,MT,3521.515857140375,713.59,50757.38
2022-03-15,Indonesia,Paradip,Supramax,61.08,USD,MT,7371.61401508719,584.55,82044.68
2022-03-15,Indonesia,Paradip,Supramax,64.77,USD,MT,9733.83703369992,668.39,91597.37
2022-03-15,Russia,Paradip,Capesize,47.99,USD,MT,5443.404773802236,694.51,58646.23
2022-03-15,Russia,Paradip,Capesize,40.66,USD,MT,5452.889888086873,788.93,52427.48
2022-03-16,Australia,Paradip,Supramax,68.71,USD,MT,6622.201461578438,483.87,54477.32
2022-03-16,Australia,Paradip,Supramax,57.46,USD,MT,6912.9257471698165,651.52,67155.85
2022-03-16,Indonesia,Paradip,Capesize,46.56,USD,MT,7674.058007212642,430.59,121012.09
2022-03-16,Indonesia,Paradip,Panamax,52.38,USD,MT,5490.342069104506,420.46,96719.19
2022-03-16,US,Paradip,Capesize,37.79,USD,MT,8241.016356331937,612.94,131655.47
2022-03-17,Australia,Paradip,Panamax,53.84,USD,MT,6223.158877633866,717.98,94037.87
2022-03-17,Australia,Paradip,Supramax,67.68,USD,MT,7711.118433716768,553.9,143212.44
2022-03-17,Mozambique,Paradip,Capesize,42.88,USD,MT,4219.661308454949,510.59,136937.98
2022-03-17,Mozambique,Paradip,Supramax,70.04,USD,MT,6669.38385409818,568.57,133826.36
2022-03-17,Russia,Paradip,Supramax,61.91,USD,MT,3241.793555076952,486.52,102611.87
2022-03-18,Australia,Paradip,Capesize,40.9,USD,MT,5379.619269156086,501.83,52195.43
2022-03-18,Russia,Paradip,Supramax,66.63,USD,MT,9251.055880025007,720.73,74501.79
2022-03-18,Russia,Paradip,Supramax,65.26,USD,MT,5275.397794396169,501.01,92586.18
2022-03-18,US,Paradip,Panamax,54.98,USD,MT,3826.183355748964,774.97,118997.57
2022-03-18,US,Paradip,Supramax,67.8,USD,MT,9252.33810590519,560.47,95522.47
2022-03-19,Australia,Paradip,Capesize,44.44,USD,MT,7484.731158408318,655.59,101772.34
2022-03-19,Australia,Paradip,Capesize,48.24,USD,MT,9778.302067543873,748.11,79576.88
2022-03-19,Indonesia,Paradip,Supramax,61.61,USD,MT,5272.447535775008,414.79,104095.31
2022-03-19,Russia,Paradip,Panamax,48.91,USD,MT,9282.410752570093,458.23,64660.41
2022-03-19,US,Paradip,Panamax,59.58,USD,MT,8167.347837765748,462.91,82028.07
2022-03-20,Mozambique,Paradip,Capesize,48.71,USD,MT,5678.54794252787,432.46,122969.62
2022-03-20,Mozambique,Paradip,Supramax,64.67,USD,MT,7858.818962406715,544.92,57668.23
2022-03-20,Mozambique,Paradip,Supramax,65.94,USD,MT,3788.09310633962,474.11,84443.78
2022-03-20,Russia,Paradip,Capesize,46.14,USD,MT,4509.111144838021,528.23,76483.7
2022-03-20,US,Paradip,Capesize,43.78,USD,MT,4251.134798847914,490.5,73643.6
2022-03-21,Australia,Paradip,Panamax,57.79,USD,MT,6438.925898495513,492.04,58880.24
2022-03-21,Australia,Paradip,Panamax,54.1,USD,MT,9096.982020291289,662.39,147118.59
2022-03-21,Indonesia,Paradip,Supramax,63.05,USD,MT,9869.803046524172,543.07,84642.65
2022-03-21,Indonesia,Paradip,Supramax,66.29,USD,MT,7755.906297481225,662.65,66606.62
2022-03-21,Russia,Paradip,Capesize,50.23,USD,MT,8667.928613068605,596.62,143640.44
2022-03-22,Australia,Paradip,Capesize,43.68,USD,MT,6660.210033769388,438.15,86025.34
2022-03-22,Australia,Paradip,Capesize,46.8,USD,MT,7893.951947016001,474.77,106064.92
2022-03-22,Australia,Paradip,Panamax,51.46,USD,MT,5055.921894702214,712.42,104430.85
2022-03-22,Russia,Paradip,Capesize,46.84,USD,MT,8256.416303369557,500.07,114838.96
2022-03-22,US,Paradip,Capesize,44.35,USD,MT,9543.08878098116,516.75,79976.03
2022-03-23,Australia,Paradip,Capesize,45.59,USD,MT,6506.901541545202,757.08,76642.93
2022-03-23,Australia,Paradip,Capesize,45.3,USD,MT,6462.929380841353,783.57,52228.45
2022-03-23,Mozambique,Paradip,Panamax,56.8,USD,MT,8691.90415905495,773.2,114068.66
2022-03-23,Russia,Paradip,Capesize,49.81,USD,MT,7537.389646633092,799.23,80386.85
2022-03-23,Russia,Paradip,Panamax,52.72,USD,MT,4259.778001198381,526.16,53124.54
2022-03-24,Australia,Paradip,Capesize,48.29,USD,MT,5797.878421904268,597.58,134421.64
2022-03-24,Australia,Paradip,Capesize,41.56,USD,MT,7344.1009024448595,579.41,59257.61
2022-03-24,Australia,Paradip,Panamax,58.29,USD,MT,6972.259753804938,765.18,136069.62
2022-03-24,Indonesia,Paradip,Capesize,38.53,USD,MT,5280.668227939374,626.95,66593.2
2022-03-24,Mozambique,Paradip,Panamax,54.36,USD,MT,8089.61701615572,400.31,120049.59
2022-03-25,Indonesia,Paradip,Capesize,48.12,USD,MT,4664.981843322707,561.57,67505.26
2022-03-25,Indonesia,Paradip,Supramax,72.77,USD,MT,3504.1066467727715,590.78,115390.91
2022-03-25,Mozambique,Paradip,Panamax,57.45,USD,MT,5980.49292012594,439.94,52595.04
2022-03-25,Russia,Paradip,Capesize,39.23,USD,MT,3892.474053255802,766.07,58737.36
2022-03-25,US,Paradip,Supramax,65.9,USD,MT,3426.004799761311,776.91,67556.63
2022-03-26,Australia,Paradip,Capesize,41.93,USD,MT,3205.0429253526104,726.73,100777.31
2022-03-26,Indonesia,Paradip,Panamax,52.95,USD,MT,6281.791554367828,747.11,124600.81
2022-03-26,Indonesia,Paradip,Supramax,67.01,USD,MT,4723.08498022199,744.84,105834.95
2022-03-26,Russia,Paradip,Supramax,63.02,USD,MT,5238.4347201927685,588.36,69925.09
2022-03-26,US,Paradip,Capesize,41.07,USD,MT,6695.10932091536,486.46,55540.21
2022-03-27,Australia,Paradip,Capesize,44.75,USD,MT,7956.20277038633,706.45,69994.15
2022-03-27,Indonesia,Paradip,Panamax,60.02,USD,MT,4173.335462282173,622.68,81381.7
2022-03-27,Indonesia,Paradip,Supramax,64.5,USD,MT,9154.797687210332,519.0,118765.56
2022-03-27,US,Paradip,Panamax,55.58,USD,MT,7569.171145799116,741.78,57022.12
2022-03-27,US,Paradip,Supramax,62.6,USD,MT,3525.473259069676,640.69,132027.84
2022-03-28,Australia,Paradip,Supramax,63.75,USD,MT,4322.674894177136,584.41,145904.75
2022-03-28,Indonesia,Paradip,Panamax,49.89,USD,MT,8259.821026545113,657.07,144538.97
2022-03-28,Mozambique,Paradip,Supramax,65.84,USD,MT,3448.989356839359,408.94,116107.28
2022-03-28,US,Paradip,Capesize,42.42,USD,MT,3645.369255359944,742.0,64860.95
2022-03-28,US,Paradip,Capesize,43.3,USD,MT,3480.339049333895,523.4,61331.77
2022-03-29,Australia,Paradip,Capesize,43.7,USD,MT,5206.508889672537,506.74,124657.55
2022-03-29,Australia,Paradip,Supramax,63.97,USD,MT,5029.053571938778,741.76,83516.04
2022-03-29,Australia,Paradip,Supramax,65.96,USD,MT,4609.985740849046,741.03,77591.62
2022-03-29,Indonesia,Paradip,Supramax,70.26,USD,MT,7980.701218210404,559.78,112778.92
2022-03-29,US,Paradip,Supramax,67.6,USD,MT,7489.706565228254,773.81,79950.48
2022-03-30,Australia,Paradip,Panamax,55.3,USD,MT,8080.488904479982,507.75,104853.88
2022-03-30,Russia,Paradip,Capesize,40.62,USD,MT,7051.773391514189,762.44,89304.03
2022-03-30,Russia,Paradip,Capesize,44.93,USD,MT,4199.1536500414295,643.07,55555.19
2022-03-30,Russia,Paradip,Panamax,60.58,USD,MT,5725.972982771659,533.75,62018.56
2022-03-30,US,Paradip,Panamax,58.9,USD,MT,7586.285126964786,402.69,92586.52
2022-03-31,Australia,Paradip,Supramax,66.7,USD,MT,3277.6004684822856,650.17,75133.12
2022-03-31,Indonesia,Paradip,Supramax,69.97,USD,MT,7462.419331447631,582.65,51291.86
2022-03-31,Mozambique,Paradip,Supramax,67.87,USD,MT,5807.639622541988,724.55,106837.74
2022-03-31,Russia,Paradip,Capesize,47.96,USD,MT,8610.686163787721,571.21,85401.95
2022-03-31,US,Paradip,Supramax,69.59,USD,MT,3104.521594287049,523.7,107326.66
2022-04-01,Australia,Paradip,Supramax,68.79,USD,MT,4159.826038789471,603.79,69289.04
2022-04-01,Indonesia,Paradip,Supramax,67.55,USD,MT,8465.173898761142,583.89,123514.28
2022-04-01,Mozambique,Paradip,Panamax,53.58,USD,MT,7710.711737878768,467.94,68327.75
2022-04-01,Russia,Paradip,Panamax,53.98,USD,MT,6650.406188581803,706.3,93352.4
2022-04-01,US,Paradip,Panamax,52.52,USD,MT,4131.729405300207,682.29,109196.18
2022-04-02,Mozambique,Paradip,Supramax,65.76,USD,MT,8502.193173705886,410.23,91844.64
2022-04-02,Mozambique,Paradip,Supramax,65.83,USD,MT,8164.030554008695,666.19,87521.23
2022-04-02,Mozambique,Paradip,Supramax,61.6,USD,MT,4559.7039301627165,594.27,138731.43
2022-04-02,US,Paradip,Panamax,51.6,USD,MT,5492.1565940152905,797.48,102791.05
2022-04-02,US,Paradip,Panamax,55.58,USD,MT,5374.324440072189,521.69,83996.93
2022-04-03,Indonesia,Paradip,Supramax,64.7,USD,MT,3134.598821985035,710.17,90844.76
2022-04-03,Russia,Paradip,Capesize,40.09,USD,MT,7569.171859330283,628.47,95411.86
2022-04-03,Russia,Paradip,Supramax,63.81,USD,MT,8393.337532820487,450.56,106534.9
2022-04-03,US,Paradip,Supramax,62.99,USD,MT,3169.1682002087045,590.23,86034.97
2022-04-03,US,Paradip,Supramax,67.07,USD,MT,7071.434491378035,690.27,145010.92
2022-04-04,Australia,Paradip,Capesize,44.21,USD,MT,9029.026362753972,640.37,121318.02
2022-04-04,Mozambique,Paradip,Capesize,41.93,USD,MT,4196.212753212255,408.15,118701.95
2022-04-04,Mozambique,Paradip,Supramax,61.1,USD,MT,5529.609295156339,465.2,92548.68
2022-04-04,Russia,Paradip,Panamax,51.08,USD,MT,3918.307850081263,712.9,97935.02
2022-04-04,US,Paradip,Supramax,60.09,USD,MT,6997.059074319621,543.06,96675.12
2022-04-05,Australia,Paradip,Supramax,65.65,USD,MT,7971.985452979332,516.02,68426.98
2022-04-05,Indonesia,Paradip,Capesize,45.41,USD,MT,3436.4703740520567,448.21,74688.03
2022-04-05,Indonesia,Paradip,Capesize,48.35,USD,MT,9939.870581724866,485.31,124210.5
2022-04-05,Indonesia,Paradip,Panamax,58.19,USD,MT,6672.820776787971,513.3,136817.75
2022-04-05,Indonesia,Paradip,Supramax,62.72,USD,MT,3713.4813388347407,449.24,131209.63
2022-04-06,Australia,Paradip,Capesize,45.45,USD,MT,5420.734059316479,636.58,80385.98
2022-04-06,Indonesia,Paradip,Capesize,46.87,USD,MT,9273.174208284849,726.92,129690.61
2022-04-06,Indonesia,Paradip,Capesize,40.68,USD,MT,4622.629459215037,468.32,120436.51
2022-04-06,Russia,Paradip,Supramax,62.27,USD,MT,8321.341685240692,402.97,98941.76
2022-04-06,US,Paradip,Supramax,67.45,USD,MT,8921.657812527346,674.48,142804.54
2022-04-07,Indonesia,Paradip,Capesize,48.99,USD,MT,9782.917144107048,601.24,119608.13
2022-04-07,Indonesia,Paradip,Capesize,43.7,USD,MT,9231.597087955462,439.22,148149.41
2022-04-07,Indonesia,Paradip,Supramax,62.05,USD,MT,3350.556992192298,583.45,71581.02
2022-04-07,Russia,Paradip,Capesize,42.78,USD,MT,9681.6011374874,698.45,59189.02
2022-04-07,Russia,Paradip,Capesize,48.36,USD,MT,7504.141705646965,720.02,66926.8
2022-04-08,Australia,Paradip,Panamax,52.45,USD,MT,8740.740939474977,505.36,131495.71
2022-04-08,Indonesia,Paradip,Panamax,55.68,USD,MT,3670.2227350439534,693.09,92461.12
2022-04-08,Mozambique,Paradip,Capesize,41.41,USD,MT,6440.174434844932,622.93,105358.92
2022-04-08,Russia,Paradip,Panamax,46.91,USD,MT,6726.800797727377,462.64,77565.36
2022-04-08,US,Paradip,Supramax,65.13,USD,MT,6948.198856172728,591.93,51399.79
2022-04-09,Australia,Paradip,Capesize,48.53,USD,MT,9832.68136067735,485.67,86927.64
2022-04-09,Australia,Paradip,Panamax,51.42,USD,MT,9135.64857119808,556.34,124635.87
2022-04-09,Indonesia,Paradip,Panamax,49.77,USD,MT,9904.37827356649,646.16,114413.45
2022-04-09,Indonesia,Paradip,Supramax,61.49,USD,MT,4698.7557582607005,413.09,81147.42
2022-04-09,Russia,Paradip,Capesize,39.35,USD,MT,8522.122620401697,799.47,139545.88
2022-04-10,Australia,Paradip,Panamax,58.91,USD,MT,9111.909112250292,550.72,111239.02
2022-04-10,Russia,Paradip,Capesize,48.45,USD,MT,3090.7969524829214,691.82,53309.19
2022-04-10,Russia,Paradip,Capesize,46.3,USD,MT,9797.916951799049,567.91,140070.67
2022-04-10,US,Paradip,Capesize,47.35,USD,MT,3936.5501319979,628.65,127256.14
2022-04-10,US,Paradip,Supramax,61.63,USD,MT,5968.808899516229,727.61,73055.39
2022-04-11,Australia,Paradip,Capesize,41.84,USD,MT,7122.436262949444,652.17,62496.77
2022-04-11,Indonesia,Paradip,Supramax,71.45,USD,MT,7578.410272055569,764.73,126727.24
2022-04-11,Russia,Paradip,Capesize,42.76,USD,MT,4287.940010595963,722.98,62655.92
2022-04-11,Russia,Paradip,Capesize,43.74,USD,MT,4919.880347200359,605.77,52665.81
2022-04-11,US,Paradip,Capesize,43.52,USD,MT,8450.246476266075,754.25,119909.36
2022-04-12,Australia,Paradip,Panamax,53.19,USD,MT,6242.994251457381,411.24,118567.39
2022-04-12,Indonesia,Paradip,Capesize,48.34,USD,MT,5240.503233794001,473.97,79068.65
2022-04-12,Mozambique,Paradip,Panamax,56.14,USD,MT,5912.902489456397,733.78,96571.45
2022-04-12,Mozambique,Paradip,Supramax,61.54,USD,MT,5066.518882655178,655.79,63075.06
2022-04-12,US,Paradip,Supramax,66.94,USD,MT,5814.490718027279,423.8,63213.7
2022-04-13,Australia,Paradip,Capesize,41.39,USD,MT,5802.976713927971,743.51,109421.35
2022-04-13,Australia,Paradip,Supramax,66.39,USD,MT,5577.097064176085,461.57,147566.22
2022-04-13,Indonesia,Paradip,Supramax,65.84,USD,MT,4430.3860668276975,623.29,109169.2
2022-04-13,US,Paradip,Panamax,50.08,USD,MT,5273.782219382221,484.09,126372.39
2022-04-13,US,Paradip,Panamax,55.29,USD,MT,6888.293175906272,517.13,93498.48
2022-04-14,Australia,Paradip,Supramax,71.62,USD,MT,4783.946409587096,495.51,69700.67
2022-04-14,Indonesia,Paradip,Capesize,48.16,USD,MT,7820.152291130725,625.83,100053.91
2022-04-14,Russia,Paradip,Capesize,46.46,USD,MT,6556.450063044636,458.62,140289.79
2022-04-14,US,Paradip,Capesize,43.37,USD,MT,7667.412601397642,706.74,69922.62
2022-04-14,US,Paradip,Panamax,51.03,USD,MT,5747.016619434648,603.71,80972.29
2022-04-15,Australia,Paradip,Panamax,56.49,USD,MT,3089.438628671597,576.37,114093.85
2022-04-15,Australia,Paradip,Supramax,68.8,USD,MT,9263.501351304323,539.22,119073.46
2022-04-15,Mozambique,Paradip,Capesize,43.36,USD,MT,6272.4647990867215,616.66,87844.04
2022-04-15,Mozambique,Paradip,Capesize,41.52,USD,MT,4476.250931177245,713.76,55559.12
2022-04-15,Mozambique,Paradip,Panamax,52.12,USD,MT,6137.146488479401,453.5,78414.69
2022-04-16,Australia,Paradip,Supramax,62.57,USD,MT,8138.44265768102,785.71,70305.55
2022-04-16,Indonesia,Paradip,Supramax,65.88,USD,MT,8496.754450203825,518.98,82324.57
2022-04-16,Russia,Paradip,Capesize,45.53,USD,MT,5894.53886300177,748.48,128362.75
2022-04-16,US,Paradip,Capesize,43.39,USD,MT,9275.29633600479,733.97,60453.96
2022-04-16,US,Paradip,Supramax,61.82,USD,MT,7511.653235436997,448.26,55152.18
2022-04-17,Indonesia,Paradip,Capesize,46.88,USD,MT,8085.2749317959315,623.61,111101.36
2022-04-17,Indonesia,Paradip,Panamax,55.11,USD,MT,4248.940017050961,406.82,74013.69
2022-04-17,US,Paradip,Capesize,41.23,USD,MT,4236.271716699692,636.82,58028.01
2022-04-17,US,Paradip,Panamax,53.73,USD,MT,4682.40242143121,617.27,71006.64
2022-04-17,US,Paradip,Panamax,53.57,USD,MT,9133.534996882829,420.8,110611.35
2022-04-18,Australia,Paradip,Panamax,55.53,USD,MT,6886.731000815722,401.04,96335.08
2022-04-18,Australia,Paradip,Supramax,63.89,USD,MT,8162.532477706701,493.31,143937.78
2022-04-18,Australia,Paradip,Supramax,65.56,USD,MT,6901.268957163247,469.49,120925.81
2022-04-18,Indonesia,Paradip,Panamax,51.68,USD,MT,9656.264117303532,751.8,116710.51
2022-04-18,Mozambique,Paradip,Panamax,54.24,USD,MT,9520.197015820984,703.57,148855.56
2022-04-19,Indonesia,Paradip,Panamax,57.82,USD,MT,6724.709992672418,758.86,90285.63
2022-04-19,Mozambique,Paradip,Panamax,50.04,USD,MT,8301.280452575782,478.67,111496.3
2022-04-19,Russia,Paradip,Panamax,54.83,USD,MT,9659.221905228142,481.2,54533.67
2022-04-19,US,Paradip,Capesize,44.45,USD,MT,7226.492276277936,791.23,87285.99
2022-04-19,US,Paradip,Supramax,59.27,USD,MT,4509.507585749771,755.02,73719.15
2022-04-20,Australia,Paradip,Supramax,64.82,USD,MT,9683.492602698305,796.85,81149.8
2022-04-20,Mozambique,Paradip,Supramax,61.99,USD,MT,3378.105395948704,701.47,136874.89
2022-04-20,US,Paradip,Panamax,55.33,USD,MT,4789.479203066362,672.66,141005.2
2022-04-20,US,Paradip,Panamax,52.88,USD,MT,3477.614637592652,716.49,102506.52
2022-04-20,US,Paradip,Panamax,56.65,USD,MT,8287.02804371801,410.1,77489.2
2022-04-21,Australia,Paradip,Supramax,63.23,USD,MT,7105.344145985365,631.89,83010.01
2022-04-21,Mozambique,Paradip,Supramax,62.96,USD,MT,9536.084370627294,760.91,78240.75
2022-04-21,Russia,Paradip,Capesize,41.15,USD,MT,9586.21490357248,617.12,104017.85
2022-04-21,US,Paradip,Capesize,49.77,USD,MT,9324.769954189363,791.45,136146.84
2022-04-21,US,Paradip,Supramax,67.07,USD,MT,9051.127915194937,569.5,80358.03
2022-04-22,Australia,Paradip,Panamax,54.72,USD,MT,4381.328258883245,551.63,100622.31
2022-04-22,Australia,Paradip,Supramax,61.99,USD,MT,5066.854205169285,796.67,131200.23
2022-04-22,Mozambique,Paradip,Panamax,56.19,USD,MT,3959.15941706637,672.4,129701.99
2022-04-22,Russia,Paradip,Supramax,66.05,USD,MT,5741.48669539544,547.68,97262.72
2022-04-22,Russia,Paradip,Supramax,62.98,USD,MT,5258.422755569505,598.01,123720.4
2022-04-23,Australia,Paradip,Supramax,65.48,USD,MT,6109.775033736963,706.06,69963.96
2022-04-23,Mozambique,Paradip,Supramax,60.11,USD,MT,8996.820541437592,612.65,97592.0
2022-04-23,Russia,Paradip,Capesize,37.69,USD,MT,3013.5582206278905,644.58,79669.74
2022-04-23,Russia,Paradip,Supramax,66.2,USD,MT,6665.31991464219,608.15,147288.88
2022-04-23,US,Paradip,Capesize,45.64,USD,MT,6753.878755890818,565.73,143405.13
2022-04-24,Australia,Paradip,Panamax,62.21,USD,MT,7377.240726678303,708.72,62261.7
2022-04-24,Indonesia,Paradip,Capesize,39.91,USD,MT,9319.96073401767,613.81,65675.19
2022-04-24,Indonesia,Paradip,Panamax,55.31,USD,MT,6268.528360503307,415.51,140759.47
2022-04-24,Russia,Paradip,Panamax,51.3,USD,MT,7704.906421718105,504.64,96460.09
2022-04-24,Russia,Paradip,Panamax,55.02,USD,MT,8325.32145590649,794.66,56242.22
2022-04-25,Australia,Paradip,Supramax,67.39,USD,MT,5642.03313522054,537.73,125069.03
2022-04-25,Indonesia,Paradip,Capesize,42.19,USD,MT,6581.327618780165,786.46,91493.29
2022-04-25,Mozambique,Paradip,Panamax,47.03,USD,MT,6550.916539824082,516.18,148266.7
2022-04-25,Mozambique,Paradip,Supramax,63.15,USD,MT,8355.682322491271,592.12,98079.85
2022-04-25,Russia,Paradip,Capesize,40.59,USD,MT,4034.0218795344554,601.68,124879.76
2022-04-26,Indonesia,Paradip,Panamax,51.9,USD,MT,3514.9678813908718,517.84,147191.64
2022-04-26,Russia,Paradip,Panamax,50.95,USD,MT,6226.8228086730605,723.1,94483.57
2022-04-26,Russia,Paradip,Panamax,55.3,USD,MT,5937.77290496312,438.26,62959.67
2022-04-26,US,Paradip,Panamax,54.63,USD,MT,4682.742587429682,566.62,96407.48
2022-04-26,US,Paradip,Supramax,66.69,USD,MT,8245.321907670721,461.85,54262.56
2022-04-27,Australia,Paradip,Capesize,45.89,USD,MT,6283.823929047356,504.4,134019.52
2022-04-27,Indonesia,Paradip,Capesize,37.86,USD,MT,9101.699833197808,742.11,99796.47
2022-04-27,Indonesia,Paradip,Supramax,66.02,USD,MT,5373.156709866649,443.27,50420.61
2022-04-27,Mozambique,Paradip,Capesize,48.88,USD,MT,6236.649715902773,573.0,122234.18
2022-04-27,Mozambique,Paradip,Panamax,52.81,USD,MT,5790.440219248017,540.37,123033.91
2022-04-28,Australia,Paradip,Capesize,42.42,USD,MT,3052.816443166009,412.1,112128.23
2022-04-28,Mozambique,Paradip,Panamax,49.21,USD,MT,6950.566880464228,589.04,118415.66
2022-04-28,Mozambique,Paradip,Panamax,52.67,USD,MT,3674.471767324688,467.24,131485.87
2022-04-28,Russia,Paradip,Panamax,50.82,USD,MT,6428.422192008777,552.71,95604.87
2022-04-28,Russia,Paradip,Supramax,61.5,USD,MT,6419.984001936756,474.53,68454.63
2022-04-29,Australia,Paradip,Capesize,43.75,USD,MT,8566.872866940419,794.95,95939.11
2022-04-29,Indonesia,Paradip,Panamax,53.04,USD,MT,5409.4972403237925,611.49,125717.25
2022-04-29,Indonesia,Paradip,Supramax,63.67,USD,MT,3966.4386038175526,777.71,62415.04
2022-04-29,US,Paradip,Panamax,57.39,USD,MT,6130.910974706248,512.09,120427.48
2022-04-29,US,Paradip,Supramax,61.88,USD,MT,6546.001728509238,779.61,100127.14
2022-04-30,Indonesia,Paradip,Capesize,47.2,USD,MT,5636.543495954891,500.91,57177.09
2022-04-30,Indonesia,Paradip,Panamax,53.04,USD,MT,8326.957028482062,418.71,98923.0
2022-04-30,Russia,Paradip,Capesize,41.61,USD,MT,4907.496428079399,449.03,88958.25
2022-04-30,US,Paradip,Supramax,64.02,USD,MT,6420.723056373843,771.66,138588.41
2022-04-30,US,Paradip,Supramax,63.55,USD,MT,9664.07857440211,416.87,89548.31
2022-05-01,Indonesia,Paradip,Panamax,52.94,USD,MT,6175.352926198351,470.21,73679.43
2022-05-01,Mozambique,Paradip,Supramax,64.97,USD,MT,3451.5378773052776,724.86,89887.52
2022-05-01,Russia,Paradip,Capesize,45.15,USD,MT,8240.959613597875,789.59,92029.08
2022-05-01,US,Paradip,Capesize,45.71,USD,MT,6257.672886859774,754.65,94348.11
2022-05-01,US,Paradip,Supramax,61.28,USD,MT,4462.111712381148,493.85,145572.78
2022-05-02,Indonesia,Paradip,Panamax,55.3,USD,MT,9322.221327487665,476.27,110805.56
2022-05-02,Indonesia,Paradip,Supramax,63.47,USD,MT,4940.165265539864,539.51,61874.52
2022-05-02,Mozambique,Paradip,Panamax,53.68,USD,MT,4387.31892192823,428.51,72548.24
2022-05-02,Russia,Paradip,Panamax,52.36,USD,MT,9496.025556894632,776.81,79530.93
2022-05-02,US,Paradip,Supramax,63.88,USD,MT,5831.645282477564,662.17,134753.01
2022-05-03,Indonesia,Paradip,Capesize,46.16,USD,MT,3307.9509053768497,404.8,142394.66
2022-05-03,Mozambique,Paradip,Capesize,44.27,USD,MT,4196.561484009069,487.87,69400.69
2022-05-03,Russia,Paradip,Capesize,45.63,USD,MT,8208.366723850251,420.33,90425.87
2022-05-03,Russia,Paradip,Capesize,45.47,USD,MT,3268.643837849146,400.86,91485.46
2022-05-03,US,Paradip,Capesize,46.11,USD,MT,3473.572093769525,771.2,65529.68
2022-05-04,Australia,Paradip,Panamax,47.49,USD,MT,3572.486813645228,583.48,59829.46
2022-05-04,Indonesia,Paradip,Capesize,40.94,USD,MT,8676.236981482318,576.95,117778.83
2022-05-04,Indonesia,Paradip,Supramax,68.05,USD,MT,5049.333006699659,615.61,81190.62
2022-05-04,US,Paradip,Panamax,53.28,USD,MT,8338.910751316955,432.47,125181.58
2022-05-04,US,Paradip,Panamax,53.24,USD,MT,5459.772926995411,467.15,80335.05
2022-05-05,Mozambique,Paradip,Capesize,46.24,USD,MT,7652.943749758405,421.34,115584.49
2022-05-05,Russia,Paradip,Panamax,48.92,USD,MT,3505.984881733507,722.08,114552.13
2022-05-05,US,Paradip,Panamax,50.12,USD,MT,9368.3831318439,712.96,148184.07
2022-05-05,US,Paradip,Panamax,52.84,USD,MT,5081.122577911936,678.03,109636.44
2022-05-05,US,Paradip,Supramax,64.94,USD,MT,4382.47091696752,695.19,67779.46
2022-05-06,Indonesia,Paradip,Supramax,65.45,USD,MT,4521.987273913458,714.84,50765.78
2022-05-06,Indonesia,Paradip,Supramax,66.67,USD,MT,7599.82937078302,724.04,116016.19
2022-05-06,Mozambique,Paradip,Supramax,60.37,USD,MT,8114.743978572698,664.04,76553.77
2022-05-06,Mozambique,Paradip,Supramax,59.97,USD,MT,3895.344882868432,766.45,71123.09
2022-05-06,US,Paradip,Panamax,55.24,USD,MT,8773.46759927068,654.03,148149.17
2022-05-07,Mozambique,Paradip,Panamax,52.54,USD,MT,4461.552494920528,474.05,146230.99
2022-05-07,Mozambique,Paradip,Panamax,54.85,USD,MT,7932.893032738993,783.26,70534.64
2022-05-07,Mozambique,Paradip,Supramax,65.65,USD,MT,8599.128063264809,458.94,132060.94
2022-05-07,US,Paradip,Capesize,40.6,USD,MT,6673.522869472357,789.07,113938.15
2022-05-07,US,Paradip,Capesize,45.21,USD,MT,7604.404364249219,713.36,87883.06
2022-05-08,Australia,Paradip,Supramax,62.12,USD,MT,7787.885067588989,638.31,108295.15
2022-05-08,Indonesia,Paradip,Capesize,46.83,USD,MT,9116.697231906674,563.18,111935.84
2022-05-08,Mozambique,Paradip,Capesize,45.36,USD,MT,7981.201410016628,463.78,127072.72
2022-05-08,US,Paradip,Capesize,38.88,USD,MT,6677.230835594946,531.36,87874.29
2022-05-08,US,Paradip,Panamax,50.53,USD,MT,5933.230799206443,619.72,56828.48
2022-05-09,Indonesia,Paradip,Panamax,51.79,USD,MT,7330.635608113456,513.93,132732.83
2022-05-09,Indonesia,Paradip,Supramax,59.61,USD,MT,3287.246711078537,593.55,108939.0
2022-05-09,Mozambique,Paradip,Supramax,67.97,USD,MT,6760.725475305771,795.63,55953.55
2022-05-09,Russia,Paradip,Panamax,49.1,USD,MT,4010.1610717795297,482.26,83999.53
2022-05-09,US,Paradip,Panamax,53.35,USD,MT,4104.894618373747,483.49,141122.64
2022-05-10,Australia,Paradip,Capesize,39.8,USD,MT,5097.409573751825,588.98,109769.19
2022-05-10,Australia,Paradip,Supramax,64.54,USD,MT,7562.482811028653,795.65,148042.74
2022-05-10,Mozambique,Paradip,Supramax,66.74,USD,MT,6585.626853305801,773.74,72330.27
2022-05-10,Russia,Paradip,Supramax,65.03,USD,MT,5017.929417545768,521.28,51753.18
2022-05-10,US,Paradip,Capesize,41.67,USD,MT,5553.353323595964,444.72,71972.95
2022-05-11,Indonesia,Paradip,Panamax,53.53,USD,MT,8639.536377363023,582.61,103333.69
2022-05-11,Indonesia,Paradip,Supramax,62.7,USD,MT,7624.143429735555,422.98,101061.29
2022-05-11,Mozambique,Paradip,Capesize,48.44,USD,MT,9221.593034428666,498.25,100356.47
2022-05-11,Russia,Paradip,Supramax,63.66,USD,MT,9650.031917773926,608.92,50516.0
2022-05-11,US,Paradip,Capesize,48.74,USD,MT,6267.0023742293415,598.41,82691.95
2022-05-12,Russia,Paradip,Panamax,48.45,USD,MT,3695.660243440477,768.39,146159.94
2022-05-12,US,Paradip,Panamax,51.16,USD,MT,4464.135906055746,574.85,86057.89
2022-05-12,US,Paradip,Panamax,51.63,USD,MT,3374.0878945793274,566.82,74932.5
2022-05-12,US,Paradip,Supramax,66.68,USD,MT,6727.788280624249,794.71,69628.39
2022-05-12,US,Paradip,Supramax,63.7,USD,MT,3567.134502061598,690.41,86155.96
2022-05-13,Australia,Paradip,Panamax,49.37,USD,MT,5447.694889153207,458.65,142944.95
2022-05-13,Indonesia,Paradip,Supramax,65.14,USD,MT,3040.7675108250246,795.81,140562.9
2022-05-13,Mozambique,Paradip,Panamax,52.32,USD,MT,6182.098255972458,576.15,89141.16
2022-05-13,Mozambique,Paradip,Supramax,68.62,USD,MT,8829.084997628772,635.86,118668.32
2022-05-13,Russia,Paradip,Capesize,46.49,USD,MT,4548.290854319553,583.27,93105.37
2022-05-14,Australia,Paradip,Capesize,42.69,USD,MT,9880.633315503985,598.8,72781.72
2022-05-14,Indonesia,Paradip,Panamax,54.68,USD,MT,6775.301968194015,429.93,123170.48
2022-05-14,Mozambique,Paradip,Panamax,55.0,USD,MT,5605.207369154505,425.78,95287.29
2022-05-14,Mozambique,Paradip,Supramax,64.54,USD,MT,6005.832186321157,504.45,112755.07
2022-05-14,Russia,Paradip,Panamax,46.86,USD,MT,5228.58117552207,443.21,143131.39
2022-05-15,Australia,Paradip,Panamax,53.33,USD,MT,9166.356515931862,793.0,84210.83
2022-05-15,Mozambique,Paradip,Capesize,44.75,USD,MT,3700.860579703234,602.29,143865.61
2022-05-15,Mozambique,Paradip,Panamax,57.86,USD,MT,6845.870855398143,754.21,109059.22
2022-05-15,Mozambique,Paradip,Panamax,47.51,USD,MT,5057.510922066032,669.41,89816.37
2022-05-15,Mozambique,Paradip,Panamax,49.87,USD,MT,6665.817247302308,426.87,120107.75
2022-05-16,Australia,Paradip,Capesize,42.37,USD,MT,3887.380934397472,531.08,109930.26
2022-05-16,Australia,Paradip,Supramax,64.23,USD,MT,7139.671548697816,499.92,125961.15
2022-05-16,Indonesia,Paradip,Panamax,54.8,USD,MT,5125.301745877943,557.85,85043.34
2022-05-16,Indonesia,Paradip,Supramax,59.06,USD,MT,4649.691284345607,734.91,99411.47
2022-05-16,Indonesia,Paradip,Supramax,61.39,USD,MT,6765.677580176556,496.96,124889.32
2022-05-17,Australia,Paradip,Capesize,43.7,USD,MT,3249.875064837025,605.15,78768.58
2022-05-17,Indonesia,Paradip,Panamax,50.36,USD,MT,7416.343608208147,777.26,91595.11
2022-05-17,Russia,Paradip,Capesize,39.65,USD,MT,5088.324216381253,431.46,96445.01
2022-05-17,US,Paradip,Capesize,38.81,USD,MT,5529.424278168741,662.23,144977.58
2022-05-17,US,Paradip,Panamax,58.53,USD,MT,4393.789725948744,431.47,85798.74
2022-05-18,Australia,Paradip,Capesize,42.79,USD,MT,8582.718596139193,450.08,65200.94
2022-05-18,Indonesia,Paradip,Capesize,39.7,USD,MT,4662.5400633656645,550.4,61542.74
2022-05-18,Indonesia,Paradip,Supramax,63.07,USD,MT,9890.202174862654,469.02,64232.08
2022-05-18,Mozambique,Paradip,Panamax,53.4,USD,MT,8641.175197323373,436.22,63103.26
2022-05-18,Russia,Paradip,Capesize,45.77,USD,MT,3765.778414616897,754.94,129583.91
2022-05-19,Australia,Paradip,Supramax,61.12,USD,MT,3306.8590351661824,422.22,73234.0
2022-05-19,Mozambique,Paradip,Capesize,43.95,USD,MT,9477.793609619835,522.84,60380.06
2022-05-19,Mozambique,Paradip,Panamax,50.48,USD,MT,4306.913449788332,430.62,126045.67
2022-05-19,US,Paradip,Capesize,43.55,USD,MT,7667.198086503566,476.09,124793.43
2022-05-19,US,Paradip,Panamax,53.32,USD,MT,6183.498892522241,531.8,135490.11
2022-05-20,Australia,Paradip,Supramax,61.76,USD,MT,5078.100611503753,516.57,130459.63
2022-05-20,Indonesia,Paradip,Panamax,49.72,USD,MT,5237.989347149784,738.15,92671.25
2022-05-20,Mozambique,Paradip,Panamax,54.29,USD,MT,6973.833428956259,453.37,98685.32
2022-05-20,Mozambique,Paradip,Supramax,57.55,USD,MT,9510.727613337298,636.32,130901.94
2022-05-20,US,Paradip,Panamax,52.41,USD,MT,9634.042939840238,731.28,133761.78
2022-05-21,Australia,Paradip,Panamax,44.5,USD,MT,4399.585050517416,762.88,140806.05
2022-05-21,Australia,Paradip,Panamax,50.13,USD,MT,7584.136814119233,682.53,96879.39
2022-05-21,Indonesia,Paradip,Panamax,51.51,USD,MT,8304.32893406296,496.23,116369.76
2022-05-21,Mozambique,Paradip,Panamax,52.81,USD,MT,9151.486232401508,703.23,61145.03
2022-05-21,US,Paradip,Panamax,47.47,USD,MT,3205.9461747546165,434.68,114265.26
2022-05-22,Mozambique,Paradip,Panamax,45.69,USD,MT,3687.980302946905,475.58,103467.03
2022-05-22,Mozambique,Paradip,Panamax,53.7,USD,MT,5446.569976053375,752.22,133549.53
2022-05-22,Russia,Paradip,Panamax,48.5,USD,MT,8890.893862875708,552.33,61551.66
2022-05-22,US,Paradip,Capesize,39.28,USD,MT,8129.897824351964,413.91,120197.9
2022-05-22,US,Paradip,Capesize,44.81,USD,MT,5701.885834415612,793.56,51040.77
2022-05-23,Australia,Paradip,Capesize,42.36,USD,MT,9031.266035508865,624.38,106291.56
2022-05-23,Russia,Paradip,Capesize,36.65,USD,MT,7065.991679354805,510.4,137101.68
2022-05-23,Russia,Paradip,Panamax,51.44,USD,MT,6424.830311315531,611.91,133102.62
2022-05-23,Russia,Paradip,Supramax,56.75,USD,MT,4020.6550606822298,531.22,60202.16
2022-05-23,US,Paradip,Panamax,55.84,USD,MT,6907.988844726024,639.58,123202.64
2022-05-24,Australia,Paradip,Panamax,49.12,USD,MT,6399.249208594511,799.5,59629.79
2022-05-24,Indonesia,Paradip,Capesize,35.14,USD,MT,6989.998541376297,696.34,137299.48
2022-05-24,Indonesia,Paradip,Supramax,58.65,USD,MT,3156.007325476719,734.47,64887.3
2022-05-24,Mozambique,Paradip,Capesize,43.46,USD,MT,7572.474975014174,446.29,148448.46
2022-05-24,Mozambique,Paradip,Panamax,50.42,USD,MT,9817.976060068686,735.48,102964.52
2022-05-25,Indonesia,Paradip,Capesize,40.01,USD,MT,8126.221620826685,631.0,69355.71
2022-05-25,Mozambique,Paradip,Capesize,36.66,USD,MT,8792.404012575116,683.28,72194.01
2022-05-25,Mozambique,Paradip,Panamax,46.24,USD,MT,3005.04441518513,624.86,98799.07
2022-05-25,Mozambique,Paradip,Panamax,49.48,USD,MT,5241.842589025545,688.78,118536.75
2022-05-25,US,Paradip,Supramax,61.01,USD,MT,3578.6177218697803,671.68,141224.93
2022-05-26,Australia,Paradip,Supramax,64.88,USD,MT,7510.506251157034,560.75,123461.06
2022-05-26,Mozambique,Paradip,Capesize,43.27,USD,MT,3509.9521781429303,582.67,149734.21
2022-05-26,Russia,Paradip,Capesize,43.51,USD,MT,5620.647336140847,605.74,50927.65
2022-05-26,US,Paradip,Capesize,42.4,USD,MT,5404.209869052927,623.25,147747.14
2022-05-26,US,Paradip,Capesize,41.92,USD,MT,7973.363067211477,781.22,104793.49
2022-05-27,Australia,Paradip,Panamax,48.4,USD,MT,8426.60779490936,757.41,86014.9
2022-05-27,Australia,Paradip,Panamax,51.46,USD,MT,6716.566335250898,567.99,140409.33
2022-05-27,Australia,Paradip,Supramax,60.81,USD,MT,8622.25988724949,536.49,54033.59
2022-05-27,Australia,Paradip,Supramax,65.32,USD,MT,8942.944978905292,474.59,64687.86
2022-05-27,Australia,Paradip,Supramax,55.66,USD,MT,7977.940597743746,412.15,57474.9
2022-05-28,Russia,Paradip,Panamax,48.34,USD,MT,3253.904412756206,414.58,143518.6
2022-05-28,Russia,Paradip,Panamax,49.64,USD,MT,8854.508562976207,585.43,106146.57
2022-05-28,US,Paradip,Capesize,42.4,USD,MT,3464.109759868528,652.26,92169.73
2022-05-28,US,Paradip,Panamax,44.12,USD,MT,9632.6912750833,455.32,129178.5
2022-05-28,US,Paradip,Supramax,59.02,USD,MT,3555.3624427081068,644.1,61914.09
2022-05-29,Australia,Paradip,Panamax,52.06,USD,MT,6497.6325816667,713.29,142743.09
2022-05-29,Australia,Paradip,Supramax,61.85,USD,MT,7314.752248204427,450.41,68862.18
2022-05-29,Russia,Paradip,Panamax,51.61,USD,MT,8680.893597914492,773.91,55717.97
2022-05-29,US,Paradip,Capesize,37.74,USD,MT,5643.9910487893,689.93,79303.27
2022-05-29,US,Paradip,Panamax,54.79,USD,MT,3576.649333065723,445.96,84801.83
2022-05-30,Australia,Paradip,Supramax,62.41,USD,MT,3683.276170246866,707.52,145876.33
2022-05-30,Indonesia,Paradip,Capesize,37.79,USD,MT,7084.930479227036,763.47,98919.2
2022-05-30,Indonesia,Paradip,Panamax,54.35,USD,MT,7642.385416289737,781.78,66636.17
2022-05-30,Russia,Paradip,Panamax,53.0,USD,MT,7983.184415631282,751.29,108779.36
2022-05-30,Russia,Paradip,Supramax,59.1,USD,MT,6322.4483214782285,488.79,86093.32
2022-05-31,Australia,Paradip,Capesize,36.94,USD,MT,7689.162364923502,429.73,138575.79
2022-05-31,Mozambique,Paradip,Supramax,65.19,USD,MT,6622.033240756157,575.99,101927.0
2022-05-31,Russia,Paradip,Panamax,53.67,USD,MT,9671.564669186992,779.26,88309.68
2022-05-31,Russia,Paradip,Panamax,53.64,USD,MT,6752.349180060113,521.68,66098.89
2022-05-31,Russia,Paradip,Supramax,59.16,USD,MT,5303.600305614789,685.8,84830.49
2022-06-01,Indonesia,Paradip,Supramax,57.8,USD,MT,6069.588333027763,786.38,86029.09
2022-06-01,Russia,Paradip,Supramax,61.32,USD,MT,7275.160376117498,722.4,125854.32
2022-06-01,Russia,Paradip,Supramax,61.18,USD,MT,8547.186314007986,481.25,111717.25
2022-06-01,US,Paradip,Capesize,42.38,USD,MT,9999.576867364827,533.59,83446.06
2022-06-01,US,Paradip,Panamax,43.76,USD,MT,4877.160142289185,518.38,80351.79
2022-06-02,Australia,Paradip,Panamax,45.3,USD,MT,5010.461245639516,549.47,121789.24
2022-06-02,Indonesia,Paradip,Supramax,60.19,USD,MT,8604.17158154526,531.86,109688.44
2022-06-02,Indonesia,Paradip,Supramax,63.74,USD,MT,8390.16055192694,677.08,100580.03
2022-06-02,US,Paradip,Capesize,39.17,USD,MT,9750.224773524851,706.49,100567.57
2022-06-02,US,Paradip,Capesize,40.39,USD,MT,9079.730041091496,778.45,92026.81
2022-06-03,Australia,Paradip,Panamax,54.98,USD,MT,3502.7282717421394,461.34,59480.49
2022-06-03,Australia,Paradip,Supramax,58.21,USD,MT,5696.544317555209,716.23,72213.13
2022-06-03,Mozambique,Paradip,Panamax,49.94,USD,MT,8429.155863166803,412.89,85031.29
2022-06-03,US,Paradip,Panamax,52.17,USD,MT,5421.551597462573,760.85,129246.64
2022-06-03,US,Paradip,Supramax,62.49,USD,MT,5248.768515426729,466.42,52101.75
2022-06-04,Mozambique,Paradip,Supramax,57.68,USD,MT,9694.234703206548,723.25,122986.46
2022-06-04,Russia,Paradip,Panamax,49.24,USD,MT,4353.062551612902,520.45,143380.06
2022-06-04,US,Paradip,Panamax,52.19,USD,MT,5435.994261180069,708.84,85562.96
2022-06-04,US,Paradip,Supramax,59.01,USD,MT,9483.153149076596,620.76,89281.29
2022-06-04,US,Paradip,Supramax,62.03,USD,MT,4622.960007371384,626.37,62747.93
2022-06-05,Mozambique,Paradip,Panamax,45.9,USD,MT,9296.15722023419,411.55,92461.02
2022-06-05,Mozambique,Paradip,Supramax,60.71,USD,MT,7617.702630800626,703.75,139017.37
2022-06-05,Russia,Paradip,Capesize,39.16,USD,MT,3201.662971738165,474.51,149113.8
2022-06-05,US,Paradip,Supramax,62.05,USD,MT,8543.169316711545,538.57,78123.28
2022-06-05,US,Paradip,Supramax,57.31,USD,MT,4183.705402134747,709.32,126870.35
2022-06-06,Indonesia,Paradip,Panamax,51.58,USD,MT,8372.022772974053,742.4,128417.32
2022-06-06,Mozambique,Paradip,Capesize,35.95,USD,MT,6851.277680786516,767.31,129536.08
2022-06-06,Mozambique,Paradip,Panamax,41.48,USD,MT,9094.453060443351,499.49,62679.46
2022-06-06,Russia,Paradip,Supramax,59.46,USD,MT,7123.364410976741,629.46,59550.09
2022-06-06,US,Paradip,Panamax,51.98,USD,MT,3519.190794297316,501.21,136024.76
2022-06-07,Australia,Paradip,Capesize,42.48,USD,MT,3350.907089328988,407.33,52844.78
2022-06-07,Australia,Paradip,Supramax,59.55,USD,MT,5839.917685315684,424.4,96097.29
2022-06-07,Indonesia,Paradip,Supramax,56.15,USD,MT,6695.564416158471,599.01,97358.56
2022-06-07,Mozambique,Paradip,Panamax,50.88,USD,MT,9914.466670642856,631.13,80657.09
2022-06-07,Mozambique,Paradip,Panamax,47.92,USD,MT,7572.307045308028,506.17,108805.45
2022-06-08,Australia,Paradip,Supramax,56.27,USD,MT,8749.094447497217,627.42,103133.1
2022-06-08,Indonesia,Paradip,Supramax,64.03,USD,MT,5886.178961434434,526.24,125621.41
2022-06-08,Russia,Paradip,Supramax,55.69,USD,MT,5514.29368218423,710.31,86134.28
2022-06-08,US,Paradip,Capesize,43.95,USD,MT,9150.337518764783,557.02,126697.92
2022-06-08,US,Paradip,Capesize,38.05,USD,MT,7027.426856114598,496.47,50013.81
2022-06-09,Indonesia,Paradip,Capesize,38.83,USD,MT,9971.302619387176,764.54,112520.25
2022-06-09,Indonesia,Paradip,Panamax,53.24,USD,MT,4171.881417356442,467.33,69758.54
2022-06-09,Mozambique,Paradip,Capesize,36.35,USD,MT,4379.585614802441,649.51,102438.96
2022-06-09,Mozambique,Paradip,Supramax,59.55,USD,MT,8051.934326271851,539.38,81545.8
2022-06-09,Russia,Paradip,Supramax,63.15,USD,MT,9371.197200601757,580.2,144817.98
2022-06-10,Australia,Paradip,Capesize,39.93,USD,MT,7645.907956440095,452.53,70181.59
2022-06-10,Indonesia,Paradip,Capesize,39.85,USD,MT,8115.951212551173,519.34,136795.21
2022-06-10,Indonesia,Paradip,Supramax,62.5,USD,MT,9387.398008771634,733.31,125905.73
2022-06-10,Mozambique,Paradip,Capesize,40.97,USD,MT,7624.881401966581,738.63,109942.76
2022-06-10,Mozambique,Paradip,Panamax,47.36,USD,MT,4084.778089037407,538.74,148280.93
2022-06-11,Australia,Paradip,Supramax,57.25,USD,MT,7051.031191353365,690.95,86286.49
2022-06-11,Indonesia,Paradip,Capesize,40.71,USD,MT,8915.884455536187,542.99,70267.92
2022-06-11,Mozambique,Paradip,Panamax,46.03,USD,MT,9518.752179318022,520.83,103180.42
2022-06-11,Russia,Paradip,Capesize,37.89,USD,MT,6711.704759647524,449.04,123268.84
2022-06-11,US,Paradip,Capesize,43.63,USD,MT,6822.241945779929,772.58,133210.99
2022-06-12,Indonesia,Paradip,Panamax,43.79,USD,MT,8687.81307218987,435.7,142282.1
2022-06-12,Mozambique,Paradip,Supramax,57.28,USD,MT,6234.164471164487,515.23,112222.93
2022-06-12,Russia,Paradip,Supramax,56.31,USD,MT,9050.479136313996,404.28,69598.32
2022-06-12,US,Paradip,Capesize,42.39,USD,MT,4395.361864503347,434.24,83041.57
2022-06-12,US,Paradip,Panamax,51.52,USD,MT,6637.341238721501,734.03,135648.93
2022-06-13,Australia,Paradip,Panamax,49.61,USD,MT,8338.634497879262,518.37,97561.5
2022-06-13,Australia,Paradip,Panamax,52.11,USD,MT,4431.440332910555,795.45,71101.31
2022-06-13,Indonesia,Paradip,Panamax,47.58,USD,MT,5008.957906501013,596.63,67920.48
2022-06-13,Mozambique,Paradip,Supramax,52.28,USD,MT,5662.141935538837,791.81,117377.03
2022-06-13,US,Paradip,Capesize,38.79,USD,MT,5758.181825225232,402.93,83553.51
2022-06-14,Indonesia,Paradip,Capesize,36.28,USD,MT,6278.241646602186,737.8,97917.36
2022-06-14,Indonesia,Paradip,Panamax,48.58,USD,MT,7514.432863729312,677.6,105259.92
2022-06-14,Indonesia,Paradip,Supramax,57.31,USD,MT,8007.019976231601,611.64,80332.68
2022-06-14,Russia,Paradip,Panamax,48.98,USD,MT,4847.82683407475,523.96,83517.8
2022-06-14,US,Paradip,Capesize,38.52,USD,MT,9206.451173227504,710.66,54205.27
2022-06-15,Mozambique,Paradip,Capesize,45.47,USD,MT,5003.929233083785,620.27,122022.73
2022-06-15,Mozambique,Paradip,Capesize,34.57,USD,MT,5754.097088128016,782.35,64788.1
2022-06-15,Mozambique,Paradip,Panamax,43.34,USD,MT,5248.611967041942,561.2,126325.86
2022-06-15,Mozambique,Paradip,Supramax,59.28,USD,MT,5494.658976286269,637.18,109478.5
2022-06-15,Russia,Paradip,Supramax,59.18,USD,MT,9545.698670804077,593.62,134186.98
2022-06-16,Australia,Paradip,Supramax,61.43,USD,MT,3811.4774440161127,718.51,149714.28
2022-06-16,Indonesia,Paradip,Supramax,63.31,USD,MT,5849.602205349494,640.01,69048.06
2022-06-16,Russia,Paradip,Capesize,32.91,USD,MT,7490.31971881934,792.61,142265.58
2022-06-16,Russia,Paradip,Panamax,42.79,USD,MT,6107.981410281857,592.29,76279.39
2022-06-16,US,Paradip,Panamax,46.82,USD,MT,8430.924260923659,626.51,141831.15
2022-06-17,Australia,Paradip,Panamax,43.3,USD,MT,4278.46355123628,790.13,131447.76
2022-06-17,Indonesia,Paradip,Supramax,55.98,USD,MT,3515.9326552798,521.65,103535.47
2022-06-17,US,Paradip,Capesize,35.71,USD,MT,8671.931767953509,686.54,112388.79
2022-06-17,US,Paradip,Capesize,37.71,USD,MT,7394.19243804909,730.82,53413.51
2022-06-17,US,Paradip,Panamax,52.96,USD,MT,6320.457711466283,468.99,94123.54
2022-06-18,Australia,Paradip,Panamax,46.58,USD,MT,4083.254127254288,767.66,128886.33
2022-06-18,Australia,Paradip,Supramax,55.25,USD,MT,8711.869636597694,508.02,108334.04
2022-06-18,Indonesia,Paradip,Capesize,36.41,USD,MT,4698.176693397038,574.01,106627.34
2022-06-18,Indonesia,Paradip,Supramax,58.7,USD,MT,5049.974280802702,493.37,51737.04
2022-06-18,US,Paradip,Capesize,40.99,USD,MT,6879.367508544295,764.54,65711.54
2022-06-19,Australia,Paradip,Panamax,46.03,USD,MT,8107.597117334036,647.08,133480.14
2022-06-19,Indonesia,Paradip,Supramax,62.74,USD,MT,7052.487561945472,740.82,104982.99
2022-06-19,Mozambique,Paradip,Supramax,53.35,USD,MT,5178.057239395985,646.76,116389.55
2022-06-19,Russia,Paradip,Capesize,30.07,USD,MT,8298.222088210337,568.05,120605.68
2022-06-19,Russia,Paradip,Supramax,56.06,USD,MT,8997.795000784387,591.81,54073.86
2022-06-20,Australia,Paradip,Panamax,48.85,USD,MT,6965.089259707707,765.22,72415.99
2022-06-20,Australia,Paradip,Panamax,50.6,USD,MT,9880.412292673953,432.95,119651.21
2022-06-20,Mozambique,Paradip,Panamax,48.08,USD,MT,6548.916188497192,540.95,77711.6
2022-06-20,Russia,Paradip,Capesize,33.01,USD,MT,5853.949690014164,730.22,64865.47
2022-06-20,US,Paradip,Supramax,55.0,USD,MT,4539.264794370356,600.98,95194.21
2022-06-21,Australia,Paradip,Capesize,33.24,USD,MT,5464.06341438472,726.22,54129.08
2022-06-21,Mozambique,Paradip,Panamax,46.71,USD,MT,3150.5991686865264,643.35,85982.92
2022-06-21,Russia,Paradip,Capesize,34.51,USD,MT,3733.162568538447,643.89,119082.95
2022-06-21,Russia,Paradip,Capesize,41.51,USD,MT,7302.568166095291,769.61,75380.18
2022-06-21,Russia,Paradip,Capesize,39.38,USD,MT,3695.638247600603,553.18,101506.78
2022-06-22,Russia,Paradip,Capesize,39.19,USD,MT,8686.150819380553,544.75,148345.8
2022-06-22,Russia,Paradip,Supramax,59.5,USD,MT,3633.249926393776,461.9,92345.03
2022-06-22,Russia,Paradip,Supramax,56.68,USD,MT,7991.623140095756,712.36,106626.35
2022-06-22,US,Paradip,Capesize,39.7,USD,MT,8013.707089945761,602.17,59151.03
2022-06-22,US,Paradip,Panamax,44.52,USD,MT,4730.662100320262,482.81,71258.07
2022-06-23,Australia,Paradip,Capesize,39.14,USD,MT,9356.941377128764,711.86,84415.87
2022-06-23,Australia,Paradip,Supramax,56.65,USD,MT,6723.646497123678,631.25,109999.11
2022-06-23,Australia,Paradip,Supramax,56.43,USD,MT,7314.567769991268,456.57,60695.36
2022-06-23,Indonesia,Paradip,Capesize,37.72,USD,MT,9124.783006974989,695.76,81613.67
2022-06-23,Russia,Paradip,Capesize,33.42,USD,MT,9734.77744906154,526.25,68588.05
2022-06-24,Australia,Paradip,Capesize,36.7,USD,MT,9242.141850368542,676.99,62377.96
2022-06-24,Australia,Paradip,Panamax,48.75,USD,MT,4072.091164064991,507.81,116116.54
2022-06-24,Indonesia,Paradip,Panamax,48.02,USD,MT,8755.078326702995,717.44,79733.3
2022-06-24,Indonesia,Paradip,Panamax,45.78,USD,MT,3180.080401080464,720.93,134687.49
2022-06-24,Indonesia,Paradip,Panamax,46.42,USD,MT,5350.036973781967,766.05,69162.62
2022-06-25,Australia,Paradip,Panamax,48.18,USD,MT,7187.1277824034,524.06,65587.43
2022-06-25,Indonesia,Paradip,Capesize,37.67,USD,MT,8441.528339688291,631.1,139583.26
2022-06-25,Mozambique,Paradip,Supramax,56.81,USD,MT,6655.75611921372,677.51,114362.33
2022-06-25,Russia,Paradip,Capesize,33.81,USD,MT,4807.246990692613,445.87,99567.54
2022-06-25,US,Paradip,Capesize,38.92,USD,MT,3164.014793495407,547.31,91424.46
2022-06-26,Indonesia,Paradip,Capesize,36.98,USD,MT,4549.703896243897,478.77,127162.03
2022-06-26,Indonesia,Paradip,Panamax,45.14,USD,MT,6170.366533948821,695.57,140062.32
2022-06-26,Mozambique,Paradip,Panamax,42.57,USD,MT,5709.515053934899,728.38,122162.99
2022-06-26,Russia,Paradip,Capesize,31.95,USD,MT,6210.341189290167,488.18,105618.62
2022-06-26,Russia,Paradip,Supramax,55.18,USD,MT,4701.719005117815,623.07,73653.99
2022-06-27,Australia,Paradip,Capesize,39.12,USD,MT,8003.799741701083,731.98,58457.82
2022-06-27,Australia,Paradip,Panamax,44.74,USD,MT,4169.5398292727,715.81,144553.93
2022-06-27,Russia,Paradip,Supramax,55.08,USD,MT,7105.730940659098,442.42,145851.48
2022-06-27,US,Paradip,Capesize,37.95,USD,MT,5518.132413592272,563.12,82340.7
2022-06-27,US,Paradip,Capesize,35.92,USD,MT,9256.906956549185,589.02,132873.01
2022-06-28,Australia,Paradip,Supramax,53.76,USD,MT,6708.270490224611,457.54,103354.83
2022-06-28,Mozambique,Paradip,Panamax,46.07,USD,MT,5189.011705316214,767.27,106440.99
2022-06-28,Russia,Paradip,Capesize,37.32,USD,MT,8621.706746808177,625.46,101913.46
2022-06-28,Russia,Paradip,Panamax,45.96,USD,MT,9718.092639703013,433.28,120889.32
2022-06-28,US,Paradip,Supramax,57.3,USD,MT,8183.260990731136,470.55,89534.69
2022-06-29,Indonesia,Paradip,Panamax,44.11,USD,MT,4028.993477310237,678.19,75511.01
2022-06-29,Mozambique,Paradip,Capesize,38.62,USD,MT,4017.9166845008767,784.09,65236.68
2022-06-29,Mozambique,Paradip,Capesize,36.8,USD,MT,6771.385562123847,431.34,106410.7
2022-06-29,Russia,Paradip,Panamax,40.82,USD,MT,3427.9366450099355,732.98,76873.69
2022-06-29,US,Paradip,Panamax,49.2,USD,MT,4996.792037648461,687.85,130569.78
2022-06-30,Mozambique,Paradip,Capesize,34.13,USD,MT,6974.886910363639,553.07,132704.33
2022-06-30,Mozambique,Paradip,Capesize,26.72,USD,MT,5366.420775872137,737.63,137095.04
2022-06-30,Russia,Paradip,Capesize,35.64,USD,MT,7445.016027182084,480.25,58447.31
2022-06-30,US,Paradip,Capesize,32.11,USD,MT,4191.480718730287,477.74,76197.33
2022-06-30,US,Paradip,Capesize,35.28,USD,MT,8971.469982665514,742.89,83167.22
2022-07-01,Indonesia,Paradip,Panamax,42.02,USD,MT,9496.194611273915,508.29,75515.63
2022-07-01,Mozambique,Paradip,Capesize,33.83,USD,MT,9417.039136213878,776.95,111730.26
2022-07-01,Russia,Paradip,Supramax,51.14,USD,MT,8010.991147703177,796.01,144133.32
2022-07-01,US,Paradip,Panamax,46.68,USD,MT,6636.293962476437,696.45,113868.13
2022-07-01,US,Paradip,Panamax,46.04,USD,MT,3601.3819593585986,640.75,76992.5
2022-07-02,Australia,Paradip,Panamax,43.66,USD,MT,7748.774339052987,728.09,84379.33
2022-07-02,Australia,Paradip,Supramax,53.0,USD,MT,9230.486500009913,792.36,63540.19
2022-07-02,Indonesia,Paradip,Supramax,58.72,USD,MT,3222.5557369243497,793.29,100514.65
2022-07-02,US,Paradip,Capesize,38.11,USD,MT,9029.576345587142,666.59,107300.96
2022-07-02,US,Paradip,Supramax,52.87,USD,MT,5195.136072059268,661.12,136528.41
2022-07-03,Indonesia,Paradip,Panamax,40.42,USD,MT,3668.32156183141,754.96,126947.86
2022-07-03,Indonesia,Paradip,Supramax,56.62,USD,MT,7155.101230940125,411.08,109469.27
2022-07-03,Mozambique,Paradip,Capesize,37.64,USD,MT,8011.66148244853,642.65,77836.11
2022-07-03,Mozambique,Paradip,Capesize,35.1,USD,MT,9781.591136269251,597.99,61177.41
2022-07-03,Russia,Paradip,Supramax,53.51,USD,MT,3578.742583166906,692.34,72018.58
2022-07-04,Australia,Paradip,Supramax,58.09,USD,MT,8344.452716302216,629.57,112610.63
2022-07-04,Indonesia,Paradip,Panamax,45.7,USD,MT,3373.426114438272,769.57,64815.31
2022-07-04,Indonesia,Paradip,Supramax,55.52,USD,MT,8365.116969737239,540.52,64135.69
2022-07-04,Mozambique,Paradip,Capesize,31.56,USD,MT,4362.829314387172,629.7,81660.49
2022-07-04,Russia,Paradip,Capesize,31.28,USD,MT,9072.438683597848,414.56,114461.65
2022-07-05,Australia,Paradip,Panamax,45.41,USD,MT,7142.781000277379,588.59,139660.07
2022-07-05,Mozambique,Paradip,Supramax,52.89,USD,MT,4210.500738480983,709.31,100286.82
2022-07-05,Russia,Paradip,Capesize,32.53,USD,MT,9984.501255922562,481.76,116042.95
2022-07-05,Russia,Paradip,Panamax,43.64,USD,MT,7132.208366667032,606.44,68923.6
2022-07-05,US,Paradip,Supramax,52.43,USD,MT,7581.999177626018,620.98,77874.95
2022-07-06,Australia,Paradip,Supramax,53.02,USD,MT,7062.493408139535,518.21,118918.8
2022-07-06,Indonesia,Paradip,Capesize,32.46,USD,MT,8137.837622405678,773.83,88184.28
2022-07-06,Mozambique,Paradip,Panamax,39.5,USD,MT,6834.178912027162,588.09,127213.26
2022-07-06,Russia,Paradip,Panamax,46.0,USD,MT,5405.308640292953,583.01,84096.59
2022-07-06,US,Paradip,Supramax,51.91,USD,MT,8177.935429226734,450.29,71967.73
2022-07-07,Australia,Paradip,Capesize,36.09,USD,MT,4908.798360736841,556.24,76504.58
2022-07-07,Australia,Paradip,Panamax,42.15,USD,MT,4530.070971157466,718.7,109422.07
2022-07-07,Indonesia,Paradip,Capesize,32.49,USD,MT,3443.516936750663,677.36,54716.01
2022-07-07,Indonesia,Paradip,Panamax,42.35,USD,MT,8286.337434083373,799.2,148729.21
2022-07-07,Russia,Paradip,Supramax,54.06,USD,MT,6054.093149350009,633.05,59278.35
2022-07-08,Indonesia,Paradip,Capesize,28.29,USD,MT,6904.971275515993,604.99,136229.74
2022-07-08,Russia,Paradip,Supramax,54.86,USD,MT,9890.484613899824,614.7,98440.55
2022-07-08,US,Paradip,Capesize,32.98,USD,MT,7270.980223910986,545.04,61523.56
2022-07-08,US,Paradip,Capesize,37.42,USD,MT,8141.540748904098,581.93,54204.17
2022-07-08,US,Paradip,Panamax,42.21,USD,MT,8132.949890825737,656.14,104657.45
2022-07-09,Australia,Paradip,Capesize,35.21,USD,MT,3921.5013623979753,688.22,57406.6
2022-07-09,Australia,Paradip,Panamax,44.5,USD,MT,3487.974023868355,540.24,70281.98
2022-07-09,Russia,Paradip,Panamax,39.5,USD,MT,7523.707458291043,411.76,89642.67
2022-07-09,Russia,Paradip,Supramax,49.1,USD,MT,4859.811442501149,430.52,116308.24
2022-07-09,US,Paradip,Supramax,54.33,USD,MT,9367.805709602224,552.1,121686.78
2022-07-10,Australia,Paradip,Panamax,39.76,USD,MT,4687.070194927826,449.35,50793.64
2022-07-10,Australia,Paradip,Panamax,40.45,USD,MT,7510.300526250101,508.34,141826.84
2022-07-10,Australia,Paradip,Panamax,40.56,USD,MT,6864.083450720878,438.93,97116.15
2022-07-10,Indonesia,Paradip,Panamax,42.49,USD,MT,3218.4627906694764,475.04,68849.88
2022-07-10,US,Paradip,Supramax,49.37,USD,MT,5685.015275017364,522.63,142263.84
2022-07-11,Australia,Paradip,Supramax,54.96,USD,MT,9085.41602735667,532.55,145646.46
2022-07-11,Indonesia,Paradip,Panamax,43.29,USD,MT,9719.721152889262,582.27,85458.06
2022-07-11,Mozambique,Paradip,Panamax,46.94,USD,MT,4899.635209675016,789.45,134222.24
2022-07-11,Mozambique,Paradip,Panamax,42.97,USD,MT,8889.1551807443,453.78,93141.94
2022-07-11,US,Paradip,Supramax,54.04,USD,MT,8732.608653457966,556.74,139130.94
2022-07-12,Mozambique,Paradip,Supramax,50.88,USD,MT,6382.648277349299,726.09,71774.48
2022-07-12,US,Paradip,Capesize,34.24,USD,MT,3782.108773503879,781.06,133851.9
2022-07-12,US,Paradip,Panamax,44.94,USD,MT,5919.335696568309,723.58,111536.94
2022-07-12,US,Paradip,Panamax,41.68,USD,MT,8177.766055604432,680.11,133234.37
2022-07-12,US,Paradip,Supramax,48.58,USD,MT,4525.281138314569,677.06,109281.19
2022-07-13,Australia,Paradip,Supramax,50.95,USD,MT,5193.013229804048,555.87,79567.33
2022-07-13,Mozambique,Paradip,Panamax,44.85,USD,MT,8476.744032762741,616.66,122013.77
2022-07-13,Mozambique,Paradip,Panamax,41.85,USD,MT,8212.917219021223,428.52,74223.64
2022-07-13,US,Paradip,Panamax,42.85,USD,MT,8704.983646782772,699.64,85799.82
2022-07-13,US,Paradip,Panamax,45.88,USD,MT,8625.105854572977,402.44,66397.02
2022-07-14,Australia,Paradip,Panamax,39.98,USD,MT,9968.42964452663,764.95,98237.95
2022-07-14,Indonesia,Paradip,Supramax,51.84,USD,MT,3914.9613267899663,407.4,81343.26
2022-07-14,Mozambique,Paradip,Capesize,38.14,USD,MT,5348.92320005786,599.09,140902.34
2022-07-14,Russia,Paradip,Supramax,53.49,USD,MT,4152.592573977257,500.2,115460.58
2022-07-14,Russia,Paradip,Supramax,53.09,USD,MT,5289.5332194936345,405.06,124551.31
2022-07-15,Indonesia,Paradip,Capesize,33.36,USD,MT,4002.883306513987,540.54,114137.84
2022-07-15,Mozambique,Paradip,Capesize,30.42,USD,MT,9994.693591978576,430.42,91117.15
2022-07-15,Mozambique,Paradip,Capesize,36.51,USD,MT,7363.905093199361,775.69,98267.46
2022-07-15,Mozambique,Paradip,Capesize,31.75,USD,MT,4087.497492589582,493.97,141993.76
2022-07-15,US,Paradip,Capesize,33.52,USD,MT,6204.023536246068,662.57,132103.63
2022-07-16,Australia,Paradip,Panamax,40.71,USD,MT,3940.925828513184,586.12,135161.48
2022-07-16,Australia,Paradip,Panamax,48.14,USD,MT,4297.73378278963,507.08,118713.01
2022-07-16,Russia,Paradip,Capesize,33.84,USD,MT,9413.316451600756,517.86,110048.13
2022-07-16,US,Paradip,Panamax,41.55,USD,MT,8657.846655191948,495.98,109457.75
2022-07-16,US,Paradip,Supramax,54.67,USD,MT,7152.533629395448,700.62,57072.85
2022-07-17,Australia,Paradip,Capesize,33.88,USD,MT,3581.9521661054946,543.45,108782.22
2022-07-17,Indonesia,Paradip,Panamax,45.86,USD,MT,3114.7042264801757,418.24,139508.26
2022-07-17,Mozambique,Paradip,Supramax,51.31,USD,MT,9341.629915130989,666.71,84658.63
2022-07-17,Russia,Paradip,Capesize,33.5,USD,MT,9462.6657931068,436.69,85149.5
2022-07-17,US,Paradip,Capesize,31.74,USD,MT,6711.810001223874,787.82,116843.91
2022-07-18,Australia,Paradip,Supramax,53.26,USD,MT,8660.547282058744,500.98,142338.76
2022-07-18,Mozambique,Paradip,Supramax,51.32,USD,MT,5595.091136932679,633.16,110016.72
2022-07-18,Russia,Paradip,Capesize,33.43,USD,MT,8530.856363233132,414.45,53809.9
2022-07-18,Russia,Paradip,Capesize,29.06,USD,MT,6618.24043216268,587.59,122143.72
2022-07-18,US,Paradip,Panamax,44.15,USD,MT,4309.350149525286,478.32,131044.42
2022-07-19,Australia,Paradip,Capesize,28.76,USD,MT,5978.745234049082,563.58,142974.03
2022-07-19,Mozambique,Paradip,Capesize,32.49,USD,MT,5632.836863161016,769.02,139383.2
2022-07-19,Mozambique,Paradip,Capesize,32.82,USD,MT,8149.264362086475,504.06,54197.19
2022-07-19,Mozambique,Paradip,Supramax,51.76,USD,MT,5960.812762553302,642.12,86658.74
2022-07-19,US,Paradip,Supramax,45.49,USD,MT,8378.582195979605,578.98,52654.97
2022-07-20,Australia,Paradip,Capesize,29.65,USD,MT,8501.187714841573,657.83,98702.4
2022-07-20,Indonesia,Paradip,Supramax,52.95,USD,MT,6958.178637416902,776.64,54439.93
2022-07-20,Mozambique,Paradip,Capesize,30.49,USD,MT,4341.424988602155,451.99,141913.43
2022-07-20,Mozambique,Paradip,Capesize,38.06,USD,MT,8616.942807313315,637.38,133434.28
2022-07-20,Mozambique,Paradip,Panamax,45.23,USD,MT,3695.696568165118,432.16,70602.48
2022-07-21,Australia,Paradip,Capesize,29.98,USD,MT,6744.06670174122,624.94,116462.57
2022-07-21,Australia,Paradip,Supramax,47.28,USD,MT,4194.42308476676,480.47,119860.48
2022-07-21,Australia,Paradip,Supramax,57.42,USD,MT,4817.484047959855,451.24,81729.77
2022-07-21,Australia,Paradip,Supramax,52.09,USD,MT,9510.717254034564,528.44,56424.27
2022-07-21,Indonesia,Paradip,Panamax,47.41,USD,MT,5429.833202275698,657.78,105750.37
2022-07-22,Australia,Paradip,Panamax,37.98,USD,MT,9541.933448736088,459.8,139321.06
2022-07-22,Mozambique,Paradip,Capesize,32.7,USD,MT,5121.540771166296,753.48,72015.62
2022-07-22,US,Paradip,Panamax,40.15,USD,MT,6976.12072060462,582.89,138209.23
2022-07-22,US,Paradip,Supramax,47.76,USD,MT,3111.0281941443977,504.18,70593.6
2022-07-22,US,Paradip,Supramax,53.99,USD,MT,6072.497672494162,435.31,100130.65
2022-07-23,Indonesia,Paradip,Panamax,42.07,USD,MT,6391.327931189765,729.0,57208.96
2022-07-23,Indonesia,Paradip,Panamax,47.67,USD,MT,9864.721327625548,456.71,100489.48
2022-07-23,Mozambique,Paradip,Supramax,50.19,USD,MT,9837.23492356564,760.05,77369.03
2022-07-23,US,Paradip,Capesize,34.03,USD,MT,6244.948419223423,562.38,83614.7
2022-07-23,US,Paradip,Panamax,40.15,USD,MT,8722.4975632012,728.8,146802.11
2022-07-24,Indonesia,Paradip,Panamax,34.04,USD,MT,7211.566824419798,525.79,112672.63
2022-07-24,Mozambique,Paradip,Capesize,32.48,USD,MT,8671.362841310602,582.18,62900.58
2022-07-24,Mozambique,Paradip,Panamax,44.12,USD,MT,7342.294030419755,559.82,66254.29
2022-07-24,Mozambique,Paradip,Panamax,39.87,USD,MT,6479.95863272472,612.77,61026.69
2022-07-24,Mozambique,Paradip,Supramax,51.41,USD,MT,7016.487024101618,577.28,61080.38
2022-07-25,Australia,Paradip,Capesize,32.53,USD,MT,6686.928685863393,543.68,114093.23
2022-07-25,Australia,Paradip,Supramax,49.4,USD,MT,4599.279129158446,459.03,50199.36
2022-07-25,US,Paradip,Panamax,44.88,USD,MT,6043.235405943974,436.68,135565.08
2022-07-25,US,Paradip,Panamax,39.96,USD,MT,3123.82124027858,767.32,100203.39
2022-07-25,US,Paradip,Supramax,51.09,USD,MT,4680.885575531444,742.46,102810.78
2022-07-26,Australia,Paradip,Capesize,23.93,USD,MT,9848.868258682392,703.5,146707.8
2022-07-26,Australia,Paradip,Supramax,47.03,USD,MT,9907.21539694952,556.62,111312.52
2022-07-26,Indonesia,Paradip,Panamax,41.68,USD,MT,4769.699271374866,616.69,149622.62
2022-07-26,Russia,Paradip,Supramax,50.05,USD,MT,9028.592682131191,664.76,95030.17
2022-07-26,US,Paradip,Supramax,50.15,USD,MT,6013.580215930083,552.99,108247.43
2022-07-27,Australia,Paradip,Panamax,43.02,USD,MT,7482.263141195255,458.71,105511.46
2022-07-27,Indonesia,Paradip,Capesize,33.0,USD,MT,8060.479495334563,569.8,59225.87
2022-07-27,Mozambique,Paradip,Supramax,49.72,USD,MT,9695.132172109094,787.87,122468.1
2022-07-27,US,Paradip,Capesize,35.2,USD,MT,5120.148624978308,743.7,133333.81
2022-07-27,US,Paradip,Supramax,52.86,USD,MT,6601.184461116365,587.68,105222.64
2022-07-28,Australia,Paradip,Supramax,48.75,USD,MT,5331.548320763992,693.69,118652.42
2022-07-28,Mozambique,Paradip,Capesize,34.07,USD,MT,4714.756058580128,766.0,113529.33
2022-07-28,Mozambique,Paradip,Panamax,41.05,USD,MT,3830.0511938342943,579.29,140914.65
2022-07-28,Mozambique,Paradip,Supramax,52.84,USD,MT,6331.450815824609,516.24,59675.73
2022-07-28,US,Paradip,Supramax,49.34,USD,MT,8465.091153840789,600.85,56731.01
2022-07-29,Australia,Paradip,Capesize,29.27,USD,MT,8146.074527528827,484.8,82459.12
2022-07-29,Indonesia,Paradip,Capesize,29.28,USD,MT,3647.291013499158,481.39,126559.43
2022-07-29,Mozambique,Paradip,Panamax,46.43,USD,MT,3979.1046137929866,531.37,83217.85
2022-07-29,Mozambique,Paradip,Supramax,48.53,USD,MT,8067.912704141576,460.61,73411.02
2022-07-29,US,Paradip,Supramax,51.28,USD,MT,8920.487790820236,724.07,142930.47
2022-07-30,Australia,Paradip,Capesize,30.35,USD,MT,9809.464350651626,696.16,62257.55
2022-07-30,Indonesia,Paradip,Supramax,50.48,USD,MT,7545.812525783906,730.95,129415.27
2022-07-30,Mozambique,Paradip,Capesize,29.67,USD,MT,5537.916774433634,746.77,78547.25
2022-07-30,Mozambique,Paradip,Panamax,41.88,USD,MT,8169.012998491595,685.51,105533.53
2022-07-30,Russia,Paradip,Panamax,41.69,USD,MT,7186.756944715913,748.66,122667.61
2022-07-31,Australia,Paradip,Supramax,47.9,USD,MT,3967.24437685037,704.09,142597.57
2022-07-31,Mozambique,Paradip,Capesize,28.03,USD,MT,6324.1675303363145,457.43,54654.33
2022-07-31,Russia,Paradip,Supramax,47.38,USD,MT,8536.853088341493,450.57,123432.46
2022-07-31,Russia,Paradip,Supramax,45.76,USD,MT,5258.419182627998,402.32,82562.98
2022-07-31,Russia,Paradip,Supramax,50.53,USD,MT,7599.716614208365,504.04,53682.54
2022-08-01,Indonesia,Paradip,Panamax,36.04,USD,MT,8227.74811835522,511.88,58859.76
2022-08-01,Mozambique,Paradip,Panamax,37.6,USD,MT,4711.401937303125,588.26,65335.41
2022-08-01,Russia,Paradip,Capesize,30.02,USD,MT,7037.818123789167,763.1,110721.47
2022-08-01,Russia,Paradip,Panamax,35.6,USD,MT,9323.786196629106,758.55,58279.1
2022-08-01,US,Paradip,Supramax,55.92,USD,MT,8695.460854597244,494.47,138308.15
2022-08-02,Australia,Paradip,Supramax,49.12,USD,MT,5916.287370224979,508.06,133829.45
2022-08-02,Indonesia,Paradip,Capesize,30.6,USD,MT,3350.0208982977056,669.77,76930.98
2022-08-02,Indonesia,Paradip,Capesize,23.77,USD,MT,3706.054985759106,662.36,122045.67
2022-08-02,Indonesia,Paradip,Panamax,42.01,USD,MT,9305.301806315394,616.63,147498.46
2022-08-02,Mozambique,Paradip,Capesize,30.06,USD,MT,9626.80263007632,673.69,90401.02
2022-08-03,Australia,Paradip,Capesize,33.85,USD,MT,9991.133982986286,404.03,91453.86
2022-08-03,Australia,Paradip,Panamax,43.75,USD,MT,9047.75638803058,421.7,129710.26
2022-08-03,Mozambique,Paradip,Supramax,50.34,USD,MT,9647.121276434962,741.85,89514.05
2022-08-03,Russia,Paradip,Supramax,47.68,USD,MT,7562.332060358595,781.78,116983.65
2022-08-03,US,Paradip,Capesize,33.51,USD,MT,3973.751091088344,583.68,54167.98
2022-08-04,Indonesia,Paradip,Capesize,26.89,USD,MT,8785.929239819572,785.88,91734.36
2022-08-04,Mozambique,Paradip,Capesize,28.04,USD,MT,8161.785969317246,480.26,65941.85
2022-08-04,Russia,Paradip,Capesize,30.25,USD,MT,8951.150094815177,520.94,50469.63
2022-08-04,Russia,Paradip,Supramax,45.72,USD,MT,3232.1427070196487,531.93,68564.61
2022-08-04,US,Paradip,Capesize,29.6,USD,MT,7399.414237600979,554.8,73868.38
2022-08-05,Australia,Paradip,Capesize,26.56,USD,MT,6152.300663883839,745.79,97532.83
2022-08-05,Australia,Paradip,Panamax,38.44,USD,MT,6200.181710477136,743.64,87446.3
2022-08-05,Australia,Paradip,Supramax,51.76,USD,MT,8053.000957103697,520.17,68096.62
2022-08-05,Mozambique,Paradip,Panamax,41.35,USD,MT,6232.360136647712,548.28,139389.25
2022-08-05,Russia,Paradip,Capesize,27.94,USD,MT,5166.324554607225,577.71,124940.58
2022-08-06,Australia,Paradip,Supramax,48.45,USD,MT,4145.953833031239,477.14,124396.96
2022-08-06,Indonesia,Paradip,Capesize,24.86,USD,MT,5884.503853581313,524.23,90575.19
2022-08-06,Indonesia,Paradip,Panamax,32.74,USD,MT,4677.78131370763,463.58,65241.76
2022-08-06,Mozambique,Paradip,Capesize,34.16,USD,MT,7885.238222912019,746.69,82639.18
2022-08-06,Russia,Paradip,Supramax,45.76,USD,MT,6090.526403285026,463.15,50208.8
2022-08-07,Australia,Paradip,Capesize,35.23,USD,MT,9780.263217348802,504.88,105161.65
2022-08-07,Australia,Paradip,Supramax,46.53,USD,MT,5742.134158919394,617.93,69521.49
2022-08-07,Mozambique,Paradip,Capesize,35.37,USD,MT,9796.53268874493,760.8,109964.69
2022-08-07,Russia,Paradip,Panamax,39.39,USD,MT,9281.77985264386,556.31,117417.26
2022-08-07,Russia,Paradip,Supramax,50.99,USD,MT,7677.901591212629,533.66,87130.3
2022-08-08,Australia,Paradip,Supramax,51.98,USD,MT,7033.667170506734,480.79,107961.22
2022-08-08,Indonesia,Paradip,Capesize,28.35,USD,MT,3697.3128410826544,615.72,123672.31
2022-08-08,Russia,Paradip,Capesize,29.57,USD,MT,9295.791209743586,634.36,56351.76
2022-08-08,Russia,Paradip,Supramax,47.73,USD,MT,8657.68105407438,773.02,100011.81
2022-08-08,US,Paradip,Capesize,28.77,USD,MT,9212.889246265851,557.3,88842.55
2022-08-09,Australia,Paradip,Capesize,28.87,USD,MT,3619.356911177511,799.88,104985.39
2022-08-09,Australia,Paradip,Supramax,51.88,USD,MT,4813.484625007412,571.32,71075.15
2022-08-09,Mozambique,Paradip,Capesize,28.21,USD,MT,4222.935167646727,451.08,51758.96
2022-08-09,Russia,Paradip,Supramax,50.3,USD,MT,9395.777960141975,600.25,61682.92
2022-08-09,US,Paradip,Panamax,40.58,USD,MT,7212.706825164113,556.42,108408.43
2022-08-10,Indonesia,Paradip,Capesize,22.65,USD,MT,5665.063541148517,699.4,69466.51
2022-08-10,Mozambique,Paradip,Supramax,48.33,USD,MT,9019.974874807303,754.22,144954.37
2022-08-10,Russia,Paradip,Capesize,29.4,USD,MT,5607.42821125443,756.69,127365.76
2022-08-10,Russia,Paradip,Capesize,28.22,USD,MT,5855.589603969292,682.29,57808.25
2022-08-10,US,Paradip,Capesize,26.34,USD,MT,7595.536283255417,750.75,67852.96
2022-08-11,Australia,Paradip,Capesize,22.81,USD,MT,6583.551594209458,678.29,145773.98
2022-08-11,Australia,Paradip,Panamax,43.94,USD,MT,6717.502409534212,430.9,122481.7
2022-08-11,Russia,Paradip,Supramax,48.15,USD,MT,5754.267847654442,476.51,104455.42
2022-08-11,US,Paradip,Panamax,40.35,USD,MT,9588.519232822488,444.28,71908.75
2022-08-11,US,Paradip,Supramax,52.11,USD,MT,9927.37328526722,713.69,63425.9
2022-08-12,Australia,Paradip,Panamax,35.12,USD,MT,8319.075332710065,434.73,138153.81
2022-08-12,Indonesia,Paradip,Panamax,38.62,USD,MT,3795.6359020812624,728.4,94297.54
2022-08-12,Indonesia,Paradip,Supramax,48.48,USD,MT,9615.702180418832,482.18,79247.03
2022-08-12,Russia,Paradip,Panamax,36.98,USD,MT,7877.322429516553,631.16,84844.03
2022-08-12,US,Paradip,Capesize,25.84,USD,MT,4486.268813704258,565.43,143703.38
2022-08-13,Mozambique,Paradip,Supramax,49.49,USD,MT,5936.143408770309,413.24,138271.49
2022-08-13,US,Paradip,Capesize,25.69,USD,MT,8118.4354982576015,657.81,92065.73
2022-08-13,US,Paradip,Capesize,25.21,USD,MT,4968.799784780017,524.4,115034.03
2022-08-13,US,Paradip,Panamax,40.92,USD,MT,4291.5583318927165,781.75,50112.79
2022-08-13,US,Paradip,Supramax,50.26,USD,MT,6920.658428073959,537.06,104478.13
2022-08-14,Indonesia,Paradip,Supramax,46.76,USD,MT,4381.755529927128,734.19,73412.83
2022-08-14,Russia,Paradip,Capesize,30.09,USD,MT,4774.831278764476,453.29,116834.9
2022-08-14,Russia,Paradip,Capesize,26.85,USD,MT,5326.7085423124245,574.18,99410.67
2022-08-14,Russia,Paradip,Supramax,46.92,USD,MT,6152.397810101204,427.99,145742.88
2022-08-14,US,Paradip,Panamax,34.24,USD,MT,7813.366677450669,790.3,87335.02
2022-08-15,Indonesia,Paradip,Capesize,27.46,USD,MT,4356.775996207415,629.78,142509.65
2022-08-15,Indonesia,Paradip,Capesize,24.96,USD,MT,6233.979686297398,444.24,138352.96
2022-08-15,Indonesia,Paradip,Supramax,49.59,USD,MT,6671.157804631946,568.1,149273.83
2022-08-15,Indonesia,Paradip,Supramax,43.61,USD,MT,3855.057935845708,797.76,97998.35
2022-08-15,US,Paradip,Supramax,52.44,USD,MT,7232.223358441717,546.81,138256.49
2022-08-16,Australia,Paradip,Panamax,38.19,USD,MT,9718.61059261506,426.5,121514.7
2022-08-16,Indonesia,Paradip,Capesize,30.41,USD,MT,3003.4641971086844,579.01,74093.73
2022-08-16,Russia,Paradip,Capesize,31.25,USD,MT,5500.251758386086,524.24,72232.13
2022-08-16,Russia,Paradip,Capesize,28.14,USD,MT,9785.580910640443,466.07,140095.64
2022-08-16,US,Paradip,Capesize,30.28,USD,MT,5759.696514112571,795.7,79735.59
2022-08-17,Australia,Paradip,Panamax,39.85,USD,MT,3459.8611239706074,505.34,100884.54
2022-08-17,Australia,Paradip,Supramax,51.8,USD,MT,7120.824137495652,414.99,116174.57
2022-08-17,Australia,Paradip,Supramax,49.24,USD,MT,7915.68605092186,531.6,90189.29
2022-08-17,Mozambique,Paradip,Panamax,38.49,USD,MT,3183.76731268945,656.22,88500.27
2022-08-17,US,Paradip,Panamax,40.02,USD,MT,6187.745648514572,648.88,106360.68
2022-08-18,Russia,Paradip,Panamax,35.53,USD,MT,6014.879231857904,757.58,55457.62
2022-08-18,Russia,Paradip,Panamax,42.75,USD,MT,5197.690450240891,498.11,141929.86
2022-08-18,Russia,Paradip,Supramax,44.81,USD,MT,6507.648001163714,555.53,78204.62
2022-08-18,US,Paradip,Capesize,29.96,USD,MT,3008.0567911696858,494.7,105208.79
2022-08-18,US,Paradip,Supramax,51.64,USD,MT,3402.749729939082,553.41,60769.59
2022-08-19,Indonesia,Paradip,Supramax,46.76,USD,MT,8098.959779372147,526.89,112509.73
2022-08-19,Mozambique,Paradip,Capesize,24.41,USD,MT,6434.988090807235,540.65,98808.19
2022-08-19,Mozambique,Paradip,Panamax,37.38,USD,MT,5801.449960672498,712.94,120353.29
2022-08-19,Russia,Paradip,Supramax,49.78,USD,MT,9044.348525401598,750.8,80084.0
2022-08-19,US,Paradip,Capesize,25.29,USD,MT,9404.984220767758,451.2,116075.62
2022-08-20,Australia,Paradip,Supramax,50.13,USD,MT,9984.60112531176,643.56,53394.53
2022-08-20,Indonesia,Paradip,Capesize,28.52,USD,MT,8834.415072903921,745.27,68621.17
2022-08-20,Indonesia,Paradip,Capesize,32.31,USD,MT,7757.534925996712,506.64,67991.0
2022-08-20,Indonesia,Paradip,Panamax,38.52,USD,MT,9433.37850851856,501.17,93553.32
2022-08-20,US,Paradip,Supramax,47.24,USD,MT,6825.8223614497565,773.49,128581.17
2022-08-21,Australia,Paradip,Panamax,37.22,USD,MT,6231.602850135807,510.1,66970.28
2022-08-21,Indonesia,Paradip,Supramax,46.93,USD,MT,6055.145651397695,445.91,59215.71
2022-08-21,Russia,Paradip,Panamax,37.43,USD,MT,5841.945807201995,468.69,118092.17
2022-08-21,US,Paradip,Capesize,27.69,USD,MT,8422.01432648101,499.22,132993.41
2022-08-21,US,Paradip,Panamax,38.93,USD,MT,8206.114192872436,750.01,77959.16
2022-08-22,Australia,Paradip,Capesize,33.0,USD,MT,3906.791348625309,728.95,132262.01
2022-08-22,Australia,Paradip,Supramax,55.15,USD,MT,9051.105167113954,577.93,82726.15
2022-08-22,Indonesia,Paradip,Supramax,48.3,USD,MT,8781.265604811353,797.87,59623.59
2022-08-22,Mozambique,Paradip,Capesize,20.79,USD,MT,4469.819269222006,731.38,135560.28
2022-08-22,Mozambique,Paradip,Panamax,38.99,USD,MT,6810.127045984051,539.93,94749.75
2022-08-23,Australia,Paradip,Capesize,25.31,USD,MT,6683.887307092055,525.77,138140.56
2022-08-23,Australia,Paradip,Supramax,46.53,USD,MT,5958.117049745921,579.05,147973.14
2022-08-23,Indonesia,Paradip,Panamax,36.4,USD,MT,3396.1177529330075,424.26,67016.04
2022-08-23,Russia,Paradip,Capesize,28.33,USD,MT,7809.735379875202,779.69,147918.47
2022-08-23,Russia,Paradip,Panamax,38.13,USD,MT,4417.093560410664,778.21,94551.65
2022-08-24,Indonesia,Paradip,Panamax,40.74,USD,MT,8274.57584677081,517.35,82514.77
2022-08-24,Indonesia,Paradip,Panamax,36.64,USD,MT,7373.885105959668,646.35,105741.91
2022-08-24,Mozambique,Paradip,Capesize,25.62,USD,MT,9229.697110773282,572.42,91080.04
2022-08-24,Russia,Paradip,Supramax,46.75,USD,MT,5731.610182267778,659.38,131946.32
2022-08-24,US,Paradip,Panamax,31.15,USD,MT,3446.558085490913,472.08,91387.61
2022-08-25,Indonesia,Paradip,Panamax,34.18,USD,MT,6494.727634648081,617.41,60143.05
2022-08-25,Russia,Paradip,Capesize,27.5,USD,MT,8069.747152539448,748.48,124045.21
2022-08-25,Russia,Paradip,Capesize,26.42,USD,MT,4814.228145800664,591.81,111979.25
2022-08-25,US,Paradip,Panamax,32.93,USD,MT,7944.622156688998,730.24,120278.88
2022-08-25,US,Paradip,Supramax,47.16,USD,MT,7327.091853538968,670.73,51451.15
2022-08-26,Australia,Paradip,Panamax,29.81,USD,MT,9706.955009886744,606.79,61379.28
2022-08-26,Australia,Paradip,Panamax,35.79,USD,MT,9386.935703093664,788.14,148400.57
2022-08-26,Indonesia,Paradip,Capesize,22.87,USD,MT,3907.464620864353,519.24,108131.25
2022-08-26,Indonesia,Paradip,Capesize,25.08,USD,MT,8027.650462304026,461.54,86227.31
2022-08-26,Mozambique,Paradip,Supramax,47.23,USD,MT,5212.6780881044215,710.18,115045.43
2022-08-27,Australia,Paradip,Panamax,40.74,USD,MT,4464.298358544525,591.61,72418.64
2022-08-27,Australia,Paradip,Panamax,40.75,USD,MT,9911.194086889198,650.25,100704.12
2022-08-27,Mozambique,Paradip,Capesize,27.58,USD,MT,7958.388103643863,675.0,102214.09
2022-08-27,Russia,Paradip,Capesize,26.71,USD,MT,7737.4295867083265,647.74,73474.9
2022-08-27,Russia,Paradip,Panamax,38.1,USD,MT,6019.101953055097,585.83,91485.89
2022-08-28,Russia,Paradip,Capesize,27.65,USD,MT,7701.703581820766,586.74,73288.5
2022-08-28,Russia,Paradip,Supramax,48.01,USD,MT,3504.3892776843777,684.94,129304.09
2022-08-28,US,Paradip,Panamax,36.94,USD,MT,6893.716114588385,423.44,139723.49
2022-08-28,US,Paradip,Panamax,32.41,USD,MT,8077.740886965614,494.73,107370.22
2022-08-28,US,Paradip,Panamax,34.22,USD,MT,5462.922536355683,441.39,86691.77
2022-08-29,Indonesia,Paradip,Capesize,29.17,USD,MT,4131.596858417423,757.59,99662.72
2022-08-29,Indonesia,Paradip,Panamax,40.72,USD,MT,3386.2954990696253,793.74,62316.03
2022-08-29,Mozambique,Paradip,Panamax,34.21,USD,MT,6320.813296440463,633.61,67238.72
2022-08-29,Russia,Paradip,Capesize,25.25,USD,MT,5314.773428925654,739.57,137666.63
2022-08-29,Russia,Paradip,Panamax,40.45,USD,MT,7951.355106396196,592.86,142402.15
2022-08-30,Indonesia,Paradip,Panamax,37.74,USD,MT,4077.1633396368993,765.07,68388.0
2022-08-30,Mozambique,Paradip,Supramax,44.04,USD,MT,7211.827975312793,725.88,95190.18
2022-08-30,Russia,Paradip,Capesize,25.19,USD,MT,6905.376506124679,778.49,114483.6
2022-08-30,Russia,Paradip,Panamax,38.1,USD,MT,9222.890299506533,783.21,74006.92
2022-08-30,US,Paradip,Panamax,41.08,USD,MT,7669.739700809604,480.95,126144.44
2022-08-31,Australia,Paradip,Capesize,30.05,USD,MT,8138.854546228621,431.47,54489.15
2022-08-31,Australia,Paradip,Supramax,45.89,USD,MT,4554.582548956877,415.38,59866.34
2022-08-31,Russia,Paradip,Capesize,27.31,USD,MT,5086.129473883057,449.55,108309.89
2022-08-31,Russia,Paradip,Capesize,26.01,USD,MT,5559.983706321094,750.85,148245.72
2022-08-31,Russia,Paradip,Supramax,45.99,USD,MT,3700.119155536788,658.59,101128.35
2022-09-01,Australia,Paradip,Supramax,47.13,USD,MT,5878.5165273250495,445.48,67885.41
2022-09-01,Indonesia,Paradip,Panamax,34.68,USD,MT,3086.0707510152047,520.08,71024.59
2022-09-01,Russia,Paradip,Supramax,46.05,USD,MT,8396.599868737172,637.66,79016.09
2022-09-01,US,Paradip,Capesize,26.89,USD,MT,9445.769921077896,626.88,54264.68
2022-09-01,US,Paradip,Panamax,33.5,USD,MT,7134.166635086073,542.56,110329.62
2022-09-02,Australia,Paradip,Supramax,46.95,USD,MT,3213.81205726461,770.36,116063.07
2022-09-02,Mozambique,Paradip,Panamax,32.68,USD,MT,6430.820588795032,669.87,148015.18
2022-09-02,Russia,Paradip,Panamax,35.57,USD,MT,7731.798231650392,526.67,136530.55
2022-09-02,US,Paradip,Capesize,23.41,USD,MT,3504.313402545304,585.16,119327.1
2022-09-02,US,Paradip,Panamax,39.2,USD,MT,8328.790017772335,735.37,133018.48
2022-09-03,Australia,Paradip,Panamax,35.39,USD,MT,4790.894478676535,466.68,120831.22
2022-09-03,Australia,Paradip,Supramax,49.45,USD,MT,4653.913291295614,690.94,122589.8
2022-09-03,Mozambique,Paradip,Capesize,22.54,USD,MT,6060.244389753008,655.05,86156.23
2022-09-03,Mozambique,Paradip,Supramax,50.48,USD,MT,9286.080450608264,674.35,145306.06
2022-09-03,Russia,Paradip,Panamax,37.75,USD,MT,7851.275231837396,771.43,135044.68
2022-09-04,Australia,Paradip,Capesize,30.6,USD,MT,5852.729793729365,640.01,110760.56
2022-09-04,Australia,Paradip,Supramax,40.78,USD,MT,8295.832622953967,721.34,61404.94
2022-09-04,Indonesia,Paradip,Supramax,49.88,USD,MT,5553.165578610479,403.79,89460.46
2022-09-04,Russia,Paradip,Panamax,35.7,USD,MT,6485.167815613062,444.84,85911.4
2022-09-04,Russia,Paradip,Supramax,42.02,USD,MT,6408.156956961903,703.34,138312.73
2022-09-05,Indonesia,Paradip,Panamax,36.7,USD,MT,6281.619262371385,723.56,98307.11
2022-09-05,Indonesia,Paradip,Panamax,38.45,USD,MT,6048.065376457807,562.61,73289.2
2022-09-05,Indonesia,Paradip,Panamax,32.66,USD,MT,9484.480615222355,704.55,146738.2
2022-09-05,Mozambique,Paradip,Capesize,30.82,USD,MT,8280.284576438375,769.46,60131.24
2022-09-05,Mozambique,Paradip,Supramax,44.77,USD,MT,3147.3145223338124,757.49,101914.03
2022-09-06,Australia,Paradip,Capesize,24.69,USD,MT,9861.901968427566,587.83,82937.4
2022-09-06,Australia,Paradip,Capesize,24.04,USD,MT,4119.197917672342,559.33,56843.67
2022-09-06,Australia,Paradip,Panamax,36.22,USD,MT,5871.959764278137,640.89,139121.5
2022-09-06,Australia,Paradip,Panamax,39.76,USD,MT,7117.070864494521,501.63,86665.3
2022-09-06,Australia,Paradip,Supramax,46.8,USD,MT,8654.708147514415,579.65,75837.98
2022-09-07,Australia,Paradip,Supramax,48.16,USD,MT,6989.367082870484,554.13,123995.75
2022-09-07,Mozambique,Paradip,Panamax,38.02,USD,MT,3818.404810927952,477.47,140009.7
2022-09-07,US,Paradip,Capesize,23.13,USD,MT,5651.2703165296025,495.55,140611.06
2022-09-07,US,Paradip,Panamax,38.28,USD,MT,8929.381441850863,437.98,125565.4
2022-09-07,US,Paradip,Panamax,32.28,USD,MT,9008.036475470872,621.48,113695.76
2022-09-08,Australia,Paradip,Capesize,25.97,USD,MT,3673.7115259235793,752.35,107934.82
2022-09-08,Indonesia,Paradip,Panamax,31.52,USD,MT,5923.44686271008,546.69,60745.94
2022-09-08,Indonesia,Paradip,Panamax,34.01,USD,MT,4212.541936045955,635.19,53404.81
2022-09-08,Mozambique,Paradip,Supramax,50.24,USD,MT,9047.850018316904,542.82,72457.16
2022-09-08,Russia,Paradip,Capesize,24.62,USD,MT,6077.389890171558,690.88,148121.35
2022-09-09,Indonesia,Paradip,Panamax,38.91,USD,MT,3244.0570229328223,416.67,123884.96
2022-09-09,Indonesia,Paradip,Supramax,38.12,USD,MT,3220.080248330637,703.76,64987.79
2022-09-09,Mozambique,Paradip,Capesize,23.89,USD,MT,8132.793683775695,790.89,112529.22
2022-09-09,Russia,Paradip,Capesize,26.69,USD,MT,3238.1434855897837,520.96,140064.22
2022-09-09,US,Paradip,Supramax,49.61,USD,MT,4760.93096453285,450.58,73507.9
2022-09-10,Indonesia,Paradip,Panamax,32.73,USD,MT,5636.890024505167,781.11,55635.13
2022-09-10,Indonesia,Paradip,Supramax,49.25,USD,MT,3295.4318686297493,716.86,52995.44
2022-09-10,Russia,Paradip,Capesize,26.22,USD,MT,6946.929065134375,503.7,94362.02
2022-09-10,Russia,Paradip,Supramax,47.52,USD,MT,6824.140164252378,722.56,60075.24
2022-09-10,US,Paradip,Capesize,23.02,USD,MT,4785.942713664794,767.89,76098.44
2022-09-11,Australia,Paradip,Capesize,26.52,USD,MT,5286.017043605543,509.69,136101.2
2022-09-11,Australia,Paradip,Capesize,26.16,USD,MT,4556.20279634554,669.65,137941.6
2022-09-11,Mozambique,Paradip,Supramax,47.17,USD,MT,4213.950419437217,624.59,109489.74
2022-09-11,Russia,Paradip,Panamax,33.82,USD,MT,5610.422967699325,778.28,129064.0
2022-09-11,Russia,Paradip,Supramax,44.91,USD,MT,5010.52829705984,729.28,101279.57
2022-09-12,Australia,Paradip,Panamax,37.66,USD,MT,5486.975784300288,702.4,104694.53
2022-09-12,Australia,Paradip,Supramax,43.72,USD,MT,8675.30699133745,536.68,122014.74
2022-09-12,Mozambique,Paradip,Panamax,33.09,USD,MT,6336.389511565934,476.04,108737.63
2022-09-12,Russia,Paradip,Capesize,25.8,USD,MT,6400.94025274298,499.69,90219.72
2022-09-12,US,Paradip,Panamax,41.92,USD,MT,9690.357240827903,466.87,119903.25
2022-09-13,Australia,Paradip,Supramax,47.21,USD,MT,9259.121011170537,618.17,103034.3
2022-09-13,Mozambique,Paradip,Panamax,35.54,USD,MT,7769.311786877311,534.02,64429.38
2022-09-13,US,Paradip,Capesize,24.66,USD,MT,5265.610580186599,537.33,147080.19
2022-09-13,US,Paradip,Panamax,37.39,USD,MT,4465.866634017553,539.9,127646.34
2022-09-13,US,Paradip,Supramax,48.82,USD,MT,8349.403634835006,656.28,120169.8
2022-09-14,Australia,Paradip,Capesize,28.99,USD,MT,5180.109633479796,648.52,115637.21
2022-09-14,Russia,Paradip,Supramax,49.63,USD,MT,6023.067494559269,754.94,55369.56
2022-09-14,US,Paradip,Capesize,29.36,USD,MT,3629.9358661590113,784.67,98792.8
2022-09-14,US,Paradip,Supramax,47.26,USD,MT,8753.484425613839,590.57,60613.83
2022-09-14,US,Paradip,Supramax,41.68,USD,MT,4597.401417940535,694.26,51800.76
2022-09-15,Australia,Paradip,Capesize,24.46,USD,MT,8313.153581227438,641.46,86830.22
2022-09-15,Australia,Paradip,Supramax,41.58,USD,MT,4392.637858972707,756.74,91518.35
2022-09-15,Indonesia,Paradip,Capesize,28.25,USD,MT,3145.2029116136946,714.84,56633.55
2022-09-15,Russia,Paradip,Panamax,35.98,USD,MT,4344.758721240152,601.07,89051.58
2022-09-15,US,Paradip,Panamax,31.82,USD,MT,9926.67252683158,630.62,61219.19
2022-09-16,Australia,Paradip,Capesize,17.67,USD,MT,8471.785461859941,596.63,98615.88
2022-09-16,Indonesia,Paradip,Capesize,21.36,USD,MT,9544.628492622876,610.21,127955.79
2022-09-16,Indonesia,Paradip,Panamax,34.97,USD,MT,7938.866858452329,509.13,85317.31
2022-09-16,Mozambique,Paradip,Supramax,44.12,USD,MT,4015.898077546644,753.77,140136.93
2022-09-16,US,Paradip,Panamax,38.15,USD,MT,3343.970343687993,478.05,115599.21
2022-09-17,Australia,Paradip,Panamax,33.55,USD,MT,7308.540242349088,590.06,117657.14
2022-09-17,Mozambique,Paradip,Supramax,44.67,USD,MT,5816.743235027354,602.35,128871.59
2022-09-17,US,Paradip,Capesize,24.78,USD,MT,7999.683226446597,745.46,93795.79
2022-09-17,US,Paradip,Supramax,40.97,USD,MT,4143.907095457135,650.41,50919.92
2022-09-17,US,Paradip,Supramax,48.49,USD,MT,4163.17053063604,456.23,59957.04
2022-09-18,Australia,Paradip,Panamax,34.4,USD,MT,8500.443024156612,792.96,64053.52
2022-09-18,Indonesia,Paradip,Panamax,38.18,USD,MT,8581.263701966709,608.12,75871.0
2022-09-18,Indonesia,Paradip,Supramax,47.94,USD,MT,9275.95349600236,551.74,61356.65
2022-09-18,Russia,Paradip,Supramax,46.23,USD,MT,6049.357513424167,547.53,81996.06
2022-09-18,US,Paradip,Supramax,46.52,USD,MT,5963.759122356045,685.92,146966.86
2022-09-19,Australia,Paradip,Supramax,44.41,USD,MT,7627.760820333172,604.61,61120.11
2022-09-19,Australia,Paradip,Supramax,47.57,USD,MT,3332.417237453028,667.1,56019.19
2022-09-19,Indonesia,Paradip,Panamax,34.78,USD,MT,9597.599524091747,738.55,122609.17
2022-09-19,Mozambique,Paradip,Supramax,46.63,USD,MT,5709.157473526571,538.47,119605.2
2022-09-19,Russia,Paradip,Capesize,23.26,USD,MT,5851.488304288576,669.69,146439.51
2022-09-20,Australia,Paradip,Capesize,25.36,USD,MT,8554.11115263622,620.78,133545.69
2022-09-20,Australia,Paradip,Panamax,36.6,USD,MT,4684.38216750547,598.67,54807.53
2022-09-20,Mozambique,Paradip,Capesize,26.37,USD,MT,9554.166389819193,407.97,81631.99
2022-09-20,Russia,Paradip,Panamax,35.18,USD,MT,8853.393528340748,669.02,126563.52
2022-09-20,Russia,Paradip,Supramax,48.92,USD,MT,6627.659675017552,711.41,73297.1
2022-09-21,Russia,Paradip,Capesize,24.62,USD,MT,8290.937887047137,584.96,73658.49
2022-09-21,Russia,Paradip,Capesize,25.34,USD,MT,6588.570069856289,759.95,132301.47
2022-09-21,Russia,Paradip,Supramax,49.07,USD,MT,6733.446708755633,734.71,108390.64
2022-09-21,US,Paradip,Supramax,46.58,USD,MT,4095.299067038768,697.37,128014.26
2022-09-21,US,Paradip,Supramax,39.39,USD,MT,5968.6585197368695,790.12,63849.32
2022-09-22,Indonesia,Paradip,Panamax,33.17,USD,MT,4853.254793764608,450.33,110789.48
2022-09-22,Indonesia,Paradip,Panamax,37.85,USD,MT,8818.012520062273,575.95,84757.22
2022-09-22,Mozambique,Paradip,Capesize,28.16,USD,MT,6851.0128324260895,741.27,130610.13
2022-09-22,US,Paradip,Capesize,26.81,USD,MT,6291.862767785698,540.32,93256.84
2022-09-22,US,Paradip,Panamax,33.24,USD,MT,4437.124644125288,680.4,134620.87
2022-09-23,Australia,Paradip,Capesize,26.32,USD,MT,5681.020961695422,534.93,78541.21
2022-09-23,Mozambique,Paradip,Capesize,24.13,USD,MT,6862.639357856475,581.15,91818.32
2022-09-23,Mozambique,Paradip,Panamax,34.74,USD,MT,4312.519649090073,635.26,57123.39
2022-09-23,Russia,Paradip,Capesize,24.24,USD,MT,5587.589295035439,729.86,132981.39
2022-09-23,US,Paradip,Capesize,21.81,USD,MT,4729.178908031909,486.91,144849.02
2022-09-24,Indonesia,Paradip,Supramax,42.33,USD,MT,6965.7561044012255,670.69,87237.45
2022-09-24,Russia,Paradip,Panamax,35.66,USD,MT,8546.784413542835,703.02,55101.19
2022-09-24,Russia,Paradip,Supramax,45.85,USD,MT,9603.415884671216,548.48,134316.48
2022-09-24,US,Paradip,Capesize,23.81,USD,MT,5037.52508137416,641.6,51608.2
2022-09-24,US,Paradip,Capesize,20.16,USD,MT,8050.888854415221,550.17,51313.22
2022-09-25,Mozambique,Paradip,Panamax,29.67,USD,MT,7282.721427397648,747.41,83331.28
2022-09-25,Mozambique,Paradip,Supramax,45.92,USD,MT,4848.831088704192,617.77,86288.77
2022-09-25,Russia,Paradip,Capesize,23.75,USD,MT,8162.311271838857,483.68,56081.79
2022-09-25,US,Paradip,Capesize,28.35,USD,MT,6975.49584288977,565.82,124211.15
2022-09-25,US,Paradip,Supramax,45.95,USD,MT,9409.395389078689,718.37,141725.74
2022-09-26,Australia,Paradip,Supramax,47.24,USD,MT,7305.325129437244,624.49,96221.99
2022-09-26,Indonesia,Paradip,Capesize,27.23,USD,MT,4201.89021566335,656.96,132167.64
2022-09-26,Mozambique,Paradip,Supramax,45.4,USD,MT,9318.949123252143,551.19,93861.14
2022-09-26,Russia,Paradip,Panamax,37.67,USD,MT,3356.6579431555524,588.82,96105.54
2022-09-26,Russia,Paradip,Panamax,32.54,USD,MT,7048.19217616409,633.85,60113.42
2022-09-27,Indonesia,Paradip,Panamax,39.16,USD,MT,5113.617451408749,792.97,132113.73
2022-09-27,Indonesia,Paradip,Panamax,35.53,USD,MT,9493.912415749714,739.5,78979.92
2022-09-27,Russia,Paradip,Supramax,45.21,USD,MT,7678.169445293266,526.1,74067.53
2022-09-27,US,Paradip,Panamax,41.01,USD,MT,9168.97898983665,607.89,54172.49
2022-09-27,US,Paradip,Panamax,37.59,USD,MT,7301.425859076797,582.71,73045.51
2022-09-28,Australia,Paradip,Supramax,43.48,USD,MT,3637.3953783336046,499.34,131276.72
2022-09-28,Indonesia,Paradip,Panamax,37.0,USD,MT,4765.616839728006,688.27,52148.94
2022-09-28,Mozambique,Paradip,Supramax,43.1,USD,MT,6525.6636719187445,486.25,131746.65
2022-09-28,Mozambique,Paradip,Supramax,44.62,USD,MT,7720.904220439244,403.79,86617.64
2022-09-28,US,Paradip,Supramax,45.26,USD,MT,9639.77784427335,606.13,133975.18
2022-09-29,Australia,Paradip,Panamax,33.9,USD,MT,9317.843998096696,464.31,73883.04
2022-09-29,Australia,Paradip,Supramax,43.52,USD,MT,4777.393377467866,424.94,70540.92
2022-09-29,Mozambique,Paradip,Supramax,49.29,USD,MT,8038.385112084517,562.97,107778.32
2022-09-29,Mozambique,Paradip,Supramax,46.11,USD,MT,5580.373031320257,708.91,61145.17
2022-09-29,US,Paradip,Supramax,43.43,USD,MT,6278.328163022512,696.76,111091.0
2022-09-30,Mozambique,Paradip,Panamax,34.0,USD,MT,6405.351111723599,691.12,59139.67
2022-09-30,Mozambique,Paradip,Supramax,43.0,USD,MT,5221.892637853134,472.06,112676.06
2022-09-30,Russia,Paradip,Panamax,33.29,USD,MT,4921.545358711861,413.31,50246.96
2022-09-30,Russia,Paradip,Supramax,45.54,USD,MT,5027.418311495699,772.95,132662.0
2022-09-30,US,Paradip,Panamax,34.77,USD,MT,9187.081024318764,583.21,93593.88
2022-10-01,Australia,Paradip,Panamax,37.47,USD,MT,5947.128223548829,781.29,138263.2
2022-10-01,Indonesia,Paradip,Panamax,36.5,USD,MT,5178.77142734291,460.08,126870.4
2022-10-01,Russia,Paradip,Capesize,26.44,USD,MT,8527.204510825759,793.78,131142.08
2022-10-01,US,Paradip,Capesize,24.08,USD,MT,8252.852924019717,795.81,123767.92
2022-10-01,US,Paradip,Panamax,34.35,USD,MT,8671.646913235249,619.59,117674.25
2022-10-02,Indonesia,Paradip,Capesize,24.86,USD,MT,6519.462411648687,777.28,101906.1
2022-10-02,Mozambique,Paradip,Panamax,37.42,USD,MT,4969.556308106701,597.66,60983.62
2022-10-02,Russia,Paradip,Capesize,24.93,USD,MT,9877.75666052792,713.05,104528.84
2022-10-02,US,Paradip,Capesize,28.66,USD,MT,3107.1387300284578,453.73,111716.61
2022-10-02,US,Paradip,Supramax,44.17,USD,MT,8494.12259892354,447.7,74023.02
2022-10-03,Australia,Paradip,Supramax,47.09,USD,MT,9108.664777571235,558.91,84239.29
2022-10-03,Mozambique,Paradip,Capesize,22.42,USD,MT,9178.884095039097,444.15,147028.4
2022-10-03,Mozambique,Paradip,Capesize,24.83,USD,MT,4041.163520354262,494.51,92450.97
2022-10-03,Russia,Paradip,Supramax,46.13,USD,MT,5618.214328660409,444.46,75173.41
2022-10-03,US,Paradip,Supramax,45.68,USD,MT,8008.897319524338,472.01,112617.19
2022-10-04,Australia,Paradip,Capesize,25.14,USD,MT,5836.001455317059,450.83,96189.97
2022-10-04,Australia,Paradip,Capesize,24.3,USD,MT,8704.339834898366,439.19,84010.25
2022-10-04,Russia,Paradip,Supramax,49.66,USD,MT,9608.581262730248,488.09,145169.57
2022-10-04,US,Paradip,Capesize,26.22,USD,MT,6359.836311977756,796.34,59178.74
2022-10-04,US,Paradip,Panamax,34.65,USD,MT,9241.559300209265,421.17,96972.53
2022-10-05,Australia,Paradip,Capesize,23.12,USD,MT,5543.206421303679,577.4,144863.49
2022-10-05,Mozambique,Paradip,Capesize,25.16,USD,MT,5401.85661848649,439.0,124972.37
2022-10-05,Russia,Paradip,Supramax,49.3,USD,MT,9871.885763038634,450.46,110971.24
2022-10-05,US,Paradip,Panamax,37.8,USD,MT,5274.485293302748,484.98,61545.14
2022-10-05,US,Paradip,Panamax,30.41,USD,MT,7536.902174179037,522.19,81201.4
2022-10-06,Russia,Paradip,Capesize,26.38,USD,MT,3241.333173993145,727.87,116835.78
2022-10-06,Russia,Paradip,Supramax,45.28,USD,MT,9153.634678270872,587.69,143246.16
2022-10-06,US,Paradip,Panamax,38.12,USD,MT,6496.885801656037,530.24,138990.62
2022-10-06,US,Paradip,Supramax,45.53,USD,MT,5831.182264636051,699.67,128312.18
2022-10-06,US,Paradip,Supramax,44.21,USD,MT,5994.844295972445,715.62,115227.36
2022-10-07,Australia,Paradip,Supramax,44.9,USD,MT,8152.43455297445,590.78,140924.49
2022-10-07,Mozambique,Paradip,Supramax,46.0,USD,MT,4137.825801253582,587.54,99589.85
2022-10-07,Russia,Paradip,Panamax,31.38,USD,MT,5248.853781537585,497.6,99593.2
2022-10-07,US,Paradip,Capesize,25.55,USD,MT,3065.6741306839403,412.82,84795.19
2022-10-07,US,Paradip,Panamax,37.97,USD,MT,5339.937669630306,408.86,120871.12
2022-10-08,Australia,Paradip,Panamax,32.1,USD,MT,9640.201545296066,416.32,73967.48
2022-10-08,Indonesia,Paradip,Panamax,33.95,USD,MT,5464.967153857588,512.05,125090.71
2022-10-08,Russia,Paradip,Capesize,32.86,USD,MT,4159.018281922727,410.79,128377.24
2022-10-08,US,Paradip,Capesize,23.53,USD,MT,5407.49437732861,445.77,123220.18
2022-10-08,US,Paradip,Panamax,30.09,USD,MT,5979.13085077566,674.57,131929.33
2022-10-09,Indonesia,Paradip,Capesize,25.07,USD,MT,8138.573272664325,533.4,143960.09
2022-10-09,Indonesia,Paradip,Capesize,23.62,USD,MT,4163.316162291665,537.39,95006.83
2022-10-09,Mozambique,Paradip,Capesize,23.08,USD,MT,5905.935344675367,685.36,66934.19
2022-10-09,Russia,Paradip,Capesize,25.67,USD,MT,8802.420301853621,744.18,97966.45
2022-10-09,US,Paradip,Panamax,30.9,USD,MT,3781.984738188945,615.99,57208.36
2022-10-10,Australia,Paradip,Capesize,20.4,USD,MT,5645.511014689523,643.27,120744.15
2022-10-10,Mozambique,Paradip,Panamax,30.75,USD,MT,4745.43469604776,714.06,143753.5
2022-10-10,Mozambique,Paradip,Supramax,40.85,USD,MT,8135.689587612293,423.77,117093.24
2022-10-10,US,Paradip,Capesize,27.31,USD,MT,8275.42537697791,640.98,71858.45
2022-10-10,US,Paradip,Supramax,49.84,USD,MT,4714.266624500475,677.41,51890.55
2022-10-11,Indonesia,Paradip,Capesize,26.15,USD,MT,3670.091668949588,429.76,109453.52
2022-10-11,Indonesia,Paradip,Panamax,38.29,USD,MT,3766.16197753129,749.88,54556.52
2022-10-11,Mozambique,Paradip,Panamax,39.29,USD,MT,7079.958668593046,515.08,108350.42
2022-10-11,Russia,Paradip,Capesize,23.58,USD,MT,6510.486850209679,556.51,64977.58
2022-10-11,US,Paradip,Supramax,44.18,USD,MT,4589.626190068894,754.13,124744.12
2022-10-12,Australia,Paradip,Capesize,29.51,USD,MT,8731.307870336706,773.01,110688.75
2022-10-12,Australia,Paradip,Capesize,25.5,USD,MT,9169.810036100458,646.14,124461.59
2022-10-12,Indonesia,Paradip,Supramax,44.16,USD,MT,5851.93473787674,474.71,115865.5
2022-10-12,Mozambique,Paradip,Panamax,37.35,USD,MT,6695.410890567451,789.6,90725.85
2022-10-12,Mozambique,Paradip,Panamax,33.53,USD,MT,9048.635268689834,581.93,149945.3
2022-10-13,Australia,Paradip,Capesize,24.2,USD,MT,4239.9456268683525,794.45,64048.81
2022-10-13,Mozambique,Paradip,Capesize,27.47,USD,MT,3205.7970541785958,627.15,62079.64
2022-10-13,Russia,Paradip,Capesize,26.89,USD,MT,4477.790011245238,447.74,65416.48
2022-10-13,US,Paradip,Panamax,37.64,USD,MT,4237.198236079091,563.3,59290.61
2022-10-13,US,Paradip,Supramax,47.41,USD,MT,3768.9578718653142,578.46,135144.32
2022-10-14,Mozambique,Paradip,Capesize,21.81,USD,MT,8783.205079285752,640.35,148106.83
2022-10-14,Mozambique,Paradip,Capesize,24.15,USD,MT,6588.549963491628,621.61,69639.13
2022-10-14,Russia,Paradip,Supramax,41.48,USD,MT,4044.390441367153,628.63,134902.02
2022-10-14,US,Paradip,Panamax,30.21,USD,MT,8660.48826841182,613.56,77940.21
2022-10-14,US,Paradip,Panamax,34.75,USD,MT,4240.774253210315,418.14,120714.41
2022-10-15,Mozambique,Paradip,Panamax,34.73,USD,MT,3472.38875434847,453.43,110622.68
2022-10-15,Russia,Paradip,Supramax,43.08,USD,MT,7200.150353684144,527.7,58469.27
2022-10-15,US,Paradip,Capesize,27.36,USD,MT,4421.228347835262,675.35,149204.03
2022-10-15,US,Paradip,Panamax,35.95,USD,MT,4663.990401748476,528.57,58669.91
2022-10-15,US,Paradip,Supramax,47.51,USD,MT,7819.622842935802,404.93,144531.61
2022-10-16,Australia,Paradip,Capesize,28.22,USD,MT,8391.137387713567,772.36,76731.39
2022-10-16,Indonesia,Paradip,Supramax,45.32,USD,MT,6268.515091837759,435.95,77172.46
2022-10-16,Mozambique,Paradip,Panamax,34.78,USD,MT,6112.518800755959,539.64,145321.42
2022-10-16,Russia,Paradip,Capesize,20.33,USD,MT,8543.036393234512,664.18,60885.94
2022-10-16,US,Paradip,Panamax,33.1,USD,MT,8869.251968649922,752.11,74042.93
2022-10-17,Mozambique,Paradip,Capesize,24.92,USD,MT,9836.806964315829,629.19,124469.94
2022-10-17,Russia,Paradip,Capesize,23.66,USD,MT,3215.408947737064,567.97,147097.58
2022-10-17,Russia,Paradip,Supramax,46.93,USD,MT,6590.826983365474,519.59,141117.7
2022-10-17,US,Paradip,Panamax,36.99,USD,MT,4660.132906390191,744.65,59312.9
2022-10-17,US,Paradip,Supramax,45.34,USD,MT,8482.717890985869,503.51,106503.46
2022-10-18,Indonesia,Paradip,Supramax,45.7,USD,MT,4825.478305871771,788.12,91045.49
2022-10-18,Mozambique,Paradip,Capesize,27.93,USD,MT,9991.77017750166,431.17,77967.11
2022-10-18,Mozambique,Paradip,Capesize,21.19,USD,MT,4038.891739789218,709.25,119789.76
2022-10-18,Mozambique,Paradip,Panamax,30.79,USD,MT,3016.75474879103,759.06,145843.78
2022-10-18,Russia,Paradip,Supramax,41.7,USD,MT,4764.598978346586,631.37,114525.52
2022-10-19,Australia,Paradip,Capesize,25.32,USD,MT,3022.173732752038,577.45,68055.99
2022-10-19,Mozambique,Paradip,Supramax,43.27,USD,MT,6308.087494057016,792.88,83217.88
2022-10-19,Mozambique,Paradip,Supramax,38.66,USD,MT,3503.179206393716,579.7,126368.81
2022-10-19,Russia,Paradip,Capesize,22.48,USD,MT,8256.521987144326,629.43,96750.5
2022-10-19,Russia,Paradip,Supramax,48.75,USD,MT,3608.839543691138,792.01,118840.17
2022-10-20,Australia,Paradip,Panamax,35.25,USD,MT,9674.66520694438,612.64,117894.65
2022-10-20,Indonesia,Paradip,Capesize,22.13,USD,MT,9926.754101372706,516.96,141408.16
2022-10-20,Russia,Paradip,Capesize,24.59,USD,MT,8527.64903067948,655.0,145663.08
2022-10-20,Russia,Paradip,Supramax,48.11,USD,MT,7336.594530128386,461.71,64508.76
2022-10-20,US,Paradip,Panamax,35.38,USD,MT,5150.005478220443,535.89,64991.47
2022-10-21,Indonesia,Paradip,Panamax,35.24,USD,MT,6530.78237173403,723.82,69362.42
2022-10-21,Indonesia,Paradip,Panamax,31.68,USD,MT,9820.323926059144,645.95,104335.08
2022-10-21,Indonesia,Paradip,Supramax,47.23,USD,MT,5226.811496062967,504.4,93481.48
2022-10-21,Russia,Paradip,Supramax,48.08,USD,MT,3233.427843693484,604.02,54332.99
2022-10-21,Russia,Paradip,Supramax,41.88,USD,MT,4628.848871465604,795.19,117206.38
2022-10-22,Australia,Paradip,Panamax,35.17,USD,MT,7919.50843920199,784.04,116310.71
2022-10-22,Indonesia,Paradip,Panamax,37.06,USD,MT,4411.548387754687,609.92,79542.56
2022-10-22,Russia,Paradip,Capesize,29.39,USD,MT,8057.951539052368,676.18,69861.76
2022-10-22,US,Paradip,Panamax,34.16,USD,MT,3596.3410228319,634.0,50297.92
2022-10-22,US,Paradip,Panamax,35.01,USD,MT,3365.1094484035098,674.88,134936.34
2022-10-23,Indonesia,Paradip,Panamax,33.72,USD,MT,5546.184260581826,648.55,90146.22
2022-10-23,Indonesia,Paradip,Panamax,38.62,USD,MT,6263.218671872888,497.74,87140.36
2022-10-23,Indonesia,Paradip,Supramax,41.94,USD,MT,4376.33182964379,694.58,69570.61
2022-10-23,Mozambique,Paradip,Panamax,38.67,USD,MT,6374.182576215842,523.48,81622.58
2022-10-23,US,Paradip,Panamax,37.39,USD,MT,4078.805852625579,582.41,95259.86
2022-10-24,Indonesia,Paradip,Capesize,20.95,USD,MT,9981.268483820844,641.11,138262.22
2022-10-24,Mozambique,Paradip,Supramax,41.1,USD,MT,6463.64663677689,640.87,56320.62
2022-10-24,Russia,Paradip,Panamax,38.13,USD,MT,4118.668367504115,631.67,80008.48
2022-10-24,US,Paradip,Capesize,24.41,USD,MT,3067.757567203956,692.53,54696.56
2022-10-24,US,Paradip,Supramax,47.2,USD,MT,8226.895034964538,531.34,85758.68
2022-10-25,Australia,Paradip,Panamax,32.54,USD,MT,8264.832795348928,411.38,141272.22
2022-10-25,Australia,Paradip,Supramax,40.42,USD,MT,5550.399047081264,746.79,106822.24
2022-10-25,Russia,Paradip,Capesize,30.72,USD,MT,4674.487312084085,661.66,62224.9
2022-10-25,US,Paradip,Capesize,29.89,USD,MT,8679.491634044934,652.75,73972.3
2022-10-25,US,Paradip,Supramax,44.72,USD,MT,6329.05843137965,717.43,91323.37
2022-10-26,Australia,Paradip,Supramax,43.31,USD,MT,3437.045928372717,744.48,93159.79
2022-10-26,Indonesia,Paradip,Supramax,51.58,USD,MT,8503.850805305288,718.03,108107.4
2022-10-26,Mozambique,Paradip,Supramax,47.53,USD,MT,8660.598011529248,683.78,55988.68
2022-10-26,Russia,Paradip,Panamax,40.45,USD,MT,5284.248666018947,608.2,101641.94
2022-10-26,Russia,Paradip,Panamax,37.33,USD,MT,4434.136976700974,682.13,146368.65
2022-10-27,Australia,Paradip,Panamax,35.28,USD,MT,6117.4645369742975,570.34,88774.56
2022-10-27,Australia,Paradip,Supramax,49.49,USD,MT,7850.955951423374,404.13,134671.43
2022-10-27,Indonesia,Paradip,Capesize,26.54,USD,MT,7692.602031467212,637.53,112256.29
2022-10-27,Russia,Paradip,Capesize,24.11,USD,MT,9747.290126461296,664.02,113014.55
2022-10-27,US,Paradip,Supramax,37.58,USD,MT,7472.12268515102,557.23,64039.37
2022-10-28,Australia,Paradip,Capesize,27.61,USD,MT,3923.1558491172814,746.11,55443.71
2022-10-28,Indonesia,Paradip,Capesize,28.58,USD,MT,5505.765881856815,609.08,60602.96
2022-10-28,Mozambique,Paradip,Supramax,47.64,USD,MT,8869.112622700806,616.07,81028.49
2022-10-28,Russia,Paradip,Panamax,37.96,USD,MT,3316.922301254691,404.06,142023.02
2022-10-28,US,Paradip,Capesize,24.23,USD,MT,7730.716794600595,416.34,132693.51
2022-10-29,Australia,Paradip,Capesize,25.62,USD,MT,5341.289197139698,445.79,142547.66
2022-10-29,Australia,Paradip,Supramax,42.38,USD,MT,9422.29738340979,669.76,89498.04
2022-10-29,Indonesia,Paradip,Supramax,44.12,USD,MT,4289.334200363566,730.36,87286.12
2022-10-29,Russia,Paradip,Panamax,34.56,USD,MT,9603.63211614967,691.13,78655.55
2022-10-29,Russia,Paradip,Panamax,35.99,USD,MT,7472.139729563807,797.15,79216.7
2022-10-30,Australia,Paradip,Capesize,32.67,USD,MT,7134.413296185187,720.53,81496.63
2022-10-30,Australia,Paradip,Capesize,24.56,USD,MT,3548.3921468408766,553.41,79557.94
2022-10-30,US,Paradip,Capesize,28.9,USD,MT,8554.470670049297,632.28,91818.78
2022-10-30,US,Paradip,Panamax,37.89,USD,MT,3570.629763899009,517.08,91780.33
2022-10-30,US,Paradip,Panamax,39.57,USD,MT,3259.892616377732,419.78,109615.47
2022-10-31,Australia,Paradip,Capesize,35.53,USD,MT,5474.103875811681,512.97,89396.82
2022-10-31,Indonesia,Paradip,Supramax,39.96,USD,MT,5139.333706401217,457.73,126959.56
2022-10-31,US,Paradip,Capesize,20.89,USD,MT,3646.3145396705113,743.65,51385.31
2022-10-31,US,Paradip,Panamax,34.74,USD,MT,9501.928962492757,646.69,53545.18
2022-10-31,US,Paradip,Panamax,35.14,USD,MT,8417.546063294458,505.32,139794.74
2022-11-01,Indonesia,Paradip,Capesize,25.61,USD,MT,9689.499304556142,491.92,79109.09
2022-11-01,Indonesia,Paradip,Supramax,48.15,USD,MT,8759.200400211763,599.92,140185.75
2022-11-01,Mozambique,Paradip,Panamax,37.47,USD,MT,5845.780434516364,533.42,83346.84
2022-11-01,Russia,Paradip,Capesize,23.02,USD,MT,7293.380388984584,552.35,75041.44
2022-11-01,Russia,Paradip,Supramax,46.72,USD,MT,4135.752980919624,662.75,139725.69
2022-11-02,Australia,Paradip,Capesize,30.76,USD,MT,4928.402951357445,567.39,54567.96
2022-11-02,Australia,Paradip,Capesize,29.69,USD,MT,4273.461920779556,680.39,71207.66
2022-11-02,Mozambique,Paradip,Capesize,19.41,USD,MT,5401.899540062052,714.65,95304.01
2022-11-02,US,Paradip,Capesize,28.81,USD,MT,7697.200782646474,626.74,53621.8
2022-11-02,US,Paradip,Panamax,42.02,USD,MT,3499.6230161865337,781.41,146783.94
2022-11-03,Australia,Paradip,Supramax,48.18,USD,MT,6149.589004635793,418.4,121910.99
2022-11-03,Indonesia,Paradip,Capesize,30.98,USD,MT,4710.519505610524,513.39,134097.7
2022-11-03,Russia,Paradip,Supramax,46.44,USD,MT,8039.069306426724,679.15,61259.88
2022-11-03,US,Paradip,Panamax,37.08,USD,MT,8833.004205071717,501.09,60181.75
2022-11-03,US,Paradip,Supramax,47.9,USD,MT,6082.184555321502,629.32,90182.18
2022-11-04,Australia,Paradip,Capesize,22.9,USD,MT,7205.52334501255,482.43,88626.41
2022-11-04,Australia,Paradip,Capesize,23.68,USD,MT,7412.9070886165155,735.69,66581.04
2022-11-04,Indonesia,Paradip,Capesize,28.53,USD,MT,4092.290683572997,748.23,69539.74
2022-11-04,Indonesia,Paradip,Panamax,35.94,USD,MT,3117.132868107312,637.74,123169.51
2022-11-04,Russia,Paradip,Capesize,18.27,USD,MT,4061.5033886512415,691.42,104608.68
2022-11-05,Australia,Paradip,Capesize,28.32,USD,MT,6026.258258778711,789.57,68290.2
2022-11-05,Australia,Paradip,Supramax,45.0,USD,MT,9157.948931135994,660.5,119992.19
2022-11-05,US,Paradip,Capesize,25.41,USD,MT,9210.85262845608,651.44,51222.8
2022-11-05,US,Paradip,Capesize,27.31,USD,MT,5137.017580756031,699.49,58785.59
2022-11-05,US,Paradip,Supramax,43.09,USD,MT,8350.75400768342,784.38,52447.73
2022-11-06,Indonesia,Paradip,Supramax,45.79,USD,MT,6355.211183515417,514.43,88107.44
2022-11-06,Indonesia,Paradip,Supramax,49.64,USD,MT,6850.533919896848,673.15,142060.54
2022-11-06,Mozambique,Paradip,Panamax,32.27,USD,MT,3458.1630202161928,629.05,91050.36
2022-11-06,US,Paradip,Panamax,38.14,USD,MT,7347.046922813446,692.25,77594.68
2022-11-06,US,Paradip,Supramax,52.34,USD,MT,9229.353390377497,777.86,94202.39
2022-11-07,Indonesia,Paradip,Supramax,47.95,USD,MT,6605.218961245043,558.94,149180.83
2022-11-07,Mozambique,Paradip,Supramax,41.75,USD,MT,8283.683814584798,705.26,129535.36
2022-11-07,Russia,Paradip,Capesize,29.03,USD,MT,4514.451703941664,710.28,77286.54
2022-11-07,Russia,Paradip,Panamax,41.15,USD,MT,4841.512856058223,695.95,91776.49
2022-11-07,US,Paradip,Supramax,48.7,USD,MT,5497.292650052048,771.6,146279.6
2022-11-08,Indonesia,Paradip,Supramax,48.15,USD,MT,3830.599917625652,485.05,89791.82
2022-11-08,Indonesia,Paradip,Supramax,44.3,USD,MT,9378.096373364686,566.24,51612.0
2022-11-08,Indonesia,Paradip,Supramax,52.59,USD,MT,6956.716843325568,631.49,67313.25
2022-11-08,Mozambique,Paradip,Supramax,48.28,USD,MT,9490.356576785807,740.8,63636.69
2022-11-08,US,Paradip,Capesize,26.21,USD,MT,6460.45448815967,684.03,81342.11
2022-11-09,Indonesia,Paradip,Capesize,24.6,USD,MT,7024.96992177342,799.13,60382.88
2022-11-09,Indonesia,Paradip,Supramax,46.92,USD,MT,4284.3971548030695,762.54,108780.71
2022-11-09,Mozambique,Paradip,Panamax,38.11,USD,MT,8957.6360722372,748.25,120818.24
2022-11-09,US,Paradip,Capesize,25.3,USD,MT,8218.201495385758,705.91,132633.08
2022-11-09,US,Paradip,Panamax,34.68,USD,MT,8459.335077258726,424.48,136786.25
2022-11-10,Australia,Paradip,Capesize,23.62,USD,MT,8087.548307268811,765.99,65241.3
2022-11-10,Australia,Paradip,Panamax,37.0,USD,MT,4307.159999467899,704.6,94706.21
2022-11-10,Indonesia,Paradip,Panamax,41.88,USD,MT,5229.540429038107,751.57,129524.71
2022-11-10,Indonesia,Paradip,Supramax,48.89,USD,MT,9873.527231754446,403.28,73979.27
2022-11-10,Russia,Paradip,Supramax,45.63,USD,MT,3214.8260393753435,650.3,133761.7
2022-11-11,Indonesia,Paradip,Capesize,28.18,USD,MT,4070.4536662184055,718.27,141765.04
2022-11-11,Indonesia,Paradip,Capesize,25.02,USD,MT,8002.733692714574,521.05,113119.76
2022-11-11,Mozambique,Paradip,Supramax,48.23,USD,MT,9879.554473836375,552.64,70999.62
2022-11-11,Russia,Paradip,Supramax,47.81,USD,MT,3085.9996508860404,757.68,84156.21
2022-11-11,US,Paradip,Supramax,51.1,USD,MT,3914.651223195443,574.0,130723.2
2022-11-12,Australia,Paradip,Supramax,49.56,USD,MT,4733.500347372774,667.35,117136.63
2022-11-12,Indonesia,Paradip,Capesize,24.95,USD,MT,8529.114756579198,727.83,100756.27
2022-11-12,Russia,Paradip,Panamax,38.2,USD,MT,6847.818292794819,485.31,110518.68
2022-11-12,Russia,Paradip,Supramax,49.72,USD,MT,9079.074170087508,789.24,84896.13
2022-11-12,US,Paradip,Panamax,35.75,USD,MT,5295.766513316719,626.26,63531.38
2022-11-13,Australia,Paradip,Capesize,29.15,USD,MT,3316.9097866976617,608.66,66426.3
2022-11-13,Australia,Paradip,Capesize,32.78,USD,MT,5381.723585235574,620.21,66069.42
2022-11-13,Indonesia,Paradip,Panamax,34.29,USD,MT,5025.787882773249,646.51,136379.24
2022-11-13,Russia,Paradip,Capesize,24.92,USD,MT,4138.229674953859,652.14,134360.83
2022-11-13,US,Paradip,Panamax,38.55,USD,MT,3429.097138049281,578.46,109210.2
2022-11-14,Indonesia,Paradip,Capesize,28.85,USD,MT,8085.751234791131,751.5,144695.14
2022-11-14,Indonesia,Paradip,Capesize,27.98,USD,MT,7242.402627089429,678.53,116019.53
2022-11-14,Mozambique,Paradip,Supramax,41.76,USD,MT,5420.580288191605,542.41,128744.88
2022-11-14,US,Paradip,Capesize,23.77,USD,MT,4619.333322048259,644.16,110362.81
2022-11-14,US,Paradip,Supramax,51.18,USD,MT,3651.3802475189327,410.55,119080.08
2022-11-15,Mozambique,Paradip,Capesize,22.46,USD,MT,9697.864295286376,684.26,81930.16
2022-11-15,Mozambique,Paradip,Panamax,38.44,USD,MT,4728.219999958869,562.87,141574.25
2022-11-15,Mozambique,Paradip,Panamax,35.59,USD,MT,5145.115046515572,612.02,142855.74
2022-11-15,Russia,Paradip,Panamax,39.97,USD,MT,5290.492187590436,780.13,99956.65
2022-11-15,Russia,Paradip,Panamax,37.16,USD,MT,3909.524041467775,562.5,136111.0
2022-11-16,Australia,Paradip,Supramax,43.55,USD,MT,3387.299348938626,510.0,140199.6
2022-11-16,Indonesia,Paradip,Supramax,47.83,USD,MT,9402.431300698025,410.91,88149.4
2022-11-16,Indonesia,Paradip,Supramax,47.83,USD,MT,9285.061891260711,507.97,58835.29
2022-11-16,Mozambique,Paradip,Panamax,35.81,USD,MT,7375.866287739571,479.42,117179.55
2022-11-16,US,Paradip,Panamax,37.53,USD,MT,7040.6193555892005,556.63,115801.42
2022-11-17,Mozambique,Paradip,Capesize,28.58,USD,MT,6854.094832255225,730.82,93960.6
2022-11-17,Mozambique,Paradip,Panamax,39.92,USD,MT,6305.437277378431,792.7,110510.86
2022-11-17,Russia,Paradip,Capesize,23.43,USD,MT,6717.708936652662,457.12,82681.59
2022-11-17,Russia,Paradip,Panamax,41.25,USD,MT,5489.96004226271,687.46,52828.14
2022-11-17,US,Paradip,Capesize,27.52,USD,MT,4059.8126920140767,405.16,143123.1
2022-11-18,Mozambique,Paradip,Capesize,30.86,USD,MT,4251.202222486014,422.8,90162.15
2022-11-18,Mozambique,Paradip,Supramax,51.75,USD,MT,5679.832896465273,685.98,77655.72
2022-11-18,Russia,Paradip,Panamax,38.28,USD,MT,3742.670315601758,656.86,138115.81
2022-11-18,Russia,Paradip,Supramax,43.06,USD,MT,3400.1451498949173,749.52,134151.05
2022-11-18,Russia,Paradip,Supramax,49.81,USD,MT,9979.48229473346,409.38,130688.62
2022-11-19,Australia,Paradip,Panamax,33.29,USD,MT,5356.170711358262,759.06,122329.4
2022-11-19,Indonesia,Paradip,Supramax,46.56,USD,MT,8313.057642660395,666.73,117556.48
2022-11-19,Mozambique,Paradip,Panamax,42.02,USD,MT,7857.70195131668,442.72,76633.73
2022-11-19,Mozambique,Paradip,Panamax,37.55,USD,MT,4727.608840078915,442.45,138210.94
2022-11-19,Russia,Paradip,Panamax,35.97,USD,MT,8468.261410241528,762.61,147412.45
2022-11-20,Australia,Paradip,Panamax,37.73,USD,MT,8220.652177570435,622.48,112123.32
2022-11-20,Indonesia,Paradip,Capesize,27.64,USD,MT,7170.996525381676,419.82,146190.43
2022-11-20,Indonesia,Paradip,Panamax,38.83,USD,MT,9454.250857974925,544.28,64750.4
2022-11-20,Mozambique,Paradip,Capesize,28.18,USD,MT,5300.394787562816,616.45,130294.34
2022-11-20,Russia,Paradip,Supramax,50.2,USD,MT,4254.052694165504,680.73,54483.3
2022-11-21,Australia,Paradip,Panamax,40.41,USD,MT,8622.854849552841,789.75,132992.05
2022-11-21,Australia,Paradip,Panamax,39.34,USD,MT,6050.250326979556,546.73,119581.04
2022-11-21,Indonesia,Paradip,Capesize,26.07,USD,MT,6055.351339215831,675.8,58954.88
2022-11-21,Mozambique,Paradip,Supramax,48.92,USD,MT,8786.901522715132,752.14,56083.28
2022-11-21,US,Paradip,Capesize,22.79,USD,MT,3141.9320018229982,511.63,140751.08
2022-11-22,Australia,Paradip,Capesize,25.36,USD,MT,4191.463488295796,465.51,131376.9
2022-11-22,Mozambique,Paradip,Capesize,27.09,USD,MT,3433.876111367343,480.96,116942.35
2022-11-22,Mozambique,Paradip,Capesize,22.82,USD,MT,4964.351279551903,594.78,136046.49
2022-11-22,Mozambique,Paradip,Supramax,44.65,USD,MT,4473.142288993862,662.43,109934.41
2022-11-22,Mozambique,Paradip,Supramax,49.62,USD,MT,9212.955459284662,748.37,117399.51
2022-11-23,Australia,Paradip,Supramax,46.84,USD,MT,4564.795270538807,682.84,52604.05
2022-11-23,Indonesia,Paradip,Capesize,31.3,USD,MT,6533.4215374562655,552.9,69361.15
2022-11-23,Mozambique,Paradip,Capesize,32.85,USD,MT,5233.921314301482,639.57,87413.01
2022-11-23,Russia,Paradip,Panamax,46.43,USD,MT,6253.233305580716,704.12,149723.18
2022-11-23,US,Paradip,Panamax,39.01,USD,MT,6840.756169277063,489.91,139078.88
2022-11-24,Indonesia,Paradip,Capesize,28.2,USD,MT,7134.784352843056,671.56,54532.48
2022-11-24,Mozambique,Paradip,Supramax,52.18,USD,MT,4091.608044231174,579.86,78894.79
2022-11-24,Russia,Paradip,Capesize,29.3,USD,MT,5138.198538625212,781.7,60386.6
2022-11-24,US,Paradip,Supramax,46.45,USD,MT,3915.781921270405,585.74,81574.96
2022-11-24,US,Paradip,Supramax,48.9,USD,MT,5054.006185211195,715.96,71185.3
2022-11-25,Australia,Paradip,Supramax,52.38,USD,MT,6559.158252082192,710.08,131326.05
2022-11-25,Indonesia,Paradip,Capesize,27.97,USD,MT,5896.068897118912,456.18,111913.33
2022-11-25,Mozambique,Paradip,Supramax,52.97,USD,MT,4544.158662661339,669.98,146923.55
2022-11-25,US,Paradip,Panamax,35.21,USD,MT,5378.550349575656,459.38,74455.17
2022-11-25,US,Paradip,Supramax,49.06,USD,MT,3502.658245529466,471.83,112292.11
2022-11-26,Indonesia,Paradip,Capesize,27.38,USD,MT,4139.905800077448,696.77,145701.93
2022-11-26,Indonesia,Paradip,Panamax,43.81,USD,MT,9508.336306229989,680.89,92303.58
2022-11-26,Mozambique,Paradip,Capesize,28.0,USD,MT,8702.750170947898,641.3,78115.13
2022-11-26,Mozambique,Paradip,Panamax,40.51,USD,MT,6535.026180487366,706.92,64852.5
2022-11-26,Russia,Paradip,Supramax,46.0,USD,MT,4841.340694283563,466.07,147539.74
2022-11-27,Mozambique,Paradip,Panamax,39.67,USD,MT,4062.667086433442,741.29,63680.91
2022-11-27,Mozambique,Paradip,Panamax,34.64,USD,MT,4860.29746188757,630.2,86951.88
2022-11-27,Mozambique,Paradip,Supramax,46.41,USD,MT,6109.912769598679,535.3,63039.29
2022-11-27,Russia,Paradip,Capesize,26.08,USD,MT,5076.179130030085,717.7,94932.64
2022-11-27,US,Paradip,Supramax,49.06,USD,MT,7749.332005497757,591.84,139239.71
2022-11-28,Australia,Paradip,Supramax,48.18,USD,MT,7257.875111827614,603.37,57434.05
2022-11-28,Indonesia,Paradip,Panamax,41.34,USD,MT,3883.737407835388,416.31,146154.69
2022-11-28,Indonesia,Paradip,Supramax,51.19,USD,MT,5273.978971819559,516.79,88860.49
2022-11-28,Russia,Paradip,Panamax,37.48,USD,MT,3301.703053529687,479.89,143623.96
2022-11-28,Russia,Paradip,Panamax,37.91,USD,MT,5770.056185169693,412.71,86386.33
2022-11-29,Australia,Paradip,Capesize,32.13,USD,MT,3574.1373977166686,479.02,125991.27
2022-11-29,Australia,Paradip,Capesize,28.21,USD,MT,8709.959823212568,579.44,109194.45
2022-11-29,Indonesia,Paradip,Panamax,40.94,USD,MT,6555.16199662948,481.94,56425.66
2022-11-29,Indonesia,Paradip,Supramax,46.67,USD,MT,3895.050389355586,615.59,71790.08
2022-11-29,Mozambique,Paradip,Supramax,50.71,USD,MT,4590.035077542455,592.87,101263.6
2022-11-30,Indonesia,Paradip,Panamax,35.4,USD,MT,9798.816778103885,595.24,117879.07
2022-11-30,Mozambique,Paradip,Panamax,42.65,USD,MT,9862.021218310612,628.82,115903.55
2022-11-30,Russia,Paradip,Supramax,48.85,USD,MT,8451.411157806815,424.49,66342.32
2022-11-30,US,Paradip,Panamax,38.75,USD,MT,7097.3343808921545,675.11,97092.65
2022-11-30,US,Paradip,Supramax,50.08,USD,MT,8260.337287313196,659.75,83806.28
2022-12-01,Indonesia,Paradip,Supramax,44.22,USD,MT,8384.08972040749,403.71,113492.82
2022-12-01,Mozambique,Paradip,Capesize,27.85,USD,MT,6124.129929771627,460.69,145318.49
2022-12-01,Russia,Paradip,Supramax,50.24,USD,MT,9076.129737740066,437.69,98653.1
2022-12-01,Russia,Paradip,Supramax,44.87,USD,MT,9648.328136470938,476.32,140429.03
2022-12-01,US,Paradip,Capesize,31.59,USD,MT,6762.668042699566,546.13,89997.16
2022-12-02,Australia,Paradip,Capesize,33.36,USD,MT,8584.164965673015,440.78,148441.57
2022-12-02,Australia,Paradip,Panamax,42.18,USD,MT,5174.144025909103,669.26,97586.46
2022-12-02,Indonesia,Paradip,Capesize,31.74,USD,MT,5573.986788843753,529.14,127343.1
2022-12-02,Russia,Paradip,Capesize,32.45,USD,MT,6053.270490930605,498.51,63865.1
2022-12-02,US,Paradip,Capesize,32.61,USD,MT,6960.856185969663,551.39,70211.6
2022-12-03,Indonesia,Paradip,Capesize,27.99,USD,MT,4305.701632305568,558.02,59139.76
2022-12-03,Indonesia,Paradip,Panamax,39.21,USD,MT,3396.621973635591,551.05,69791.28
2022-12-03,Indonesia,Paradip,Panamax,43.82,USD,MT,9998.06880482443,478.13,134574.23
2022-12-03,Mozambique,Paradip,Capesize,29.53,USD,MT,8392.10683123011,564.96,59614.67
2022-12-03,Mozambique,Paradip,Supramax,47.93,USD,MT,7074.650914652068,752.23,144208.26
2022-12-04,Australia,Paradip,Panamax,41.42,USD,MT,6249.074015193162,532.78,122173.2
2022-12-04,Indonesia,Paradip,Supramax,50.6,USD,MT,4229.767280659629,745.65,149145.15
2022-12-04,Mozambique,Paradip,Capesize,35.6,USD,MT,7088.368643003276,707.66,75112.22
2022-12-04,Russia,Paradip,Panamax,39.04,USD,MT,6821.762813283762,484.14,79597.28
2022-12-04,US,Paradip,Supramax,51.13,USD,MT,4252.373287832305,748.98,85378.93
2022-12-05,Australia,Paradip,Capesize,32.34,USD,MT,9409.735035270132,608.49,90588.26
2022-12-05,Australia,Paradip,Supramax,44.02,USD,MT,5144.210299443994,513.62,142537.15
2022-12-05,Australia,Paradip,Supramax,44.72,USD,MT,4989.863283045914,616.71,61862.81
2022-12-05,Russia,Paradip,Panamax,42.13,USD,MT,3029.2505835528927,552.27,76031.44
2022-12-05,Russia,Paradip,Supramax,47.97,USD,MT,8913.361250417365,465.58,123905.78
2022-12-06,Australia,Paradip,Capesize,35.16,USD,MT,6485.3076081512645,660.94,139556.18
2022-12-06,Mozambique,Paradip,Capesize,30.49,USD,MT,8924.086070726065,566.24,95137.27
2022-12-06,Mozambique,Paradip,Panamax,43.16,USD,MT,6496.363555193668,605.56,134945.15
2022-12-06,Russia,Paradip,Panamax,36.22,USD,MT,5704.261571448666,674.12,72707.08
2022-12-06,US,Paradip,Supramax,49.6,USD,MT,9941.110613155244,478.01,63368.96
2022-12-07,Indonesia,Paradip,Supramax,52.16,USD,MT,9116.197289393753,505.71,81710.65
2022-12-07,Mozambique,Paradip,Supramax,48.03,USD,MT,6422.071781449654,575.01,62161.33
2022-12-07,Russia,Paradip,Capesize,32.12,USD,MT,7606.117191748993,618.0,102194.48
2022-12-07,Russia,Paradip,Supramax,50.48,USD,MT,9251.941830601834,553.04,69490.3
2022-12-07,US,Paradip,Supramax,52.1,USD,MT,5921.700061820866,482.98,113700.51
2022-12-08,Australia,Paradip,Capesize,31.43,USD,MT,8293.406549702202,476.46,58180.37
2022-12-08,Mozambique,Paradip,Capesize,37.67,USD,MT,6697.544370999993,712.87,149313.56
2022-12-08,Mozambique,Paradip,Supramax,47.05,USD,MT,8438.420326626327,510.82,83067.57
2022-12-08,US,Paradip,Capesize,34.37,USD,MT,5423.82193813541,795.79,93130.6
2022-12-08,US,Paradip,Panamax,40.44,USD,MT,7674.444259228072,751.52,110350.34
2022-12-09,Australia,Paradip,Panamax,43.5,USD,MT,5442.709897281915,667.41,52628.93
2022-12-09,Indonesia,Paradip,Supramax,47.2,USD,MT,4975.163193171284,790.85,75264.8
2022-12-09,Mozambique,Paradip,Panamax,43.34,USD,MT,4586.9543357349385,455.15,74155.55
2022-12-09,Russia,Paradip,Capesize,28.35,USD,MT,3615.850272865578,443.42,99003.65
2022-12-09,Russia,Paradip,Supramax,45.82,USD,MT,9604.703123845557,769.57,128468.87
2022-12-10,Indonesia,Paradip,Capesize,30.09,USD,MT,4206.85172102158,614.0,84368.38
2022-12-10,Mozambique,Paradip,Capesize,30.73,USD,MT,9578.62865804409,696.39,56969.19
2022-12-10,Mozambique,Paradip,Supramax,50.31,USD,MT,8580.738638871706,689.91,67386.86
2022-12-10,Russia,Paradip,Capesize,34.98,USD,MT,3605.188893917668,667.5,114864.96
2022-12-10,US,Paradip,Panamax,39.53,USD,MT,7265.737596016889,509.16,148051.71
2022-12-11,Mozambique,Paradip,Capesize,30.08,USD,MT,8207.989829271655,563.94,61987.05
2022-12-11,Mozambique,Paradip,Panamax,36.4,USD,MT,4909.213011992901,785.17,129093.79
2022-12-11,Russia,Paradip,Supramax,52.43,USD,MT,9951.98792601997,780.65,61977.92
2022-12-11,US,Paradip,Panamax,47.35,USD,MT,5982.901558397845,532.53,121579.06
2022-12-11,US,Paradip,Supramax,50.8,USD,MT,5943.662694169763,476.36,99965.35
2022-12-12,Australia,Paradip,Capesize,32.84,USD,MT,5973.497065098587,654.91,134201.43
2022-12-12,Australia,Paradip,Supramax,54.02,USD,MT,3374.142807608302,718.7,98947.17
2022-12-12,Russia,Paradip,Supramax,48.51,USD,MT,5988.170900727229,527.39,76683.33
2022-12-12,US,Paradip,Capesize,36.25,USD,MT,5153.73557801001,401.17,62596.1
2022-12-12,US,Paradip,Supramax,55.03,USD,MT,6638.137306987643,465.05,58388.46
2022-12-13,Australia,Paradip,Panamax,43.38,USD,MT,7022.489578868303,511.57,69794.99
2022-12-13,Indonesia,Paradip,Supramax,51.6,USD,MT,4153.3051793192935,562.72,69240.96
2022-12-13,Mozambique,Paradip,Capesize,33.52,USD,MT,8593.255209393164,555.03,136859.15
2022-12-13,Mozambique,Paradip,Panamax,39.56,USD,MT,5745.612836408107,688.36,51338.68
2022-12-13,US,Paradip,Panamax,42.67,USD,MT,8999.16828872007,612.45,70233.97
2022-12-14,Australia,Paradip,Capesize,36.98,USD,MT,7451.609548633717,564.52,135293.39
2022-12-14,Mozambique,Paradip,Panamax,44.39,USD,MT,5755.950597687838,663.32,91822.86
2022-12-14,Mozambique,Paradip,Supramax,54.24,USD,MT,5673.552743084723,517.78,140187.0
2022-12-14,Russia,Paradip,Panamax,41.75,USD,MT,6588.683037975407,417.54,101391.72
2022-12-14,Russia,Paradip,Supramax,53.49,USD,MT,8266.065674362868,686.23,57897.18
2022-12-15,Indonesia,Paradip,Supramax,52.99,USD,MT,7762.921891232356,529.07,52001.27
2022-12-15,Mozambique,Paradip,Capesize,30.18,USD,MT,6798.1950950926985,769.84,112585.75
2022-12-15,Russia,Paradip,Panamax,42.78,USD,MT,9919.696650219064,780.41,71481.99
2022-12-15,US,Paradip,Capesize,30.03,USD,MT,8875.01424482208,588.16,136555.44
2022-12-15,US,Paradip,Supramax,55.18,USD,MT,3467.041136018139,795.53,93133.46
2022-12-16,Indonesia,Paradip,Panamax,38.48,USD,MT,4685.182639324137,482.26,101231.32
2022-12-16,Indonesia,Paradip,Supramax,49.75,USD,MT,8307.87199654339,450.2,111830.97
2022-12-16,Mozambique,Paradip,Capesize,35.37,USD,MT,8065.958081339128,641.37,54294.81
2022-12-16,Mozambique,Paradip,Supramax,60.67,USD,MT,7304.377445687784,767.51,106788.2
2022-12-16,US,Paradip,Panamax,42.98,USD,MT,6823.529581421562,771.12,124329.91
2022-12-17,Indonesia,Paradip,Capesize,33.04,USD,MT,7290.7263060058685,561.09,63181.74
2022-12-17,Russia,Paradip,Supramax,52.87,USD,MT,5503.574238309577,459.32,116851.68
2022-12-17,US,Paradip,Panamax,39.57,USD,MT,8504.318569265204,445.6,80513.53
2022-12-17,US,Paradip,Panamax,46.55,USD,MT,5150.91767635081,515.61,113920.25
2022-12-17,US,Paradip,Supramax,53.43,USD,MT,6623.251887973667,587.88,89946.05
2022-12-18,Indonesia,Paradip,Supramax,53.38,USD,MT,3084.900847333404,534.97,113851.47
2022-12-18,Russia,Paradip,Supramax,52.93,USD,MT,3991.846668788433,641.42,139176.15
2022-12-18,US,Paradip,Capesize,35.03,USD,MT,3358.886125399571,451.52,126672.99
2022-12-18,US,Paradip,Panamax,39.26,USD,MT,9533.708394721223,554.69,106695.26
2022-12-18,US,Paradip,Supramax,54.24,USD,MT,3724.483911969055,587.74,86613.35
2022-12-19,Mozambique,Paradip,Capesize,32.33,USD,MT,8150.521388459032,753.37,116128.91
2022-12-19,Mozambique,Paradip,Capesize,36.38,USD,MT,4890.4378126454185,684.92,87068.75
2022-12-19,Russia,Paradip,Panamax,40.48,USD,MT,5235.283647512979,600.76,117963.39
2022-12-19,US,Paradip,Capesize,37.37,USD,MT,3427.4577221679665,751.46,98747.07
2022-12-19,US,Paradip,Supramax,54.44,USD,MT,6014.386681806824,524.48,117950.45
2022-12-20,Indonesia,Paradip,Panamax,42.44,USD,MT,3088.2722812503457,789.78,57159.18
2022-12-20,Indonesia,Paradip,Panamax,44.43,USD,MT,8000.770421602577,659.47,99075.43
2022-12-20,Indonesia,Paradip,Panamax,41.63,USD,MT,6594.860442360507,442.82,117769.74
2022-12-20,Mozambique,Paradip,Capesize,29.23,USD,MT,8753.414153486097,703.94,52861.16
2022-12-20,US,Paradip,Panamax,41.73,USD,MT,3073.5773100386828,609.41,52141.15
2022-12-21,Australia,Paradip,Capesize,30.89,USD,MT,3799.378721845732,616.93,120120.12
2022-12-21,Australia,Paradip,Panamax,39.65,USD,MT,7485.604853543447,560.96,107805.92
2022-12-21,Mozambique,Paradip,Capesize,33.24,USD,MT,4094.743248373967,508.6,87089.9
2022-12-21,Mozambique,Paradip,Panamax,42.04,USD,MT,7041.514023512498,663.85,131445.37
2022-12-21,Russia,Paradip,Supramax,49.96,USD,MT,8255.807013652764,455.05,147038.23
2022-12-22,Mozambique,Paradip,Capesize,30.77,USD,MT,9947.018031050631,705.54,71551.26
2022-12-22,Mozambique,Paradip,Supramax,52.25,USD,MT,3812.513944204584,444.46,104351.1
2022-12-22,Russia,Paradip,Supramax,55.58,USD,MT,6161.716594943699,620.94,52118.45
2022-12-22,Russia,Paradip,Supramax,50.57,USD,MT,8862.168577211229,745.89,56786.11
2022-12-22,US,Paradip,Capesize,30.38,USD,MT,4680.022414528992,585.47,136541.57
2022-12-23,Australia,Paradip,Capesize,31.48,USD,MT,4139.936712712851,661.98,80394.8
2022-12-23,Indonesia,Paradip,Panamax,47.0,USD,MT,9130.631980417544,675.9,93617.13
2022-12-23,US,Paradip,Capesize,27.69,USD,MT,3052.3590455700923,710.48,57089.42
2022-12-23,US,Paradip,Panamax,36.85,USD,MT,3922.813604689198,400.91,75175.99
2022-12-23,US,Paradip,Supramax,54.4,USD,MT,7934.071714610367,607.48,79627.31
2022-12-24,Indonesia,Paradip,Supramax,56.71,USD,MT,7526.947862241325,675.83,89353.52
2022-12-24,Indonesia,Paradip,Supramax,50.16,USD,MT,5780.666462169147,433.54,147554.51
2022-12-24,Russia,Paradip,Capesize,34.39,USD,MT,3736.4372316771182,692.77,144300.18
2022-12-24,Russia,Paradip,Panamax,45.26,USD,MT,7287.450209634336,716.86,51066.0
2022-12-24,Russia,Paradip,Panamax,40.26,USD,MT,4073.0137907993567,599.2,55185.46
2022-12-25,Australia,Paradip,Capesize,34.79,USD,MT,4450.290729708642,699.01,97220.77
2022-12-25,Australia,Paradip,Panamax,39.14,USD,MT,9562.891218218996,779.7,143316.92
2022-12-25,Indonesia,Paradip,Panamax,38.29,USD,MT,5699.7247849749565,627.23,105466.75
2022-12-25,Indonesia,Paradip,Supramax,45.84,USD,MT,4569.609743616484,700.93,57582.38
2022-12-25,US,Paradip,Supramax,49.99,USD,MT,4327.826838886786,631.68,131292.35
2022-12-26,Australia,Paradip,Panamax,45.09,USD,MT,6863.063824026992,625.58,72599.32
2022-12-26,Australia,Paradip,Panamax,41.44,USD,MT,6799.004211732416,717.83,105492.96
2022-12-26,Indonesia,Paradip,Capesize,37.92,USD,MT,3586.498865152491,769.82,145482.45
2022-12-26,Indonesia,Paradip,Supramax,53.75,USD,MT,9171.063785311966,530.32,52716.04
2022-12-26,Russia,Paradip,Panamax,44.67,USD,MT,4587.890415119661,674.34,90628.82
2022-12-27,Indonesia,Paradip,Supramax,57.79,USD,MT,7762.800259931495,643.07,114717.09
2022-12-27,Mozambique,Paradip,Panamax,45.29,USD,MT,7030.091600281456,795.01,101750.57
2022-12-27,Mozambique,Paradip,Supramax,57.69,USD,MT,6917.353905076611,789.0,141283.53
2022-12-27,Russia,Paradip,Capesize,32.34,USD,MT,3455.328881689027,608.99,91356.13
2022-12-27,US,Paradip,Panamax,39.19,USD,MT,8743.929225680102,724.46,63636.19
2022-12-28,Indonesia,Paradip,Panamax,44.62,USD,MT,3679.8122306809146,652.88,119152.55
2022-12-28,Mozambique,Paradip,Capesize,34.78,USD,MT,6679.358088069318,654.21,106466.09
2022-12-28,Russia,Paradip,Capesize,36.77,USD,MT,8655.419815116098,757.52,62263.65
2022-12-28,Russia,Paradip,Panamax,48.52,USD,MT,3844.902212559395,743.99,73493.14
2022-12-28,US,Paradip,Panamax,49.17,USD,MT,9244.065166810811,737.91,110149.39
2022-12-29,Indonesia,Paradip,Panamax,42.99,USD,MT,7986.792435997007,679.87,97059.09
2022-12-29,Indonesia,Paradip,Supramax,53.22,USD,MT,5740.634622435967,402.94,52647.74
2022-12-29,Russia,Paradip,Supramax,56.94,USD,MT,5328.362858625758,408.46,91264.88
2022-12-29,US,Paradip,Panamax,45.4,USD,MT,7011.034787081828,685.48,147480.69
2022-12-29,US,Paradip,Panamax,45.76,USD,MT,7768.671879389277,418.54,138056.47
2022-12-30,Australia,Paradip,Capesize,39.07,USD,MT,3151.815857080697,793.5,57201.88
2022-12-30,Indonesia,Paradip,Panamax,42.77,USD,MT,4464.2974999188455,778.53,146276.03
2022-12-30,Mozambique,Paradip,Panamax,39.68,USD,MT,6903.055436854216,624.77,130691.65
2022-12-30,US,Paradip,Capesize,34.82,USD,MT,4953.107651563525,558.57,97272.29
2022-12-30,US,Paradip,Supramax,59.04,USD,MT,3583.399636433569,599.91,109133.05
2022-12-31,Australia,Paradip,Capesize,35.32,USD,MT,5453.856496108271,719.06,98369.91
2022-12-31,Australia,Paradip,Supramax,53.82,USD,MT,9780.4581218902,513.39,108625.22
2022-12-31,Indonesia,Paradip,Supramax,50.97,USD,MT,3754.216333443183,625.98,64336.84
2022-12-31,Russia,Paradip,Supramax,51.95,USD,MT,9912.171239602456,756.54,98300.09
2022-12-31,US,Paradip,Supramax,55.94,USD,MT,7765.024169017645,428.67,121239.91
2023-01-01,Australia,Paradip,Panamax,46.88,USD,MT,3246.697411602898,443.65,148944.43
2023-01-01,Australia,Paradip,Supramax,61.95,USD,MT,6362.088219319433,574.28,71885.01
2023-01-01,Indonesia,Paradip,Panamax,50.26,USD,MT,9134.16688278836,667.67,149789.96
2023-01-01,Russia,Paradip,Supramax,58.52,USD,MT,6040.000779836189,630.22,109140.02
2023-01-01,US,Paradip,Capesize,44.46,USD,MT,4379.173581587262,679.73,83269.99
2023-01-02,Australia,Paradip,Capesize,35.17,USD,MT,8699.821634667305,402.57,60354.88
2023-01-02,Australia,Paradip,Capesize,43.71,USD,MT,9465.611213344955,470.48,86213.42
2023-01-02,Australia,Paradip,Supramax,62.42,USD,MT,4846.162074637038,438.26,77329.45
2023-01-02,Indonesia,Paradip,Panamax,49.74,USD,MT,9946.314814198418,578.72,89686.67
2023-01-02,Russia,Paradip,Capesize,41.45,USD,MT,8000.024399799237,710.69,135149.97
2023-01-03,Australia,Paradip,Panamax,54.87,USD,MT,6674.5809608673935,797.9,123023.69
2023-01-03,Australia,Paradip,Panamax,49.54,USD,MT,6688.009437525336,729.46,136774.38
2023-01-03,Australia,Paradip,Panamax,47.36,USD,MT,8642.478357366555,753.49,116686.0
2023-01-03,Indonesia,Paradip,Supramax,65.79,USD,MT,3699.887619790572,579.28,54368.0
2023-01-03,Mozambique,Paradip,Supramax,63.8,USD,MT,6172.002086309314,488.04,121359.53
2023-01-04,Mozambique,Paradip,Capesize,36.74,USD,MT,8278.863590763809,709.56,110593.81
2023-01-04,Mozambique,Paradip,Supramax,60.32,USD,MT,3444.241071275083,475.42,70869.41
2023-01-04,Russia,Paradip,Capesize,42.75,USD,MT,8897.7724874623,619.29,84210.92
2023-01-04,US,Paradip,Panamax,46.98,USD,MT,5128.513410006799,440.99,123934.97
2023-01-04,US,Paradip,Supramax,66.21,USD,MT,9807.289791108178,559.69,93142.05
2023-01-05,Australia,Paradip,Panamax,50.18,USD,MT,8944.523873721271,654.5,142537.24
2023-01-05,Australia,Paradip,Supramax,60.81,USD,MT,4681.810729695588,790.2,143260.51
2023-01-05,Russia,Paradip,Capesize,42.25,USD,MT,9922.560766389586,691.13,54879.93
2023-01-05,Russia,Paradip,Panamax,50.11,USD,MT,6929.590916925649,784.06,129464.24
2023-01-05,US,Paradip,Panamax,47.73,USD,MT,4062.560922210365,576.86,136761.28
2023-01-06,Indonesia,Paradip,Capesize,38.4,USD,MT,9619.008426723114,705.63,134263.34
2023-01-06,Indonesia,Paradip,Supramax,57.91,USD,MT,3027.594720889085,505.76,73626.36
2023-01-06,Indonesia,Paradip,Supramax,59.96,USD,MT,4552.352282152738,481.05,96886.25
2023-01-06,Mozambique,Paradip,Capesize,39.09,USD,MT,5348.942004272777,576.94,78558.14
2023-01-06,Russia,Paradip,Supramax,62.5,USD,MT,6276.1839213177245,790.35,131448.87
2023-01-07,Australia,Paradip,Supramax,61.08,USD,MT,3822.4953215466335,527.03,80265.54
2023-01-07,Australia,Paradip,Supramax,58.04,USD,MT,4612.320049279903,478.43,94797.0
2023-01-07,Mozambique,Paradip,Capesize,40.23,USD,MT,4360.212407128614,730.02,147322.0
2023-01-07,Mozambique,Paradip,Capesize,40.33,USD,MT,3333.6430044514077,436.6,113129.63
2023-01-07,Russia,Paradip,Supramax,62.07,USD,MT,7238.301346388444,581.53,149712.59
2023-01-08,Australia,Paradip,Capesize,39.98,USD,MT,9469.161900536315,498.06,71894.06
2023-01-08,Indonesia,Paradip,Capesize,49.92,USD,MT,6076.479797289019,411.99,139957.68
2023-01-08,Indonesia,Paradip,Panamax,45.89,USD,MT,8524.033780197999,401.36,97292.24
2023-01-08,Mozambique,Paradip,Capesize,37.9,USD,MT,8248.222987561856,691.08,118709.96
2023-01-08,Russia,Paradip,Capesize,41.33,USD,MT,4516.24627562026,647.28,113950.48
2023-01-09,Australia,Paradip,Capesize,38.34,USD,MT,9129.937081144495,642.76,66920.4
2023-01-09,Australia,Paradip,Capesize,44.27,USD,MT,6701.136992398855,564.16,149593.18
2023-01-09,Indonesia,Paradip,Capesize,40.56,USD,MT,7504.02939859163,436.09,121338.22
2023-01-09,Indonesia,Paradip,Panamax,55.85,USD,MT,8670.699128926502,499.34,78233.41
2023-01-09,US,Paradip,Supramax,60.7,USD,MT,4289.554431081864,488.07,103653.91
2023-01-10,Australia,Paradip,Panamax,50.78,USD,MT,4135.005009549413,493.39,122691.53
2023-01-10,Indonesia,Paradip,Supramax,63.74,USD,MT,7205.088511683395,757.71,126402.78
2023-01-10,Russia,Paradip,Capesize,37.23,USD,MT,3921.4391176935674,622.22,114129.11
2023-01-10,Russia,Paradip,Panamax,49.75,USD,MT,6394.566240183201,434.75,84587.09
2023-01-10,US,Paradip,Supramax,65.96,USD,MT,9899.037183099916,421.93,117606.26
2023-01-11,Australia,Paradip,Supramax,60.62,USD,MT,8829.303742501055,784.04,57154.08
2023-01-11,Indonesia,Paradip,Capesize,43.57,USD,MT,8627.777169898462,422.09,75776.87
2023-01-11,Russia,Paradip,Panamax,52.77,USD,MT,9837.675198384928,476.07,134036.06
2023-01-11,US,Paradip,Panamax,53.82,USD,MT,4571.037990628665,766.85,96740.64
2023-01-11,US,Paradip,Panamax,48.11,USD,MT,7360.881655161388,465.94,89185.43
2023-01-12,Australia,Paradip,Capesize,45.4,USD,MT,4923.691621403188,690.88,72814.34
2023-01-12,Mozambique,Paradip,Panamax,47.13,USD,MT,6456.669316454194,639.11,97994.03
2023-01-12,Russia,Paradip,Capesize,38.46,USD,MT,6688.183936851743,795.06,72319.63
2023-01-12,US,Paradip,Panamax,53.78,USD,MT,3011.1699828244923,471.74,87422.73
2023-01-12,US,Paradip,Supramax,58.9,USD,MT,8583.16740009703,535.1,131021.31
2023-01-13,Australia,Paradip,Panamax,45.31,USD,MT,5229.556005584172,791.08,96427.66
2023-01-13,Indonesia,Paradip,Capesize,41.9,USD,MT,7299.507974007267,731.84,104784.18
2023-01-13,Mozambique,Paradip,Capesize,45.41,USD,MT,5066.639317345484,506.2,122224.14
2023-01-13,Russia,Paradip,Supramax,61.34,USD,MT,3602.89974782785,578.41,83470.79
2023-01-13,Russia,Paradip,Supramax,55.46,USD,MT,4239.788244620429,587.24,113736.75
2023-01-14,Indonesia,Paradip,Capesize,37.35,USD,MT,7154.254830781438,767.11,66596.9
2023-01-14,Indonesia,Paradip,Panamax,53.74,USD,MT,4426.030247349159,571.01,94732.44
2023-01-14,Russia,Paradip,Supramax,68.64,USD,MT,5843.409572191633,484.35,97135.18
2023-01-14,US,Paradip,Supramax,60.38,USD,MT,5567.468612643901,616.2,119747.61
2023-01-14,US,Paradip,Supramax,62.32,USD,MT,6544.462938705326,662.51,118086.73
2023-01-15,Australia,Paradip,Capesize,35.85,USD,MT,9242.615051610825,791.88,50441.1
2023-01-15,Australia,Paradip,Supramax,62.9,USD,MT,7357.795599342726,475.05,73556.2
2023-01-15,Australia,Paradip,Supramax,59.55,USD,MT,6512.648971307541,729.8,56496.4
2023-01-15,Indonesia,Paradip,Panamax,56.66,USD,MT,8443.091938181431,548.81,97679.45
2023-01-15,Mozambique,Paradip,Panamax,50.71,USD,MT,6434.350322558652,433.15,127052.32
2023-01-16,Australia,Paradip,Panamax,54.68,USD,MT,7892.49829134672,538.29,92655.78
2023-01-16,Mozambique,Paradip,Panamax,48.31,USD,MT,7559.166250593459,715.95,141489.73
2023-01-16,Russia,Paradip,Panamax,52.66,USD,MT,6667.012070455265,681.03,111298.27
2023-01-16,Russia,Paradip,Supramax,63.77,USD,MT,5765.678700663622,669.99,82553.31
2023-01-16,US,Paradip,Panamax,51.11,USD,MT,9376.21540465903,565.5,53227.28
2023-01-17,Australia,Paradip,Capesize,42.66,USD,MT,8270.086784950356,512.65,74996.79
2023-01-17,Australia,Paradip,Panamax,48.25,USD,MT,3933.997007763307,490.99,77404.77
2023-01-17,Indonesia,Paradip,Supramax,59.3,USD,MT,4042.596232460671,667.76,138672.86
2023-01-17,Mozambique,Paradip,Supramax,60.06,USD,MT,6133.388686475668,799.94,137591.89
2023-01-17,Russia,Paradip,Panamax,55.63,USD,MT,4776.560399918135,798.29,110904.89
2023-01-18,Australia,Paradip,Panamax,52.37,USD,MT,4631.626633706674,746.12,131211.19
2023-01-18,Mozambique,Paradip,Panamax,53.73,USD,MT,9955.330091104144,401.9,96763.59
2023-01-18,Mozambique,Paradip,Supramax,64.74,USD,MT,3258.9100447257583,484.65,120601.35
2023-01-18,US,Paradip,Capesize,43.73,USD,MT,7838.423041084471,435.01,70458.98
2023-01-18,US,Paradip,Panamax,58.88,USD,MT,7766.647690772434,457.12,64773.06
2023-01-19,Australia,Paradip,Panamax,55.27,USD,MT,4512.567722140918,660.73,115527.65
2023-01-19,Australia,Paradip,Supramax,65.93,USD,MT,5243.42360398268,777.2,147088.54
2023-01-19,Australia,Paradip,Supramax,64.63,USD,MT,8470.168773383315,765.54,81844.18
2023-01-19,Mozambique,Paradip,Capesize,47.35,USD,MT,8743.577867571803,466.36,117067.49
2023-01-19,Mozambique,Paradip,Capesize,40.94,USD,MT,5504.4377352689535,537.66,113576.21
2023-01-20,Australia,Paradip,Supramax,64.34,USD,MT,6636.7461495173775,742.66,99630.94
2023-01-20,Mozambique,Paradip,Capesize,42.66,USD,MT,3129.0953551177054,667.39,82181.0
2023-01-20,Mozambique,Paradip,Panamax,53.11,USD,MT,9138.968991789849,479.68,70453.9
2023-01-20,Russia,Paradip,Capesize,44.47,USD,MT,7729.494833199053,464.14,67951.45
2023-01-20,US,Paradip,Supramax,66.04,USD,MT,6958.673948010509,796.44,52892.16
2023-01-21,Indonesia,Paradip,Capesize,47.4,USD,MT,4436.611635067925,589.02,101623.4
2023-01-21,Indonesia,Paradip,Supramax,61.26,USD,MT,6333.040191003758,692.79,91267.56
2023-01-21,Mozambique,Paradip,Supramax,64.33,USD,MT,3433.950312258685,419.96,119543.94
2023-01-21,Russia,Paradip,Capesize,46.55,USD,MT,6165.235848856596,598.8,94895.09
2023-01-21,Russia,Paradip,Supramax,62.44,USD,MT,6686.483757011038,435.46,139449.72
2023-01-22,Australia,Paradip,Supramax,69.01,USD,MT,6385.04102959004,526.55,124155.87
2023-01-22,Indonesia,Paradip,Panamax,52.06,USD,MT,6447.1134862953295,438.93,53027.09
2023-01-22,Mozambique,Paradip,Capesize,44.44,USD,MT,4326.774521300774,425.06,145617.47
2023-01-22,Russia,Paradip,Capesize,41.36,USD,MT,9212.279945449,608.35,54004.33
2023-01-22,US,Paradip,Panamax,52.94,USD,MT,5815.178046318077,659.52,106037.98
2023-01-23,Indonesia,Paradip,Capesize,46.64,USD,MT,5789.484388073328,585.5,90250.33
2023-01-23,Indonesia,Paradip,Capesize,41.16,USD,MT,6627.473374210869,609.97,140647.28
2023-01-23,Mozambique,Paradip,Panamax,53.38,USD,MT,3153.975717404966,653.98,69396.32
2023-01-23,Russia,Paradip,Capesize,44.77,USD,MT,6620.576446389517,434.36,129892.01
2023-01-23,US,Paradip,Panamax,51.88,USD,MT,8599.03246057633,714.18,80177.0
2023-01-24,Indonesia,Paradip,Capesize,42.26,USD,MT,3979.855145093143,642.77,59031.76
2023-01-24,Russia,Paradip,Capesize,44.28,USD,MT,7440.2324163543235,580.95,51725.44
2023-01-24,Russia,Paradip,Supramax,64.63,USD,MT,3897.382807676011,733.82,86528.38
2023-01-24,US,Paradip,Capesize,46.28,USD,MT,9754.69829509675,528.78,139043.8
2023-01-24,US,Paradip,Panamax,52.32,USD,MT,9061.646689143534,758.92,108425.59
2023-01-25,Australia,Paradip,Capesize,44.26,USD,MT,3716.323825754452,668.71,70565.32
2023-01-25,Mozambique,Paradip,Supramax,68.19,USD,MT,3748.15588094737,609.62,118127.96
2023-01-25,Russia,Paradip,Capesize,43.15,USD,MT,6430.377719327765,459.51,69290.57
2023-01-25,Russia,Paradip,Panamax,49.46,USD,MT,8881.097110953864,474.02,89565.28
2023-01-25,Russia,Paradip,Supramax,66.48,USD,MT,6052.787131311306,739.13,62354.12
2023-01-26,Australia,Paradip,Panamax,54.05,USD,MT,7224.710036714193,775.24,121972.3
2023-01-26,Indonesia,Paradip,Capesize,42.16,USD,MT,6661.769382381731,796.29,114912.64
2023-01-26,Mozambique,Paradip,Capesize,40.13,USD,MT,6041.922132478103,413.3,74988.61
2023-01-26,Mozambique,Paradip,Capesize,46.41,USD,MT,5141.472191723838,485.67,81518.08
2023-01-26,Mozambique,Paradip,Capesize,41.61,USD,MT,5547.6566244955775,566.84,69440.74
2023-01-27,Mozambique,Paradip,Capesize,47.61,USD,MT,4934.681039916192,772.54,120229.77
2023-01-27,Mozambique,Paradip,Supramax,61.81,USD,MT,3313.328015771499,640.61,111872.78
2023-01-27,Mozambique,Paradip,Supramax,62.64,USD,MT,6845.871219014143,751.46,96255.26
2023-01-27,US,Paradip,Supramax,66.76,USD,MT,4675.707586824477,613.49,84924.22
2023-01-27,US,Paradip,Supramax,64.15,USD,MT,5710.057013519903,554.52,132482.23
2023-01-28,Indonesia,Paradip,Capesize,39.96,USD,MT,4137.951975872093,600.41,132691.75
2023-01-28,Indonesia,Paradip,Supramax,64.4,USD,MT,7087.904443886694,794.34,91779.51
2023-01-28,Mozambique,Paradip,Panamax,50.99,USD,MT,3255.274640123212,594.74,64681.85
2023-01-28,Russia,Paradip,Capesize,45.83,USD,MT,3318.3666133566776,769.83,98924.88
2023-01-28,US,Paradip,Capesize,46.02,USD,MT,5093.257739325165,698.0,62570.53
2023-01-29,Indonesia,Paradip,Supramax,65.16,USD,MT,9528.128459584834,728.89,87940.77
2023-01-29,Russia,Paradip,Capesize,43.84,USD,MT,5888.358205152814,497.25,70087.72
2023-01-29,Russia,Paradip,Panamax,52.11,USD,MT,6937.202954287915,586.7,136864.64
2023-01-29,US,Paradip,Capesize,53.55,USD,MT,4716.56815023099,744.22,107289.47
2023-01-29,US,Paradip,Supramax,63.5,USD,MT,8520.627225255357,438.27,121017.24
2023-01-30,Australia,Paradip,Capesize,42.79,USD,MT,8913.78195799112,503.1,121807.31
2023-01-30,Mozambique,Paradip,Capesize,43.13,USD,MT,4338.09607693535,475.22,124010.43
2023-01-30,US,Paradip,Capesize,46.83,USD,MT,9108.75966121198,653.58,131818.85
2023-01-30,US,Paradip,Capesize,47.06,USD,MT,3772.3889361799806,522.98,112672.03
2023-01-30,US,Paradip,Panamax,53.06,USD,MT,3717.159582181871,548.64,143165.27
2023-01-31,Australia,Paradip,Supramax,63.2,USD,MT,7894.30083869915,511.24,115586.33
2023-01-31,Indonesia,Paradip,Capesize,44.26,USD,MT,7677.464391776221,530.73,101745.42
2023-01-31,Russia,Paradip,Panamax,55.92,USD,MT,7338.27933773265,420.04,147006.13
2023-01-31,Russia,Paradip,Supramax,66.01,USD,MT,8683.990245202036,687.27,51236.39
2023-01-31,US,Paradip,Capesize,42.24,USD,MT,8315.73796870908,556.02,118073.42
2023-02-01,Indonesia,Paradip,Supramax,64.67,USD,MT,8716.427685660095,783.18,77114.56
2023-02-01,Indonesia,Paradip,Supramax,66.6,USD,MT,9499.702439548111,560.05,95466.73
2023-02-01,Mozambique,Paradip,Supramax,60.97,USD,MT,6210.23333067706,742.3,76820.62
2023-02-01,US,Paradip,Capesize,45.6,USD,MT,7047.572964513726,548.39,122441.29
2023-02-01,US,Paradip,Capesize,50.96,USD,MT,6201.736325965255,647.31,101594.86
2023-02-02,Australia,Paradip,Panamax,54.04,USD,MT,3136.460176922757,477.22,123102.91
2023-02-02,Indonesia,Paradip,Supramax,65.03,USD,MT,5540.148243787568,683.65,122104.99
2023-02-02,Mozambique,Paradip,Panamax,56.07,USD,MT,5516.301406248225,405.96,111517.63
2023-02-02,US,Paradip,Panamax,54.58,USD,MT,6500.628392399471,699.35,97771.01
2023-02-02,US,Paradip,Supramax,67.45,USD,MT,8733.728531974766,763.33,94154.73
2023-02-03,Indonesia,Paradip,Capesize,37.2,USD,MT,7611.565942350031,428.78,51667.72
2023-02-03,Indonesia,Paradip,Panamax,53.49,USD,MT,4710.74121622533,403.02,67944.36
2023-02-03,Russia,Paradip,Panamax,57.49,USD,MT,7209.939779466119,619.7,121799.93
2023-02-03,Russia,Paradip,Supramax,65.53,USD,MT,8934.210430471674,496.03,118940.6
2023-02-03,US,Paradip,Capesize,49.63,USD,MT,7439.776623052755,419.04,117702.49
2023-02-04,Australia,Paradip,Supramax,70.26,USD,MT,5249.673450885034,681.03,66463.21
2023-02-04,Indonesia,Paradip,Panamax,52.89,USD,MT,7310.257625901821,724.15,120313.34
2023-02-04,Mozambique,Paradip,Panamax,53.96,USD,MT,9902.78674212528,671.58,71455.99
2023-02-04,US,Paradip,Panamax,54.29,USD,MT,5508.289573321395,617.21,109883.91
2023-02-04,US,Paradip,Supramax,62.31,USD,MT,4794.376357417437,498.29,108621.54
2023-02-05,Australia,Paradip,Supramax,69.07,USD,MT,4862.579961926113,780.59,108230.53
2023-02-05,Indonesia,Paradip,Panamax,56.41,USD,MT,8561.24222101062,525.26,89091.88
2023-02-05,Mozambique,Paradip,Supramax,65.01,USD,MT,3489.844808674684,792.96,115558.19
2023-02-05,US,Paradip,Capesize,42.65,USD,MT,3953.901586457837,722.25,112793.02
2023-02-05,US,Paradip,Panamax,50.39,USD,MT,8427.365691333023,713.88,79361.15
2023-02-06,Australia,Paradip,Panamax,59.62,USD,MT,6783.697410340975,603.33,79479.63
2023-02-06,Indonesia,Paradip,Supramax,65.03,USD,MT,7527.568875768899,410.74,61108.92
2023-02-06,Mozambique,Paradip,Panamax,52.47,USD,MT,7364.270607816255,533.86,75252.95
2023-02-06,Mozambique,Paradip,Panamax,52.13,USD,MT,6652.729725780648,419.74,61324.43
2023-02-06,US,Paradip,Supramax,66.56,USD,MT,7916.432990087803,680.82,66706.88
2023-02-07,Australia,Paradip,Capesize,43.88,USD,MT,6170.441254802839,678.74,131579.16
2023-02-07,Indonesia,Paradip,Panamax,56.01,USD,MT,9093.51410664014,448.62,126971.77
2023-02-07,Mozambique,Paradip,Supramax,63.83,USD,MT,9228.623468143876,795.93,118411.13
2023-02-07,Russia,Paradip,Capesize,49.48,USD,MT,8991.668602849175,601.06,78657.73
2023-02-07,Russia,Paradip,Supramax,62.28,USD,MT,7130.846373859425,557.28,69246.43
2023-02-08,Australia,Paradip,Panamax,58.48,USD,MT,5393.897222260406,698.99,59793.02
2023-02-08,Australia,Paradip,Supramax,70.65,USD,MT,5310.6685288372255,785.58,94421.72
2023-02-08,Australia,Paradip,Supramax,67.43,USD,MT,6774.597456757669,633.74,107131.82
2023-02-08,Indonesia,Paradip,Capesize,45.27,USD,MT,3160.728537990124,651.05,133571.38
2023-02-08,Indonesia,Paradip,Panamax,55.27,USD,MT,7204.457496326016,460.62,64750.84
2023-02-09,Mozambique,Paradip,Supramax,67.8,USD,MT,9740.669789176483,619.9,96715.31
2023-02-09,Mozambique,Paradip,Supramax,63.44,USD,MT,3122.5054643144194,713.29,137307.96
2023-02-09,Russia,Paradip,Capesize,45.45,USD,MT,7243.92541164283,681.63,121536.62
2023-02-09,US,Paradip,Capesize,50.01,USD,MT,7773.202052605676,738.41,63852.52
2023-02-09,US,Paradip,Capesize,47.74,USD,MT,5958.62221388221,569.67,71464.69
2023-02-10,Australia,Paradip,Supramax,66.07,USD,MT,3939.794966010579,516.71,140477.41
2023-02-10,Indonesia,Paradip,Capesize,51.88,USD,MT,7837.319839750398,647.86,130365.43
2023-02-10,Indonesia,Paradip,Panamax,54.59,USD,MT,5822.708445607845,627.38,134031.51
2023-02-10,Indonesia,Paradip,Panamax,57.41,USD,MT,7247.712912991135,523.41,138327.01
2023-02-10,US,Paradip,Supramax,66.3,USD,MT,9487.182697071285,486.58,78009.01
2023-02-11,Australia,Paradip,Capesize,42.2,USD,MT,6176.716914819087,525.64,122985.14
2023-02-11,Indonesia,Paradip,Panamax,56.01,USD,MT,6280.774000552359,417.81,144055.79
2023-02-11,Indonesia,Paradip,Supramax,68.94,USD,MT,9563.377893955743,749.73,93311.25
2023-02-11,Mozambique,Paradip,Capesize,45.69,USD,MT,5926.377630268913,450.97,93212.61
2023-02-11,Russia,Paradip,Panamax,53.9,USD,MT,6760.693040797378,790.21,50157.15
2023-02-12,Australia,Paradip,Capesize,50.26,USD,MT,3570.52567844605,453.54,99747.51
2023-02-12,Australia,Paradip,Panamax,51.22,USD,MT,6783.956076188666,691.62,67568.27
2023-02-12,Australia,Paradip,Panamax,57.42,USD,MT,5251.595210807116,698.45,135681.6
2023-02-12,Mozambique,Paradip,Capesize,44.22,USD,MT,8392.02993428279,515.95,126304.84
2023-02-12,Russia,Paradip,Panamax,52.79,USD,MT,8866.443728242211,795.82,134258.79
2023-02-13,Australia,Paradip,Capesize,49.78,USD,MT,8936.635723933605,691.13,111526.94
2023-02-13,Australia,Paradip,Capesize,46.01,USD,MT,3416.576267813972,458.54,85846.07
2023-02-13,Indonesia,Paradip,Capesize,46.15,USD,MT,7723.687791601064,502.62,79852.08
2023-02-13,Indonesia,Paradip,Supramax,63.05,USD,MT,5881.601122884766,459.84,115820.5
2023-02-13,US,Paradip,Capesize,45.55,USD,MT,7392.329783493542,684.43,139012.37
2023-02-14,Australia,Paradip,Panamax,54.74,USD,MT,3494.768047998115,423.18,68811.82
2023-02-14,Indonesia,Paradip,Panamax,53.77,USD,MT,5059.657887863828,704.55,122429.62
2023-02-14,Mozambique,Paradip,Capesize,44.02,USD,MT,5921.381877283569,687.66,94232.73
2023-02-14,Russia,Paradip,Panamax,59.54,USD,MT,9426.397307858188,706.38,97477.58
2023-02-14,Russia,Paradip,Panamax,59.0,USD,MT,8567.200513860882,407.16,114702.21
2023-02-15,Australia,Paradip,Supramax,68.12,USD,MT,5254.276624793171,575.55,138748.79
2023-02-15,Indonesia,Paradip,Capesize,52.92,USD,MT,8386.646157848438,785.46,111344.61
2023-02-15,Indonesia,Paradip,Capesize,52.91,USD,MT,5909.080580933523,685.65,57198.09
2023-02-15,Russia,Paradip,Supramax,66.44,USD,MT,5762.468447875002,571.56,122941.65
2023-02-15,US,Paradip,Supramax,69.11,USD,MT,6215.8856528770175,750.57,83980.15
2023-02-16,Australia,Paradip,Supramax,69.57,USD,MT,7819.237909104971,514.77,140108.76
2023-02-16,Indonesia,Paradip,Capesize,39.88,USD,MT,8816.385791297143,610.74,149967.75
2023-02-16,Indonesia,Paradip,Capesize,48.89,USD,MT,8620.654160839193,752.53,126957.4
2023-02-16,Mozambique,Paradip,Panamax,53.3,USD,MT,3342.528306065165,732.58,149652.77
2023-02-16,US,Paradip,Supramax,67.72,USD,MT,5826.760779739515,492.83,138369.92
2023-02-17,Indonesia,Paradip,Panamax,60.78,USD,MT,3237.760920563804,685.87,77734.97
2023-02-17,Mozambique,Paradip,Supramax,65.96,USD,MT,8146.115175740269,679.66,92375.92
2023-02-17,Mozambique,Paradip,Supramax,72.03,USD,MT,5186.151550625775,612.39,98779.35
2023-02-17,US,Paradip,Supramax,65.46,USD,MT,9474.140944368855,473.58,69378.6
2023-02-17,US,Paradip,Supramax,70.21,USD,MT,8048.703522037438,486.95,71767.44
2023-02-18,Australia,Paradip,Panamax,60.65,USD,MT,6093.490632139756,759.15,137314.08
2023-02-18,Indonesia,Paradip,Capesize,46.89,USD,MT,4107.813795706345,790.47,75987.5
2023-02-18,Mozambique,Paradip,Capesize,44.36,USD,MT,7174.130428610776,474.94,61071.68
2023-02-18,Russia,Paradip,Capesize,48.29,USD,MT,4370.323253645112,661.19,65772.27
2023-02-18,US,Paradip,Supramax,65.99,USD,MT,3393.0869132312137,698.36,82199.93
2023-02-19,Indonesia,Paradip,Panamax,57.53,USD,MT,5439.232244223259,795.94,140784.26
2023-02-19,Mozambique,Paradip,Capesize,49.47,USD,MT,8964.868888431094,754.11,69671.44
2023-02-19,Mozambique,Paradip,Supramax,69.45,USD,MT,6783.315970616832,631.3,111100.32
2023-02-19,Mozambique,Paradip,Supramax,70.3,USD,MT,7463.438346179266,646.32,110851.82
2023-02-19,Mozambique,Paradip,Supramax,66.71,USD,MT,4155.445445089708,468.53,114506.32
2023-02-20,Mozambique,Paradip,Capesize,47.87,USD,MT,7869.374737189449,476.11,94388.17
2023-02-20,Russia,Paradip,Panamax,58.72,USD,MT,3332.187464051579,775.4,78746.09
2023-02-20,Russia,Paradip,Panamax,61.72,USD,MT,9299.25230746917,483.58,71626.49
2023-02-20,US,Paradip,Capesize,44.15,USD,MT,7925.960101363001,623.83,98225.89
2023-02-20,US,Paradip,Panamax,55.59,USD,MT,7584.459663542768,605.99,74462.62
2023-02-21,Indonesia,Paradip,Supramax,71.46,USD,MT,7147.389988762714,624.52,119455.78
2023-02-21,Mozambique,Paradip,Capesize,43.62,USD,MT,9828.071194339784,705.03,96565.74
2023-02-21,Mozambique,Paradip,Capesize,49.32,USD,MT,6033.31534818683,757.66,53203.95
2023-02-21,Mozambique,Paradip,Panamax,55.38,USD,MT,8595.547607767718,770.05,124039.5
2023-02-21,Russia,Paradip,Panamax,58.08,USD,MT,3097.936897580209,408.08,53821.56
2023-02-22,Australia,Paradip,Capesize,51.13,USD,MT,5856.787658913213,641.45,135728.12
2023-02-22,Indonesia,Paradip,Capesize,46.17,USD,MT,6539.182862116912,462.43,89966.3
2023-02-22,Mozambique,Paradip,Panamax,52.51,USD,MT,4061.099022650036,481.08,128983.66
2023-02-22,Russia,Paradip,Panamax,56.2,USD,MT,4146.975399219168,519.46,90872.46
2023-02-22,US,Paradip,Capesize,45.46,USD,MT,9898.852826229482,451.8,50501.12
2023-02-23,Australia,Paradip,Supramax,63.36,USD,MT,9172.49484320663,600.11,78421.57
2023-02-23,Indonesia,Paradip,Capesize,47.78,USD,MT,6987.419925852739,777.2,105921.54
2023-02-23,Indonesia,Paradip,Supramax,63.87,USD,MT,7749.969461326223,568.41,66126.81
2023-02-23,Mozambique,Paradip,Panamax,57.54,USD,MT,7045.19861726248,764.15,73331.63
2023-02-23,Russia,Paradip,Capesize,51.31,USD,MT,5917.688668873163,415.19,75565.73
2023-02-24,Australia,Paradip,Panamax,55.32,USD,MT,7719.714376183657,434.25,133692.63
2023-02-24,Australia,Paradip,Panamax,60.7,USD,MT,6496.54638866101,546.72,99088.76
2023-02-24,Indonesia,Paradip,Supramax,69.35,USD,MT,5980.359448988671,714.65,117366.98
2023-02-24,US,Paradip,Panamax,60.77,USD,MT,3308.463260299962,652.9,97123.9
2023-02-24,US,Paradip,Panamax,53.71,USD,MT,3448.199768087749,721.47,122154.09
2023-02-25,Australia,Paradip,Supramax,65.44,USD,MT,3069.3768521333805,651.76,116523.23
2023-02-25,Indonesia,Paradip,Supramax,69.33,USD,MT,5327.093312718234,794.29,58934.32
2023-02-25,Mozambique,Paradip,Capesize,48.97,USD,MT,3431.837479730276,614.43,107123.89
2023-02-25,Mozambique,Paradip,Panamax,59.38,USD,MT,7687.828370827562,510.11,113952.67
2023-02-25,US,Paradip,Capesize,50.46,USD,MT,8753.806463776793,492.04,80647.82
2023-02-26,Australia,Paradip,Panamax,58.56,USD,MT,3631.56450747596,708.4,86084.68
2023-02-26,Australia,Paradip,Supramax,68.15,USD,MT,3774.7850297539662,743.62,113156.7
2023-02-26,Mozambique,Paradip,Capesize,46.09,USD,MT,4902.989328771479,668.8,112554.68
2023-02-26,Russia,Paradip,Capesize,52.04,USD,MT,7175.989067453041,655.87,67073.62
2023-02-26,Russia,Paradip,Supramax,67.81,USD,MT,6259.25088763738,434.02,94109.18
2023-02-27,Australia,Paradip,Capesize,50.38,USD,MT,7794.57061540131,780.54,126611.08
2023-02-27,Indonesia,Paradip,Capesize,47.12,USD,MT,6608.837666499497,713.23,145695.58
2023-02-27,Indonesia,Paradip,Panamax,60.04,USD,MT,6894.424602718768,688.11,129144.68
2023-02-27,Mozambique,Paradip,Supramax,68.65,USD,MT,8341.87097642099,474.78,130803.97
2023-02-27,US,Paradip,Panamax,58.5,USD,MT,7257.62893529951,609.51,97828.22
2023-02-28,Australia,Paradip,Supramax,69.43,USD,MT,7576.19650238123,672.4,77837.34
2023-02-28,Indonesia,Paradip,Panamax,59.63,USD,MT,4591.897673058391,476.98,68001.66
2023-02-28,Indonesia,Paradip,Supramax,72.51,USD,MT,5519.953488870002,632.27,60456.69
2023-02-28,Mozambique,Paradip,Panamax,55.38,USD,MT,7451.760331854213,695.55,85569.69
2023-02-28,Russia,Paradip,Panamax,64.1,USD,MT,5687.088250544942,488.68,81655.1
2023-03-01,Australia,Paradip,Capesize,54.49,USD,MT,3679.469981988,625.99,143902.34
2023-03-01,Australia,Paradip,Supramax,66.81,USD,MT,8674.765998002356,760.23,115492.97
2023-03-01,US,Paradip,Panamax,59.11,USD,MT,6692.16562076089,796.96,118186.83
2023-03-01,US,Paradip,Panamax,58.42,USD,MT,7253.828513608858,714.7,146826.9
2023-03-01,US,Paradip,Supramax,63.34,USD,MT,8576.26492264467,798.92,97401.93
2023-03-02,Australia,Paradip,Capesize,50.34,USD,MT,7336.0064640399105,784.25,100181.18
2023-03-02,Australia,Paradip,Supramax,67.4,USD,MT,4105.678896902168,457.33,103403.1
2023-03-02,Indonesia,Paradip,Panamax,57.8,USD,MT,7941.507692450817,635.56,128982.66
2023-03-02,Mozambique,Paradip,Panamax,60.95,USD,MT,4349.6211046333365,601.74,121320.36
2023-03-02,US,Paradip,Supramax,68.95,USD,MT,7054.500589244775,562.76,70893.34
2023-03-03,Australia,Paradip,Capesize,46.11,USD,MT,4199.792924968618,694.37,112446.75
2023-03-03,Indonesia,Paradip,Panamax,60.5,USD,MT,6588.37988342024,661.74,97309.0
2023-03-03,Mozambique,Paradip,Panamax,61.66,USD,MT,6911.272865067979,773.99,99403.91
2023-03-03,US,Paradip,Capesize,51.07,USD,MT,6211.558297625376,729.97,61421.75
2023-03-03,US,Paradip,Panamax,55.86,USD,MT,5472.56165824774,676.21,60575.8
2023-03-04,Australia,Paradip,Capesize,52.44,USD,MT,7427.753786100103,683.34,144559.86
2023-03-04,Indonesia,Paradip,Panamax,53.38,USD,MT,5827.899259727914,589.22,63408.49
2023-03-04,US,Paradip,Capesize,49.42,USD,MT,8011.651837507017,506.92,117674.15
2023-03-04,US,Paradip,Capesize,47.69,USD,MT,3106.585228535284,428.15,134053.63
2023-03-04,US,Paradip,Panamax,58.04,USD,MT,8501.907928524764,567.26,136085.76
2023-03-05,Mozambique,Paradip,Capesize,51.95,USD,MT,7096.936225561538,484.26,77870.03
2023-03-05,Russia,Paradip,Capesize,47.33,USD,MT,7850.017446655447,761.06,58824.96
2023-03-05,Russia,Paradip,Supramax,66.22,USD,MT,8499.476373611811,447.35,55447.29
2023-03-05,US,Paradip,Panamax,56.91,USD,MT,5848.927784525085,593.91,63786.63
2023-03-05,US,Paradip,Supramax,73.61,USD,MT,4388.030776665875,747.45,64331.15
2023-03-06,Australia,Paradip,Panamax,57.24,USD,MT,6759.435112371493,543.12,147813.79
2023-03-06,Indonesia,Paradip,Capesize,47.66,USD,MT,6859.303550746095,711.08,99781.88
2023-03-06,Mozambique,Paradip,Capesize,44.88,USD,MT,4049.5366550222498,429.55,88590.79
2023-03-06,Russia,Paradip,Panamax,58.49,USD,MT,6175.954744764968,724.77,133685.55
2023-03-06,US,Paradip,Panamax,60.34,USD,MT,8399.05395683209,755.14,124354.91
2023-03-07,Australia,Paradip,Supramax,72.39,USD,MT,9973.317909742607,601.92,50504.72
2023-03-07,Russia,Paradip,Capesize,51.15,USD,MT,8445.676601510466,484.88,123680.38
2023-03-07,Russia,Paradip,Panamax,55.86,USD,MT,9524.5810712319,732.23,84918.38
2023-03-07,Russia,Paradip,Supramax,66.94,USD,MT,9491.762422442058,468.76,138126.25
2023-03-07,US,Paradip,Capesize,53.4,USD,MT,8811.554040170318,545.87,52305.79
2023-03-08,Australia,Paradip,Supramax,68.98,USD,MT,3215.5270289048312,750.23,99368.0
2023-03-08,Australia,Paradip,Supramax,69.99,USD,MT,7796.1175241091905,460.78,108526.25
2023-03-08,Indonesia,Paradip,Capesize,48.16,USD,MT,9116.012251899465,544.51,136520.05
2023-03-08,Indonesia,Paradip,Supramax,71.13,USD,MT,6638.325814819803,784.38,63082.61
2023-03-08,US,Paradip,Panamax,57.37,USD,MT,5116.955772296879,480.08,65766.28
2023-03-09,Mozambique,Paradip,Supramax,64.74,USD,MT,5151.35233181949,640.09,64135.88
2023-03-09,Russia,Paradip,Panamax,60.52,USD,MT,8442.474356044322,654.58,55101.99
2023-03-09,Russia,Paradip,Panamax,57.74,USD,MT,7845.485012968663,433.52,132896.9
2023-03-09,US,Paradip,Capesize,46.41,USD,MT,8310.483415634919,661.87,65289.52
2023-03-09,US,Paradip,Panamax,55.96,USD,MT,3635.3407579780014,676.23,60347.64
2023-03-10,Australia,Paradip,Capesize,49.94,USD,MT,6086.011429734655,575.05,85201.36
2023-03-10,Mozambique,Paradip,Supramax,65.62,USD,MT,6589.294605795318,639.9,129204.39
2023-03-10,Russia,Paradip,Panamax,58.07,USD,MT,8869.544459151655,722.69,144823.47
2023-03-10,Russia,Paradip,Supramax,66.84,USD,MT,6707.063993914903,519.16,125035.62
2023-03-10,Russia,Paradip,Supramax,70.88,USD,MT,4620.9771746353845,745.75,139625.6
2023-03-11,Australia,Paradip,Panamax,55.18,USD,MT,7527.752898350184,709.13,107206.55
2023-03-11,Russia,Paradip,Capesize,49.58,USD,MT,9028.657307657331,689.26,140512.69
2023-03-11,Russia,Paradip,Panamax,62.39,USD,MT,8062.1787011739425,729.66,75887.11
2023-03-11,US,Paradip,Capesize,48.5,USD,MT,8937.576161431803,473.99,114938.13
2023-03-11,US,Paradip,Panamax,61.49,USD,MT,5534.071870478749,483.13,133626.68
2023-03-12,Australia,Paradip,Supramax,72.21,USD,MT,9629.769204638613,665.67,139495.72
2023-03-12,Mozambique,Paradip,Panamax,53.95,USD,MT,6623.873300896608,531.93,117441.77
2023-03-12,Russia,Paradip,Panamax,60.9,USD,MT,3772.953022154149,531.83,67678.41
2023-03-12,Russia,Paradip,Supramax,67.45,USD,MT,8237.984336594116,547.13,115477.56
2023-03-12,US,Paradip,Panamax,55.84,USD,MT,6481.206402256283,756.86,103722.4
2023-03-13,Australia,Paradip,Supramax,71.44,USD,MT,9091.894796987845,796.4,93339.67
2023-03-13,Australia,Paradip,Supramax,67.18,USD,MT,6991.327239487862,589.61,93766.52
2023-03-13,Indonesia,Paradip,Capesize,51.33,USD,MT,7606.0726294020415,400.9,112958.45
2023-03-13,Russia,Paradip,Panamax,55.47,USD,MT,9065.860482253283,780.79,93552.9
2023-03-13,US,Paradip,Panamax,57.66,USD,MT,8410.908404689322,594.76,67783.07
2023-03-14,Australia,Paradip,Capesize,48.1,USD,MT,7868.643274432336,774.6,64708.51
2023-03-14,Russia,Paradip,Capesize,57.48,USD,MT,8495.946069861133,670.01,76133.56
2023-03-14,Russia,Paradip,Supramax,68.54,USD,MT,3473.7552524348675,690.23,61701.68
2023-03-14,Russia,Paradip,Supramax,69.37,USD,MT,4454.087382908911,664.37,63694.15
2023-03-14,US,Paradip,Capesize,47.12,USD,MT,6611.522803482263,413.05,54635.74
2023-03-15,Australia,Paradip,Capesize,52.19,USD,MT,6807.217229949197,655.81,75577.2
2023-03-15,Indonesia,Paradip,Capesize,45.8,USD,MT,8637.006720678473,703.69,93340.89
2023-03-15,Indonesia,Paradip,Capesize,45.18,USD,MT,7107.495719253052,697.65,148121.47
2023-03-15,Indonesia,Paradip,Supramax,67.89,USD,MT,5911.439509893116,533.32,123270.2
2023-03-15,US,Paradip,Supramax,69.02,USD,MT,8930.757191117069,587.58,118426.62
2023-03-16,Australia,Paradip,Capesize,49.81,USD,MT,7134.222257393512,760.62,113953.15
2023-03-16,Australia,Paradip,Capesize,47.69,USD,MT,6431.578732555981,781.7,65864.21
2023-03-16,Australia,Paradip,Supramax,74.41,USD,MT,9636.74146837207,525.57,68617.38
2023-03-16,US,Paradip,Supramax,72.26,USD,MT,3320.426962045946,502.28,87020.5
2023-03-16,US,Paradip,Supramax,71.61,USD,MT,3250.9068492556594,612.96,106477.78
2023-03-17,Mozambique,Paradip,Panamax,58.66,USD,MT,9213.505708803916,506.08,130474.38
2023-03-17,Mozambique,Paradip,Supramax,69.16,USD,MT,4057.1812459151633,799.32,139455.4
2023-03-17,Russia,Paradip,Panamax,60.36,USD,MT,5272.2828973346695,605.7,59291.1
2023-03-17,Russia,Paradip,Panamax,57.68,USD,MT,5112.300922224672,627.57,78337.9
2023-03-17,US,Paradip,Panamax,57.05,USD,MT,4063.787804637896,687.54,65641.07
2023-03-18,Indonesia,Paradip,Panamax,58.85,USD,MT,8601.840959740774,438.98,92227.04
2023-03-18,Russia,Paradip,Capesize,53.05,USD,MT,8056.023031521353,478.54,109146.87
2023-03-18,US,Paradip,Capesize,47.3,USD,MT,8693.400143343879,728.74,128178.84
2023-03-18,US,Paradip,Panamax,54.69,USD,MT,3094.229174629373,513.36,68246.03
2023-03-18,US,Paradip,Panamax,57.81,USD,MT,8866.999981222005,558.38,113519.59
2023-03-19,Indonesia,Paradip,Capesize,48.2,USD,MT,3192.190876629115,671.43,145423.65
2023-03-19,Indonesia,Paradip,Capesize,56.04,USD,MT,8771.332797198022,566.18,96250.28
2023-03-19,Indonesia,Paradip,Panamax,57.91,USD,MT,3500.806276635002,648.26,95948.13
2023-03-19,Mozambique,Paradip,Panamax,62.57,USD,MT,3613.224905848008,520.2,53556.33
2023-03-19,Russia,Paradip,Panamax,58.25,USD,MT,6158.324507069492,642.92,70411.7
2023-03-20,Indonesia,Paradip,Capesize,48.41,USD,MT,8668.273122431972,418.42,90616.91
2023-03-20,Mozambique,Paradip,Capesize,52.2,USD,MT,4510.826854336527,402.67,72021.88
2023-03-20,Mozambique,Paradip,Capesize,49.52,USD,MT,9630.155182292016,780.59,84549.27
2023-03-20,Mozambique,Paradip,Supramax,70.16,USD,MT,7156.182807184122,508.2,124116.39
2023-03-20,US,Paradip,Capesize,52.32,USD,MT,7146.010207407089,587.08,101986.17
2023-03-21,Indonesia,Paradip,Panamax,58.57,USD,MT,8121.798293300732,673.1,60111.75
2023-03-21,Indonesia,Paradip,Supramax,71.5,USD,MT,7903.696816666785,512.6,50208.72
2023-03-21,Mozambique,Paradip,Capesize,52.59,USD,MT,5636.467370716156,463.45,51477.75
2023-03-21,Russia,Paradip,Capesize,55.68,USD,MT,5968.069320010564,752.86,79973.79
2023-03-21,Russia,Paradip,Capesize,46.92,USD,MT,6996.167184909895,685.64,94347.18
2023-03-22,Australia,Paradip,Panamax,61.83,USD,MT,3970.297712451498,722.04,122845.91
2023-03-22,Indonesia,Paradip,Panamax,56.64,USD,MT,8399.268986366646,669.17,117590.69
2023-03-22,US,Paradip,Capesize,50.64,USD,MT,7635.86728264998,627.2,71702.63
2023-03-22,US,Paradip,Capesize,42.46,USD,MT,6824.40361559866,661.56,70303.42
2023-03-22,US,Paradip,Panamax,56.08,USD,MT,9453.58191881728,589.85,133391.73
2023-03-23,Australia,Paradip,Supramax,75.19,USD,MT,8669.82787659757,495.26,112541.49
2023-03-23,Indonesia,Paradip,Supramax,71.24,USD,MT,9189.584483896087,679.79,90006.34
2023-03-23,Mozambique,Paradip,Panamax,59.09,USD,MT,7135.3869689735775,628.06,146822.78
2023-03-23,Russia,Paradip,Panamax,60.89,USD,MT,6731.011440575936,789.82,125590.11
2023-03-23,US,Paradip,Panamax,60.1,USD,MT,3960.17740049458,555.94,123543.58
2023-03-24,Australia,Paradip,Capesize,52.28,USD,MT,9859.843440976838,669.02,118600.5
2023-03-24,Indonesia,Paradip,Supramax,65.66,USD,MT,3414.830054043735,692.94,139913.88
2023-03-24,Mozambique,Paradip,Capesize,53.07,USD,MT,7949.989355657737,578.53,120376.44
2023-03-24,Mozambique,Paradip,Supramax,70.8,USD,MT,8897.81303165199,764.22,85069.87
2023-03-24,US,Paradip,Supramax,63.96,USD,MT,9307.930785837474,592.99,103280.63
2023-03-25,Australia,Paradip,Supramax,71.97,USD,MT,3458.616362489145,796.57,80975.15
2023-03-25,Mozambique,Paradip,Panamax,62.85,USD,MT,7341.51644079288,679.21,119838.32
2023-03-25,Mozambique,Paradip,Supramax,69.45,USD,MT,3432.564707072999,517.01,58980.25
2023-03-25,US,Paradip,Capesize,52.57,USD,MT,8499.65181285447,661.93,60587.83
2023-03-25,US,Paradip,Panamax,61.65,USD,MT,5317.569062658005,679.91,145661.95
2023-03-26,Indonesia,Paradip,Capesize,56.69,USD,MT,9202.61493667309,658.96,98927.13
2023-03-26,Indonesia,Paradip,Panamax,62.41,USD,MT,7280.480275055462,750.05,95491.23
2023-03-26,Indonesia,Paradip,Supramax,67.63,USD,MT,8165.331535464947,714.05,99724.42
2023-03-26,Mozambique,Paradip,Supramax,70.5,USD,MT,4541.11784922771,577.42,69194.69
2023-03-26,Russia,Paradip,Panamax,59.95,USD,MT,5508.273299197781,484.31,63766.23
2023-03-27,Australia,Paradip,Panamax,60.32,USD,MT,9973.296225547942,729.13,54284.34
2023-03-27,Russia,Paradip,Capesize,49.53,USD,MT,7910.048712387849,565.02,137700.73
2023-03-27,Russia,Paradip,Capesize,50.81,USD,MT,7002.859459300826,435.07,58666.03
2023-03-27,US,Paradip,Panamax,63.97,USD,MT,9947.599822890204,402.54,147873.87
2023-03-27,US,Paradip,Supramax,74.76,USD,MT,5083.772271343086,519.59,79007.98
2023-03-28,Australia,Paradip,Capesize,54.55,USD,MT,5919.612788251963,533.75,81244.39
2023-03-28,Indonesia,Paradip,Panamax,58.86,USD,MT,8485.302261087552,554.27,127347.72
2023-03-28,Mozambique,Paradip,Panamax,54.24,USD,MT,8242.14322274923,505.01,76933.02
2023-03-28,Mozambique,Paradip,Supramax,68.41,USD,MT,9676.44739132516,485.76,65428.86
2023-03-28,Russia,Paradip,Panamax,63.57,USD,MT,4149.494482954766,655.95,146158.56
2023-03-29,Australia,Paradip,Capesize,54.75,USD,MT,9527.941014077986,537.42,58046.52
2023-03-29,Australia,Paradip,Panamax,61.93,USD,MT,7086.486812437826,609.81,52571.14
2023-03-29,Russia,Paradip,Panamax,61.4,USD,MT,6533.140307793279,603.25,55575.25
2023-03-29,Russia,Paradip,Supramax,75.6,USD,MT,9553.860908488508,428.39,103221.58
2023-03-29,US,Paradip,Supramax,69.51,USD,MT,9739.38331323343,614.64,129917.94
2023-03-30,Indonesia,Paradip,Supramax,73.74,USD,MT,4801.023536916688,518.31,63387.42
2023-03-30,Mozambique,Paradip,Capesize,52.58,USD,MT,5115.608823690385,562.93,60171.86
2023-03-30,Mozambique,Paradip,Panamax,63.27,USD,MT,4722.149791561898,739.49,95011.53
2023-03-30,Mozambique,Paradip,Supramax,69.56,USD,MT,4447.199261506844,764.86,119694.47
2023-03-30,US,Paradip,Capesize,49.45,USD,MT,7034.225183464556,751.22,133364.18
2023-03-31,Australia,Paradip,Panamax,55.55,USD,MT,3219.772722257472,574.67,100694.18
2023-03-31,Australia,Paradip,Supramax,71.74,USD,MT,7196.694971994134,455.84,112604.18
2023-03-31,Russia,Paradip,Capesize,55.46,USD,MT,6633.000504278856,578.11,124362.3
2023-03-31,Russia,Paradip,Panamax,59.68,USD,MT,9519.628712127393,532.4,149742.61
2023-03-31,Russia,Paradip,Panamax,64.07,USD,MT,4459.381920756448,644.75,64718.36
2023-04-01,Russia,Paradip,Panamax,61.52,USD,MT,7454.612281079342,417.02,108149.7
2023-04-01,Russia,Paradip,Supramax,76.28,USD,MT,3154.3650762700145,650.65,104450.21
2023-04-01,US,Paradip,Capesize,49.33,USD,MT,7815.687063541466,513.21,67001.67
2023-04-01,US,Paradip,Capesize,49.96,USD,MT,6054.326036881592,447.31,84852.31
2023-04-01,US,Paradip,Panamax,54.1,USD,MT,7644.000924015088,459.54,125387.28
2023-04-02,Australia,Paradip,Capesize,50.94,USD,MT,8251.769619475846,642.4,129425.88
2023-04-02,Australia,Paradip,Supramax,72.35,USD,MT,9421.048757996725,412.18,119509.98
2023-04-02,Mozambique,Paradip,Capesize,51.61,USD,MT,7980.907901314441,788.93,82031.46
2023-04-02,US,Paradip,Panamax,56.34,USD,MT,3176.2012865061097,720.82,97057.98
2023-04-02,US,Paradip,Supramax,70.06,USD,MT,4372.185846848975,455.82,83513.9
2023-04-03,Mozambique,Paradip,Panamax,61.96,USD,MT,7364.599030939525,589.98,117617.03
2023-04-03,Mozambique,Paradip,Panamax,52.62,USD,MT,7464.495025976028,764.91,85113.85
2023-04-03,Russia,Paradip,Panamax,56.49,USD,MT,3807.892406690293,598.71,98712.43
2023-04-03,Russia,Paradip,Supramax,71.0,USD,MT,6022.913284686752,561.73,84388.43
2023-04-03,US,Paradip,Capesize,48.66,USD,MT,7194.2967492505095,639.75,119020.71
2023-04-04,Mozambique,Paradip,Panamax,61.26,USD,MT,4869.399237978221,739.17,94621.2
2023-04-04,Russia,Paradip,Panamax,60.56,USD,MT,6094.985171069318,418.88,96952.43
2023-04-04,Russia,Paradip,Supramax,71.59,USD,MT,4629.879284374965,721.05,95440.09
2023-04-04,Russia,Paradip,Supramax,72.67,USD,MT,8767.530016848019,540.13,114675.87
2023-04-04,US,Paradip,Capesize,46.52,USD,MT,7237.003830724248,413.35,80109.21
2023-04-05,Australia,Paradip,Capesize,51.6,USD,MT,7455.904605297606,439.97,132474.04
2023-04-05,Australia,Paradip,Capesize,52.24,USD,MT,7495.6294038996675,749.05,55599.35
2023-04-05,Australia,Paradip,Supramax,70.66,USD,MT,7939.717964942446,587.42,135386.47
2023-04-05,Indonesia,Paradip,Panamax,57.78,USD,MT,9865.472282756748,627.29,54004.61
2023-04-05,Mozambique,Paradip,Capesize,55.7,USD,MT,3868.707321805477,770.34,129406.56
2023-04-06,Indonesia,Paradip,Supramax,67.16,USD,MT,5612.495870165038,707.17,108962.82
2023-04-06,Indonesia,Paradip,Supramax,72.71,USD,MT,9296.619647946647,434.66,68725.11
2023-04-06,Indonesia,Paradip,Supramax,71.27,USD,MT,4124.386734732496,431.94,90858.94
2023-04-06,Mozambique,Paradip,Capesize,45.6,USD,MT,7674.419484686526,537.66,132230.08
2023-04-06,US,Paradip,Capesize,44.81,USD,MT,6587.358340629442,542.65,140314.37
2023-04-07,Indonesia,Paradip,Supramax,67.79,USD,MT,7626.042560540203,620.89,81039.52
2023-04-07,Russia,Paradip,Panamax,60.49,USD,MT,8837.930582173609,684.48,104181.28
2023-04-07,Russia,Paradip,Supramax,70.68,USD,MT,6166.757677826425,592.88,87286.53
2023-04-07,US,Paradip,Panamax,63.58,USD,MT,8313.3255352468,429.11,131620.31
2023-04-07,US,Paradip,Supramax,68.62,USD,MT,3506.70269083987,495.4,120172.13
2023-04-08,Indonesia,Paradip,Panamax,62.66,USD,MT,9970.55696678364,519.25,104796.25
2023-04-08,Mozambique,Paradip,Capesize,48.91,USD,MT,9665.574094623084,448.45,93090.57
2023-04-08,Russia,Paradip,Capesize,47.21,USD,MT,6621.01542911626,666.66,114936.29
2023-04-08,Russia,Paradip,Panamax,65.3,USD,MT,5462.146273906537,614.36,83092.19
2023-04-08,US,Paradip,Capesize,41.91,USD,MT,5567.856947147282,770.36,120885.11
2023-04-09,Australia,Paradip,Capesize,47.51,USD,MT,4776.920226124862,515.69,50502.4
2023-04-09,Australia,Paradip,Supramax,70.2,USD,MT,7692.803057320374,691.38,101398.34
2023-04-09,Indonesia,Paradip,Panamax,57.55,USD,MT,3940.5409454935775,560.53,78718.62
2023-04-09,Mozambique,Paradip,Panamax,57.86,USD,MT,9561.20783697834,526.16,59258.26
2023-04-09,Russia,Paradip,Supramax,70.66,USD,MT,9998.87666827901,402.37,58393.89
2023-04-10,Australia,Paradip,Supramax,65.12,USD,MT,3269.5381232593795,446.65,133691.0
2023-04-10,Indonesia,Paradip,Supramax,67.93,USD,MT,7284.632131547688,413.85,134871.34
2023-04-10,Mozambique,Paradip,Supramax,66.2,USD,MT,3205.944675621332,690.91,137990.09
2023-04-10,Russia,Paradip,Capesize,51.26,USD,MT,7664.994369025711,725.83,63925.94
2023-04-10,Russia,Paradip,Panamax,60.22,USD,MT,6875.696654939722,570.98,109283.98
2023-04-11,Australia,Paradip,Capesize,50.91,USD,MT,4018.8398456050822,631.0,71660.33
2023-04-11,Mozambique,Paradip,Panamax,60.19,USD,MT,6582.070024965651,425.82,50561.62
2023-04-11,Russia,Paradip,Capesize,47.14,USD,MT,6209.572098586848,417.13,116399.83
2023-04-11,Russia,Paradip,Supramax,71.56,USD,MT,3314.0732098603703,717.14,147214.59
2023-04-11,US,Paradip,Capesize,47.77,USD,MT,8089.79324020135,496.9,140412.46
2023-04-12,Australia,Paradip,Panamax,58.71,USD,MT,8651.964409067255,458.82,131084.16
2023-04-12,Indonesia,Paradip,Panamax,53.54,USD,MT,5451.025869488218,433.51,77304.08
2023-04-12,Mozambique,Paradip,Panamax,56.91,USD,MT,6233.817637220156,470.81,72199.38
2023-04-12,Russia,Paradip,Supramax,72.83,USD,MT,9256.88656525832,666.82,82724.84
2023-04-12,US,Paradip,Panamax,55.72,USD,MT,4924.133685578331,793.0,104721.51
2023-04-13,Indonesia,Paradip,Supramax,70.94,USD,MT,5274.201431249163,490.64,66463.83
2023-04-13,Mozambique,Paradip,Panamax,55.5,USD,MT,9056.138332822946,448.04,76066.66
2023-04-13,Russia,Paradip,Capesize,54.6,USD,MT,5048.302501765716,501.81,87191.77
2023-04-13,Russia,Paradip,Capesize,44.32,USD,MT,5446.651766600646,617.13,57912.7
2023-04-13,US,Paradip,Capesize,53.61,USD,MT,4708.608994729727,496.94,145267.83
2023-04-14,Indonesia,Paradip,Panamax,56.61,USD,MT,5907.653209389204,627.63,80501.93
2023-04-14,Indonesia,Paradip,Supramax,66.38,USD,MT,4516.882202599127,531.22,77506.74
2023-04-14,Mozambique,Paradip,Panamax,61.12,USD,MT,8194.264293749045,561.69,136513.06
2023-04-14,Russia,Paradip,Capesize,48.74,USD,MT,7927.248726229,469.58,75097.33
2023-04-14,Russia,Paradip,Panamax,62.93,USD,MT,3685.58859850452,740.3,105318.58
2023-04-15,Australia,Paradip,Panamax,60.59,USD,MT,4689.476254171175,555.83,113780.07
2023-04-15,Indonesia,Paradip,Panamax,61.53,USD,MT,4442.896495966847,620.38,142074.81
2023-04-15,Indonesia,Paradip,Supramax,70.79,USD,MT,7785.033335953089,563.64,54155.4
2023-04-15,Indonesia,Paradip,Supramax,73.2,USD,MT,7924.709850594083,421.4,121149.8
2023-04-15,Russia,Paradip,Capesize,50.94,USD,MT,9989.410996268249,794.44,148058.32
2023-04-16,Australia,Paradip,Capesize,52.57,USD,MT,9127.3874565693,637.94,80295.11
2023-04-16,Australia,Paradip,Panamax,64.17,USD,MT,8531.381131847662,640.23,122821.07
2023-04-16,Mozambique,Paradip,Panamax,61.71,USD,MT,5333.262812030813,594.42,85713.31
2023-04-16,Russia,Paradip,Capesize,47.06,USD,MT,9771.027174658126,695.84,120684.07
2023-04-16,US,Paradip,Capesize,56.9,USD,MT,6516.246237306783,532.73,76876.92
2023-04-17,Indonesia,Paradip,Capesize,41.57,USD,MT,9072.337603880706,524.41,94544.52
2023-04-17,Indonesia,Paradip,Panamax,62.46,USD,MT,8430.812095605696,450.87,55580.4
2023-04-17,Indonesia,Paradip,Supramax,68.2,USD,MT,9988.41953901315,512.28,88961.44
2023-04-17,Russia,Paradip,Capesize,45.72,USD,MT,7665.637054726153,407.2,53773.63
2023-04-17,US,Paradip,Supramax,70.48,USD,MT,4254.338247174992,668.19,71368.03
2023-04-18,Australia,Paradip,Capesize,55.61,USD,MT,9000.348484224822,577.09,112237.99
2023-04-18,Australia,Paradip,Supramax,69.98,USD,MT,3548.7969683556844,520.82,133310.92
2023-04-18,Russia,Paradip,Supramax,71.73,USD,MT,5071.123641444929,539.99,50251.12
2023-04-18,Russia,Paradip,Supramax,71.08,USD,MT,3706.034719558752,783.59,85538.35
2023-04-18,US,Paradip,Capesize,47.59,USD,MT,5224.2091133072245,795.99,136298.85
2023-04-19,Australia,Paradip,Capesize,45.21,USD,MT,3814.7038157767306,661.04,121742.06
2023-04-19,Australia,Paradip,Capesize,51.31,USD,MT,5458.241394246722,452.1,83296.23
2023-04-19,Australia,Paradip,Panamax,58.39,USD,MT,7088.324790272456,483.06,114984.87
2023-04-19,Russia,Paradip,Supramax,63.29,USD,MT,7118.1555637722495,436.93,73104.89
2023-04-19,US,Paradip,Supramax,71.43,USD,MT,8980.158560880363,544.84,107618.77
2023-04-20,Indonesia,Paradip,Capesize,49.27,USD,MT,8691.631688004567,739.45,91687.94
2023-04-20,Mozambique,Paradip,Supramax,66.26,USD,MT,5532.561945647854,483.22,90300.76
2023-04-20,Russia,Paradip,Panamax,63.09,USD,MT,7986.543463675009,587.8,125672.67
2023-04-20,US,Paradip,Panamax,62.89,USD,MT,8300.688907591659,578.95,141281.15
2023-04-20,US,Paradip,Panamax,60.62,USD,MT,9496.370070469868,619.36,67442.52
2023-04-21,Indonesia,Paradip,Capesize,54.84,USD,MT,4960.246645853408,458.53,68385.91
2023-04-21,Russia,Paradip,Panamax,56.85,USD,MT,9679.636146153623,513.32,103873.36
2023-04-21,US,Paradip,Capesize,53.38,USD,MT,6635.231903536813,421.34,89949.8
2023-04-21,US,Paradip,Panamax,59.8,USD,MT,3311.038043057862,649.45,54148.82
2023-04-21,US,Paradip,Supramax,71.48,USD,MT,5396.637818653042,503.84,115803.3
2023-04-22,Australia,Paradip,Panamax,57.72,USD,MT,4056.7656160753313,562.99,99451.88
2023-04-22,Mozambique,Paradip,Supramax,68.24,USD,MT,6518.76865294037,691.43,88393.41
2023-04-22,US,Paradip,Capesize,50.87,USD,MT,8257.094384317585,456.93,70146.12
2023-04-22,US,Paradip,Panamax,53.9,USD,MT,6100.546719611427,467.05,139728.75
2023-04-22,US,Paradip,Supramax,68.01,USD,MT,7576.157053504152,794.8,119378.15
2023-04-23,Australia,Paradip,Supramax,68.13,USD,MT,6945.466018400067,672.61,132789.59
2023-04-23,Indonesia,Paradip,Panamax,56.58,USD,MT,7681.650719547202,467.47,59451.16
2023-04-23,Russia,Paradip,Capesize,52.52,USD,MT,5444.63620325362,494.16,91667.06
2023-04-23,Russia,Paradip,Capesize,47.98,USD,MT,6226.021172164259,712.36,142224.17
2023-04-23,US,Paradip,Supramax,61.96,USD,MT,3556.5369412654613,569.78,54806.15
2023-04-24,Australia,Paradip,Panamax,61.2,USD,MT,4263.548674113875,667.9,127458.48
2023-04-24,Indonesia,Paradip,Capesize,49.95,USD,MT,8726.194655416099,487.85,113365.71
2023-04-24,Russia,Paradip,Capesize,48.96,USD,MT,9716.38896880281,788.87,111171.0
2023-04-24,US,Paradip,Capesize,44.83,USD,MT,9540.8038630573,782.67,72870.31
2023-04-24,US,Paradip,Panamax,54.65,USD,MT,4797.813488689924,717.93,51727.33
2023-04-25,Australia,Paradip,Capesize,49.54,USD,MT,6200.256399494165,627.33,108445.11
2023-04-25,Indonesia,Paradip,Supramax,65.73,USD,MT,6554.591312287595,702.59,120650.53
2023-04-25,Mozambique,Paradip,Supramax,66.95,USD,MT,4799.091150052766,675.27,128562.4
2023-04-25,Mozambique,Paradip,Supramax,71.63,USD,MT,5002.737454674182,626.6,131616.54
2023-04-25,Russia,Paradip,Capesize,46.56,USD,MT,7151.603533806013,781.42,78945.25
2023-04-26,Australia,Paradip,Capesize,45.45,USD,MT,9623.958567913744,486.72,68255.73
2023-04-26,Australia,Paradip,Supramax,71.1,USD,MT,4375.633333117062,733.94,71527.98
2023-04-26,Mozambique,Paradip,Capesize,47.03,USD,MT,3924.976682001292,482.89,103473.11
2023-04-26,Mozambique,Paradip,Panamax,59.38,USD,MT,6781.119050182539,593.11,118837.18
2023-04-26,US,Paradip,Supramax,71.71,USD,MT,6142.726011888557,535.9,107351.67
2023-04-27,Australia,Paradip,Panamax,60.96,USD,MT,4541.076996476064,730.29,128353.41
2023-04-27,Australia,Paradip,Panamax,58.09,USD,MT,8940.158001198035,795.22,60452.1
2023-04-27,Australia,Paradip,Panamax,60.26,USD,MT,6371.597911564771,429.86,66091.56
2023-04-27,Russia,Paradip,Capesize,49.41,USD,MT,5867.176798574094,686.41,72225.99
2023-04-27,US,Paradip,Panamax,58.09,USD,MT,9446.833806192695,517.56,74943.73
2023-04-28,Australia,Paradip,Capesize,49.48,USD,MT,7563.5986241938435,555.82,50911.9
2023-04-28,Australia,Paradip,Supramax,68.87,USD,MT,9431.348907659729,517.34,64092.44
2023-04-28,Indonesia,Paradip,Panamax,60.82,USD,MT,6280.357727223207,512.66,117668.99
2023-04-28,Indonesia,Paradip,Panamax,59.69,USD,MT,8998.045743304858,704.92,81785.48
2023-04-28,US,Paradip,Capesize,45.34,USD,MT,9542.384405629877,640.83,89925.93
2023-04-29,Australia,Paradip,Supramax,64.48,USD,MT,7106.206804917541,702.06,54647.2
2023-04-29,Indonesia,Paradip,Panamax,62.52,USD,MT,4611.022548232321,521.85,102583.89
2023-04-29,Indonesia,Paradip,Supramax,72.27,USD,MT,3325.271451676645,772.54,73593.27
2023-04-29,Mozambique,Paradip,Panamax,61.7,USD,MT,4043.3136351586336,753.58,136629.29
2023-04-29,US,Paradip,Panamax,58.39,USD,MT,9611.10504134155,636.67,141964.97
2023-04-30,Australia,Paradip,Panamax,55.21,USD,MT,9075.327712944752,693.99,107966.7
2023-04-30,Australia,Paradip,Supramax,70.61,USD,MT,4147.517215142463,528.14,73447.25
2023-04-30,Russia,Paradip,Panamax,60.45,USD,MT,9785.386044518344,745.63,62919.33
2023-04-30,US,Paradip,Panamax,55.74,USD,MT,8308.476173571758,473.96,117645.62
2023-04-30,US,Paradip,Panamax,57.38,USD,MT,6304.4041557420605,483.85,117155.74
2023-05-01,Australia,Paradip,Panamax,57.63,USD,MT,4812.750101066363,478.51,87690.4
2023-05-01,Russia,Paradip,Supramax,66.0,USD,MT,3457.5965590871515,465.92,89487.89
2023-05-01,US,Paradip,Capesize,48.33,USD,MT,8738.639952962854,415.04,141405.68
2023-05-01,US,Paradip,Capesize,48.98,USD,MT,4448.142344711385,558.72,100745.72
2023-05-01,US,Paradip,Panamax,57.96,USD,MT,5041.531725558523,775.96,52333.53
2023-05-02,Indonesia,Paradip,Panamax,59.66,USD,MT,7709.980454935856,468.19,108299.68
2023-05-02,Indonesia,Paradip,Panamax,60.86,USD,MT,4710.769603438852,761.79,118115.16
2023-05-02,Indonesia,Paradip,Supramax,69.42,USD,MT,9355.06268850763,521.12,116944.67
2023-05-02,US,Paradip,Capesize,44.06,USD,MT,3812.563908879435,636.06,66940.12
2023-05-02,US,Paradip,Capesize,52.59,USD,MT,7319.268004150365,778.2,79519.63
2023-05-03,Australia,Paradip,Supramax,66.57,USD,MT,7756.5362389136335,792.83,79308.56
2023-05-03,Australia,Paradip,Supramax,65.89,USD,MT,7350.474124167464,764.93,57042.43
2023-05-03,Australia,Paradip,Supramax,67.97,USD,MT,7910.200664630949,672.88,116818.7
2023-05-03,Indonesia,Paradip,Capesize,51.79,USD,MT,9200.185151900529,490.34,85345.08
2023-05-03,Mozambique,Paradip,Supramax,69.62,USD,MT,5591.581765371243,498.18,123908.04
2023-05-04,Indonesia,Paradip,Capesize,47.84,USD,MT,8341.284030846324,526.06,94891.38
2023-05-04,Indonesia,Paradip,Supramax,67.04,USD,MT,4666.946987208413,533.35,102180.18
2023-05-04,Mozambique,Paradip,Panamax,58.09,USD,MT,4085.8524093177807,728.72,130393.75
2023-05-04,Russia,Paradip,Supramax,66.39,USD,MT,7530.762307015084,407.16,130132.88
2023-05-04,US,Paradip,Panamax,61.94,USD,MT,8326.003265324984,651.59,114815.4
2023-05-05,Australia,Paradip,Supramax,66.73,USD,MT,7986.05813749764,430.35,140477.45
2023-05-05,Indonesia,Paradip,Panamax,60.44,USD,MT,7006.696192040763,652.36,54257.89
2023-05-05,Mozambique,Paradip,Supramax,63.08,USD,MT,3848.696660738117,676.71,82498.96
2023-05-05,Russia,Paradip,Panamax,58.01,USD,MT,6031.9102060853165,678.74,68601.44
2023-05-05,US,Paradip,Supramax,66.5,USD,MT,3987.701560983265,616.74,69540.52
2023-05-06,Indonesia,Paradip,Capesize,44.8,USD,MT,3339.542518718789,435.4,86042.59
2023-05-06,Indonesia,Paradip,Supramax,65.5,USD,MT,3455.954031895525,420.63,64103.67
2023-05-06,Russia,Paradip,Capesize,46.43,USD,MT,4150.074182598901,794.73,101687.2
2023-05-06,Russia,Paradip,Panamax,55.34,USD,MT,5468.805428253148,743.93,76374.6
2023-05-06,US,Paradip,Panamax,62.46,USD,MT,3377.078292488297,740.65,100505.03
2023-05-07,Australia,Paradip,Supramax,70.65,USD,MT,3140.7506493745755,705.02,119503.49
2023-05-07,Indonesia,Paradip,Panamax,55.54,USD,MT,5569.946930553202,628.71,101131.58
2023-05-07,Indonesia,Paradip,Panamax,56.82,USD,MT,4367.977952614294,535.65,147374.76
2023-05-07,Indonesia,Paradip,Supramax,67.59,USD,MT,8622.326524106304,550.4,70230.19
2023-05-07,Russia,Paradip,Capesize,54.27,USD,MT,7235.494155139085,569.4,83868.82
2023-05-08,Australia,Paradip,Capesize,50.54,USD,MT,4419.104822156463,743.95,81290.67
2023-05-08,Australia,Paradip,Supramax,63.9,USD,MT,5638.197016000533,511.39,59541.9
2023-05-08,Mozambique,Paradip,Supramax,71.75,USD,MT,8180.6549504617215,703.54,94521.31
2023-05-08,Russia,Paradip,Supramax,69.38,USD,MT,6335.687479763699,577.11,55386.51
2023-05-08,US,Paradip,Capesize,50.74,USD,MT,7431.87654222639,769.71,92215.97
2023-05-09,Australia,Paradip,Capesize,49.25,USD,MT,3968.5570654448734,414.72,99843.77
2023-05-09,Australia,Paradip,Panamax,56.23,USD,MT,8379.2578897833,526.4,75225.1
2023-05-09,Indonesia,Paradip,Capesize,43.13,USD,MT,7284.880056139732,502.82,126642.94
2023-05-09,Indonesia,Paradip,Capesize,46.42,USD,MT,9461.09140698719,570.73,138711.4
2023-05-09,US,Paradip,Capesize,48.72,USD,MT,8297.008760306117,715.55,94354.08
2023-05-10,Australia,Paradip,Panamax,54.31,USD,MT,7567.630510506758,591.98,139843.16
2023-05-10,Indonesia,Paradip,Capesize,50.44,USD,MT,5345.798372254223,417.68,130778.69
2023-05-10,Mozambique,Paradip,Supramax,68.15,USD,MT,7805.966582786647,528.81,138189.45
2023-05-10,Russia,Paradip,Capesize,49.83,USD,MT,3226.6285296911897,701.38,123299.16
2023-05-10,Russia,Paradip,Capesize,49.7,USD,MT,9932.588356387469,494.1,140369.69
2023-05-11,Indonesia,Paradip,Capesize,53.42,USD,MT,9100.668672649585,664.85,65213.48
2023-05-11,Indonesia,Paradip,Supramax,64.25,USD,MT,9835.90279215377,484.73,91108.38
2023-05-11,Russia,Paradip,Panamax,53.05,USD,MT,9121.01776602485,655.27,86816.07
2023-05-11,Russia,Paradip,Supramax,69.02,USD,MT,7752.932639703999,532.55,138519.55
2023-05-11,US,Paradip,Supramax,66.04,USD,MT,6594.117270971374,730.99,129535.03
2023-05-12,Australia,Paradip,Capesize,45.57,USD,MT,5169.027402262701,624.75,141836.42
2023-05-12,Australia,Paradip,Supramax,65.46,USD,MT,6048.883884706287,794.69,60912.75
2023-05-12,Mozambique,Paradip,Supramax,71.19,USD,MT,4834.102837829183,465.76,123995.14
2023-05-12,Russia,Paradip,Supramax,69.01,USD,MT,4626.464381726671,427.22,108120.05
2023-05-12,US,Paradip,Capesize,47.65,USD,MT,9503.133153554503,660.65,82026.24
2023-05-13,Indonesia,Paradip,Capesize,45.96,USD,MT,8090.176585051426,588.82,106629.41
2023-05-13,Indonesia,Paradip,Panamax,55.85,USD,MT,5675.915504283888,438.18,91440.73
2023-05-13,Mozambique,Paradip,Supramax,69.38,USD,MT,9520.798606052937,538.01,115861.65
2023-05-13,Russia,Paradip,Panamax,56.68,USD,MT,4777.173191319163,575.27,55958.34
2023-05-13,Russia,Paradip,Panamax,59.27,USD,MT,4658.858347247142,592.18,121397.12
2023-05-14,Australia,Paradip,Supramax,73.84,USD,MT,6655.782328603551,567.26,143520.17
2023-05-14,Australia,Paradip,Supramax,67.12,USD,MT,3966.135532746485,687.47,119376.76
2023-05-14,Mozambique,Paradip,Supramax,68.49,USD,MT,4022.55258695917,629.1,103977.68
2023-05-14,Russia,Paradip,Supramax,66.21,USD,MT,6392.877006284398,542.22,124785.63
2023-05-14,US,Paradip,Panamax,63.35,USD,MT,6620.593919890036,513.68,138318.07
2023-05-15,Australia,Paradip,Panamax,59.91,USD,MT,9919.859101791266,630.6,109214.37
2023-05-15,Australia,Paradip,Supramax,65.93,USD,MT,5587.7430738120165,425.25,115121.39
2023-05-15,Indonesia,Paradip,Capesize,46.7,USD,MT,6692.341204085447,699.86,91895.99
2023-05-15,Indonesia,Paradip,Supramax,68.24,USD,MT,6151.428036105917,581.71,94878.88
2023-05-15,Indonesia,Paradip,Supramax,66.61,USD,MT,4275.209406342894,474.75,119486.5
2023-05-16,Australia,Paradip,Panamax,58.22,USD,MT,8037.521416088614,498.91,132003.73
2023-05-16,Indonesia,Paradip,Capesize,48.49,USD,MT,4376.227150586004,614.66,136278.03
2023-05-16,Mozambique,Paradip,Capesize,50.44,USD,MT,3803.660318866525,664.26,56512.32
2023-05-16,Russia,Paradip,Capesize,45.3,USD,MT,9629.669711941402,799.8,73904.07
2023-05-16,US,Paradip,Capesize,50.61,USD,MT,6108.291486732292,559.48,131714.52
2023-05-17,Australia,Paradip,Capesize,49.74,USD,MT,6171.202117922308,714.83,124135.74
2023-05-17,Indonesia,Paradip,Panamax,58.75,USD,MT,8916.617571531846,421.8,66536.0
2023-05-17,Mozambique,Paradip,Panamax,63.62,USD,MT,7844.647161237875,532.26,144920.64
2023-05-17,Russia,Paradip,Panamax,49.84,USD,MT,6345.055617814098,686.77,84346.79
2023-05-17,US,Paradip,Supramax,64.97,USD,MT,5735.501547949785,735.97,107848.8
2023-05-18,Australia,Paradip,Panamax,54.87,USD,MT,4895.89787884567,762.45,123542.85
2023-05-18,Indonesia,Paradip,Capesize,55.6,USD,MT,9095.587290513646,422.64,101982.49
2023-05-18,Russia,Paradip,Panamax,59.1,USD,MT,7255.38491874191,760.31,60401.05
2023-05-18,US,Paradip,Panamax,52.28,USD,MT,8190.666275811586,574.67,60621.01
2023-05-18,US,Paradip,Supramax,62.77,USD,MT,4360.816210657428,616.78,89799.94
2023-05-19,Indonesia,Paradip,Supramax,74.04,USD,MT,5446.314708270806,489.5,115922.81
2023-05-19,Mozambique,Paradip,Panamax,55.59,USD,MT,4492.98573592509,752.77,122958.73
2023-05-19,Russia,Paradip,Panamax,55.5,USD,MT,9510.455363018782,501.3,103887.16
2023-05-19,US,Paradip,Capesize,44.95,USD,MT,5937.257545515249,572.63,116352.07
2023-05-19,US,Paradip,Capesize,46.22,USD,MT,4288.656714784334,775.75,85329.96
2023-05-20,Australia,Paradip,Capesize,47.51,USD,MT,5345.932938597077,569.33,63511.31
2023-05-20,Australia,Paradip,Supramax,64.68,USD,MT,6874.330915162006,475.39,120699.45
2023-05-20,Indonesia,Paradip,Supramax,64.83,USD,MT,3260.0970706950548,549.66,72893.29
2023-05-20,Mozambique,Paradip,Panamax,57.48,USD,MT,7187.350419005255,676.64,113541.16
2023-05-20,Russia,Paradip,Capesize,50.76,USD,MT,5443.082121996733,655.59,120394.15
2023-05-21,Indonesia,Paradip,Capesize,48.04,USD,MT,4925.554169125224,582.37,136829.11
2023-05-21,Indonesia,Paradip,Supramax,61.89,USD,MT,6908.638225136081,456.42,59867.22
2023-05-21,Indonesia,Paradip,Supramax,66.27,USD,MT,5421.743918798059,796.8,138834.04
2023-05-21,Russia,Paradip,Capesize,46.08,USD,MT,8969.15985838171,481.43,67871.54
2023-05-21,US,Paradip,Capesize,44.37,USD,MT,6968.152546814717,413.18,149202.64
2023-05-22,Australia,Paradip,Capesize,50.83,USD,MT,8405.49321784931,627.89,69068.75
2023-05-22,Indonesia,Paradip,Panamax,56.57,USD,MT,4205.384337417044,686.75,139161.92
2023-05-22,US,Paradip,Capesize,37.98,USD,MT,3718.01019046585,565.32,54926.82
2023-05-22,US,Paradip,Panamax,59.88,USD,MT,5958.997079448212,764.94,76442.57
2023-05-22,US,Paradip,Supramax,67.33,USD,MT,6841.356081715357,524.21,102525.59
2023-05-23,Australia,Paradip,Panamax,57.04,USD,MT,5733.215718000957,564.4,118435.72
2023-05-23,Australia,Paradip,Panamax,61.0,USD,MT,7744.457066912089,656.95,74679.75
2023-05-23,Mozambique,Paradip,Panamax,59.6,USD,MT,8598.611596125305,649.34,119181.13
2023-05-23,Russia,Paradip,Supramax,67.83,USD,MT,8935.97195767647,498.51,110346.86
2023-05-23,US,Paradip,Capesize,52.01,USD,MT,6183.092880552162,515.15,59168.29
2023-05-24,Indonesia,Paradip,Panamax,55.03,USD,MT,7558.962281377487,499.09,58833.68
2023-05-24,Indonesia,Paradip,Panamax,53.9,USD,MT,7011.729319845967,490.39,112392.37
2023-05-24,Russia,Paradip,Capesize,44.27,USD,MT,4759.715009779983,753.68,117873.85
2023-05-24,US,Paradip,Capesize,44.64,USD,MT,9133.009514746234,492.65,137615.92
2023-05-24,US,Paradip,Panamax,56.51,USD,MT,4229.493189165642,752.53,140269.48
2023-05-25,Australia,Paradip,Panamax,54.26,USD,MT,8364.309023295846,684.54,132218.44
2023-05-25,Australia,Paradip,Supramax,66.16,USD,MT,4403.710338909501,705.31,72629.41
2023-05-25,Australia,Paradip,Supramax,66.85,USD,MT,3101.321502923754,439.82,122762.07
2023-05-25,Indonesia,Paradip,Capesize,48.08,USD,MT,6058.00389229625,568.16,129547.78
2023-05-25,Russia,Paradip,Supramax,60.32,USD,MT,7719.766751539588,709.13,109600.27
2023-05-26,Indonesia,Paradip,Capesize,48.74,USD,MT,6162.132287696708,774.11,112192.32
2023-05-26,Mozambique,Paradip,Supramax,71.48,USD,MT,8530.5697407724,452.27,90453.78
2023-05-26,Russia,Paradip,Panamax,56.16,USD,MT,7850.414066115064,582.04,107244.74
2023-05-26,US,Paradip,Capesize,44.27,USD,MT,7525.588023339563,532.19,65727.39
2023-05-26,US,Paradip,Panamax,56.41,USD,MT,8357.93318146854,635.86,80915.43
2023-05-27,Australia,Paradip,Panamax,49.03,USD,MT,6678.977288030299,475.24,121558.2
2023-05-27,Indonesia,Paradip,Capesize,44.5,USD,MT,8181.114556789779,733.22,107983.85
2023-05-27,Indonesia,Paradip,Supramax,69.98,USD,MT,5516.5866329698,412.92,110129.15
2023-05-27,Mozambique,Paradip,Supramax,66.59,USD,MT,4958.328333171864,693.69,131875.92
2023-05-27,US,Paradip,Supramax,68.85,USD,MT,3371.450380666543,420.68,124211.73
2023-05-28,Australia,Paradip,Capesize,46.12,USD,MT,6368.741630881244,678.48,86973.05
2023-05-28,Mozambique,Paradip,Panamax,58.39,USD,MT,9449.96404088317,636.64,65181.94
2023-05-28,Mozambique,Paradip,Supramax,64.47,USD,MT,9578.111125019082,610.11,149098.78
2023-05-28,Russia,Paradip,Capesize,51.77,USD,MT,9833.413122934317,553.8,132389.72
2023-05-28,US,Paradip,Panamax,54.39,USD,MT,8791.157587806036,524.47,55227.6
2023-05-29,Australia,Paradip,Supramax,69.32,USD,MT,7508.1371334359665,485.74,83725.63
2023-05-29,Russia,Paradip,Capesize,40.71,USD,MT,9091.968875423154,562.77,70916.72
2023-05-29,Russia,Paradip,Panamax,51.27,USD,MT,9725.365986508536,660.04,80827.76
2023-05-29,Russia,Paradip,Supramax,66.66,USD,MT,5126.519637195826,765.99,86735.33
2023-05-29,US,Paradip,Panamax,51.92,USD,MT,3626.2287785624726,459.29,118558.71
2023-05-30,Australia,Paradip,Capesize,41.82,USD,MT,9782.07383764244,433.22,62955.67
2023-05-30,Mozambique,Paradip,Supramax,63.15,USD,MT,3680.137285951377,484.02,88947.37
2023-05-30,Russia,Paradip,Supramax,70.78,USD,MT,8727.367580772598,777.85,81340.32
2023-05-30,Russia,Paradip,Supramax,66.93,USD,MT,9651.223661412878,739.52,64485.6
2023-05-30,US,Paradip,Supramax,69.82,USD,MT,6667.496690284517,678.99,98696.68
2023-05-31,Australia,Paradip,Panamax,57.38,USD,MT,5110.572843217279,763.55,134506.04
2023-05-31,Indonesia,Paradip,Panamax,58.65,USD,MT,4548.656953180997,409.3,139093.3
2023-05-31,Indonesia,Paradip,Supramax,65.54,USD,MT,4830.6019317785085,657.32,142856.18
2023-05-31,Mozambique,Paradip,Capesize,46.94,USD,MT,5148.78790134275,746.81,54138.91
2023-05-31,US,Paradip,Supramax,62.7,USD,MT,4252.4212662415885,609.74,56015.9
2023-06-01,Indonesia,Paradip,Capesize,50.15,USD,MT,4786.1030793797845,479.51,109478.66
2023-06-01,Mozambique,Paradip,Capesize,42.5,USD,MT,6428.154354465101,415.72,98651.63
2023-06-01,Mozambique,Paradip,Capesize,45.81,USD,MT,6136.227660813294,771.57,112214.53
2023-06-01,Mozambique,Paradip,Capesize,42.46,USD,MT,5716.314718227219,593.79,130728.94
2023-06-01,Russia,Paradip,Supramax,63.05,USD,MT,9800.519614071758,494.34,64791.74
2023-06-02,Indonesia,Paradip,Supramax,69.96,USD,MT,4583.819605519442,769.03,123606.74
2023-06-02,Indonesia,Paradip,Supramax,60.36,USD,MT,4469.927353870455,614.91,133874.14
2023-06-02,Mozambique,Paradip,Capesize,41.89,USD,MT,9570.653873573392,683.0,100648.48
2023-06-02,Mozambique,Paradip,Panamax,53.66,USD,MT,8733.99688471383,672.21,87527.47
2023-06-02,Russia,Paradip,Capesize,40.55,USD,MT,9893.602197316908,628.59,54593.03
2023-06-03,Russia,Paradip,Panamax,51.2,USD,MT,4451.22599282953,621.06,66579.98
2023-06-03,Russia,Paradip,Panamax,58.99,USD,MT,6488.356717504554,793.59,89367.47
2023-06-03,Russia,Paradip,Supramax,62.88,USD,MT,3867.525230191123,644.05,109411.3
2023-06-03,Russia,Paradip,Supramax,66.23,USD,MT,7493.848920847941,566.3,126662.75
2023-06-03,US,Paradip,Capesize,43.69,USD,MT,6662.778995722463,588.09,111615.05
2023-06-04,Australia,Paradip,Supramax,67.68,USD,MT,4648.748412141553,543.35,117818.12
2023-06-04,Mozambique,Paradip,Capesize,45.41,USD,MT,5140.814898270059,686.71,74311.83
2023-06-04,Mozambique,Paradip,Supramax,59.53,USD,MT,7456.402999570569,769.59,131620.47
2023-06-04,US,Paradip,Capesize,42.05,USD,MT,5886.147707456552,789.27,135152.69
2023-06-04,US,Paradip,Capesize,41.75,USD,MT,6840.460368587659,550.41,148457.32
2023-06-05,Australia,Paradip,Capesize,44.95,USD,MT,4781.888073015192,430.87,99275.29
2023-06-05,Indonesia,Paradip,Panamax,54.55,USD,MT,5885.470160840439,605.55,63149.49
2023-06-05,Mozambique,Paradip,Panamax,51.34,USD,MT,5088.06580757695,531.08,141800.55
2023-06-05,Mozambique,Paradip,Panamax,56.98,USD,MT,7302.808692724832,595.58,135962.57
2023-06-05,US,Paradip,Capesize,41.28,USD,MT,4737.61558016938,554.22,61165.98
2023-06-06,Australia,Paradip,Panamax,57.43,USD,MT,8583.893694480998,657.24,108871.89
2023-06-06,Mozambique,Paradip,Capesize,49.78,USD,MT,7093.606602588331,768.75,106004.58
2023-06-06,Russia,Paradip,Capesize,42.86,USD,MT,9687.447073745165,756.83,112625.07
2023-06-06,US,Paradip,Capesize,46.84,USD,MT,6195.055147892323,586.0,92810.35
2023-06-06,US,Paradip,Panamax,57.65,USD,MT,6330.613545305837,597.98,106476.35
2023-06-07,Australia,Paradip,Capesize,48.74,USD,MT,9188.923483607225,716.78,129972.18
2023-06-07,Australia,Paradip,Panamax,52.27,USD,MT,4935.073762322703,706.1,117957.35
2023-06-07,Indonesia,Paradip,Panamax,52.4,USD,MT,4237.302409918456,585.2,51786.82
2023-06-07,Indonesia,Paradip,Panamax,55.3,USD,MT,3668.219798881127,731.69,89878.52
2023-06-07,Mozambique,Paradip,Panamax,54.59,USD,MT,6791.455369017457,643.65,124241.62
2023-06-08,Australia,Paradip,Panamax,49.48,USD,MT,6047.998431620939,445.58,96740.92
2023-06-08,Indonesia,Paradip,Supramax,64.62,USD,MT,3655.090203329369,753.21,90514.49
2023-06-08,Mozambique,Paradip,Panamax,60.56,USD,MT,9063.179688848362,575.78,110076.05
2023-06-08,Russia,Paradip,Capesize,41.26,USD,MT,7528.382656897174,711.3,72289.8
2023-06-08,US,Paradip,Capesize,43.53,USD,MT,5845.716834695311,647.57,103559.14
2023-06-09,Indonesia,Paradip,Supramax,63.16,USD,MT,8018.013961916721,465.21,69546.55
2023-06-09,Russia,Paradip,Panamax,57.23,USD,MT,3218.233158920777,550.65,80357.57
2023-06-09,US,Paradip,Capesize,46.22,USD,MT,5137.08824053591,458.61,62973.93
2023-06-09,US,Paradip,Capesize,45.71,USD,MT,5813.521702787753,442.04,108788.2
2023-06-09,US,Paradip,Panamax,53.54,USD,MT,9801.02521267213,587.0,59924.0
2023-06-10,Australia,Paradip,Panamax,53.29,USD,MT,9713.358314829076,578.63,127681.41
2023-06-10,Mozambique,Paradip,Panamax,48.42,USD,MT,6069.730703471347,507.48,148150.63
2023-06-10,Mozambique,Paradip,Supramax,59.7,USD,MT,7624.482080130241,734.94,99046.9
2023-06-10,Russia,Paradip,Supramax,64.77,USD,MT,4374.412575695314,565.49,97368.44
2023-06-10,Russia,Paradip,Supramax,64.5,USD,MT,8675.521012256646,652.24,99285.13
2023-06-11,Indonesia,Paradip,Panamax,48.16,USD,MT,5437.57508778351,402.22,105030.29
2023-06-11,Mozambique,Paradip,Panamax,57.59,USD,MT,7355.551116044148,784.28,70948.72
2023-06-11,Russia,Paradip,Supramax,59.24,USD,MT,9981.244251618798,505.81,130391.21
2023-06-11,US,Paradip,Panamax,53.88,USD,MT,9641.74011452218,596.64,99635.9
2023-06-11,US,Paradip,Panamax,51.67,USD,MT,4317.680199828188,418.87,123024.48
2023-06-12,Australia,Paradip,Capesize,44.04,USD,MT,6810.736933508355,406.97,102063.77
2023-06-12,Australia,Paradip,Panamax,54.4,USD,MT,7328.875907920759,445.18,100802.09
2023-06-12,Indonesia,Paradip,Panamax,55.04,USD,MT,7021.679385773745,714.09,147135.51
2023-06-12,US,Paradip,Capesize,43.87,USD,MT,9423.785911917668,718.02,125800.68
2023-06-12,US,Paradip,Panamax,55.3,USD,MT,5644.984072928286,553.98,68999.46
2023-06-13,Australia,Paradip,Supramax,60.71,USD,MT,3810.776305907458,627.13,120798.52
2023-06-13,Indonesia,Paradip,Supramax,69.07,USD,MT,3375.342680291734,742.1,58622.27
2023-06-13,Mozambique,Paradip,Panamax,55.61,USD,MT,9361.985454953548,522.68,94084.33
2023-06-13,Mozambique,Paradip,Panamax,51.15,USD,MT,9061.288215417972,437.34,127769.51
2023-06-13,Russia,Paradip,Panamax,49.13,USD,MT,7491.248583234562,679.47,88469.14
2023-06-14,Indonesia,Paradip,Panamax,52.54,USD,MT,8899.521173065801,794.75,86293.87
2023-06-14,Mozambique,Paradip,Supramax,65.32,USD,MT,9932.035619146627,485.69,96558.43
2023-06-14,Russia,Paradip,Panamax,51.19,USD,MT,8672.760076504232,551.89,54426.78
2023-06-14,Russia,Paradip,Supramax,60.66,USD,MT,7988.6319082948285,777.62,95415.37
2023-06-14,US,Paradip,Panamax,55.14,USD,MT,8893.819135449381,430.67,69666.99
2023-06-15,Indonesia,Paradip,Supramax,63.59,USD,MT,6390.507665560684,751.62,135676.55
2023-06-15,Mozambique,Paradip,Capesize,42.31,USD,MT,6781.344503415148,558.46,70353.83
2023-06-15,Russia,Paradip,Panamax,49.58,USD,MT,7217.51789720236,728.74,131426.71
2023-06-15,Russia,Paradip,Supramax,57.22,USD,MT,8355.066690454742,658.2,116212.68
2023-06-15,US,Paradip,Supramax,67.4,USD,MT,4972.997754865675,729.81,57219.0
2023-06-16,Australia,Paradip,Panamax,53.78,USD,MT,9781.29918626881,523.93,107380.03
2023-06-16,Indonesia,Paradip,Supramax,64.41,USD,MT,7154.085207172742,689.22,73566.63
2023-06-16,Russia,Paradip,Supramax,55.2,USD,MT,3199.553013155314,576.61,108573.26
2023-06-16,US,Paradip,Capesize,37.97,USD,MT,7818.394281283147,593.28,79073.04
2023-06-16,US,Paradip,Panamax,56.68,USD,MT,8728.931985995914,516.89,140541.73
2023-06-17,Indonesia,Paradip,Capesize,43.44,USD,MT,5898.069109785926,655.49,63325.91
2023-06-17,Indonesia,Paradip,Supramax,65.0,USD,MT,7911.067694970797,694.17,60754.8
2023-06-17,Russia,Paradip,Capesize,44.72,USD,MT,8954.680156967159,775.52,69601.55
2023-06-17,Russia,Paradip,Panamax,51.59,USD,MT,5219.80730220429,746.41,78604.52
2023-06-17,US,Paradip,Capesize,40.42,USD,MT,8029.467742980879,515.8,136798.56
2023-06-18,Indonesia,Paradip,Panamax,53.22,USD,MT,8568.19590063193,688.95,135156.36
2023-06-18,Mozambique,Paradip,Capesize,40.24,USD,MT,5104.385656179817,679.59,66786.79
2023-06-18,Mozambique,Paradip,Supramax,72.82,USD,MT,9674.559259006066,628.08,120818.93
2023-06-18,Russia,Paradip,Panamax,50.14,USD,MT,6053.068774555285,592.46,65236.66
2023-06-18,US,Paradip,Panamax,49.62,USD,MT,9191.26128308227,421.69,119360.52
2023-06-19,Australia,Paradip,Panamax,51.83,USD,MT,7107.475853757312,583.84,99727.54
2023-06-19,Australia,Paradip,Panamax,49.95,USD,MT,3515.412245700005,659.47,128344.56
2023-06-19,Indonesia,Paradip,Supramax,63.53,USD,MT,8898.547016220979,547.9,101830.69
2023-06-19,Russia,Paradip,Supramax,66.05,USD,MT,5879.603719215514,497.24,51122.54
2023-06-19,US,Paradip,Capesize,39.96,USD,MT,3705.928239413416,774.41,127523.94
2023-06-20,Mozambique,Paradip,Supramax,64.22,USD,MT,8959.267293326215,716.53,148107.35
2023-06-20,Mozambique,Paradip,Supramax,57.97,USD,MT,9137.052298521236,403.81,60337.56
2023-06-20,Mozambique,Paradip,Supramax,61.48,USD,MT,5088.552022026015,674.51,69925.19
2023-06-20,US,Paradip,Capesize,37.89,USD,MT,5330.165372461112,612.13,145345.67
2023-06-20,US,Paradip,Supramax,60.54,USD,MT,8685.600507652194,496.28,79193.47
2023-06-21,Australia,Paradip,Capesize,37.18,USD,MT,4058.6171377305336,536.44,102630.03
2023-06-21,Russia,Paradip,Supramax,56.49,USD,MT,6068.266665278341,740.79,58756.03
2023-06-21,Russia,Paradip,Supramax,64.57,USD,MT,6732.713718297688,665.0,57767.07
2023-06-21,US,Paradip,Supramax,64.4,USD,MT,6815.461281366617,657.07,68949.51
2023-06-21,US,Paradip,Supramax,55.41,USD,MT,6930.394984081568,631.0,148982.53
2023-06-22,Indonesia,Paradip,Supramax,59.73,USD,MT,3625.346856187233,784.24,55387.9
2023-06-22,Mozambique,Paradip,Capesize,44.96,USD,MT,8182.592849332513,437.08,79027.16
2023-06-22,Mozambique,Paradip,Capesize,41.06,USD,MT,8528.823292952793,475.15,68278.17
2023-06-22,Russia,Paradip,Capesize,43.89,USD,MT,8449.198771546202,468.43,112906.39
2023-06-22,Russia,Paradip,Capesize,41.07,USD,MT,7775.247419377991,485.43,88133.43
2023-06-23,Australia,Paradip,Capesize,40.96,USD,MT,3290.6636492628086,473.83,140025.38
2023-06-23,Australia,Paradip,Panamax,45.27,USD,MT,3744.8261647902714,791.39,71928.76
2023-06-23,Indonesia,Paradip,Capesize,47.64,USD,MT,9406.406205175668,428.93,60668.77
2023-06-23,Indonesia,Paradip,Capesize,44.67,USD,MT,8666.04322177888,409.89,100014.5
2023-06-23,Russia,Paradip,Supramax,58.53,USD,MT,9391.510354015052,415.12,101916.41
2023-06-24,Indonesia,Paradip,Capesize,41.94,USD,MT,8984.205295239566,499.55,53183.26
2023-06-24,Indonesia,Paradip,Panamax,53.95,USD,MT,7895.983668833176,458.62,59752.78
2023-06-24,Russia,Paradip,Supramax,64.87,USD,MT,6861.779651987681,669.13,91620.37
2023-06-24,Russia,Paradip,Supramax,65.04,USD,MT,6367.592255949758,467.42,119775.43
2023-06-24,US,Paradip,Panamax,47.39,USD,MT,5351.630829299804,701.88,127957.25
2023-06-25,Indonesia,Paradip,Capesize,38.08,USD,MT,9176.840604177409,564.13,123427.34
2023-06-25,Indonesia,Paradip,Panamax,47.56,USD,MT,3139.278728593108,425.24,50663.57
2023-06-25,Indonesia,Paradip,Supramax,61.73,USD,MT,4691.599092573827,462.24,124667.84
2023-06-25,Russia,Paradip,Supramax,61.38,USD,MT,3113.800089968192,598.55,73571.83
2023-06-25,US,Paradip,Capesize,41.7,USD,MT,6451.252758626918,530.0,139266.26
2023-06-26,Indonesia,Paradip,Panamax,51.99,USD,MT,9551.663681096228,556.7,102208.23
2023-06-26,Russia,Paradip,Capesize,36.87,USD,MT,4106.629489949084,633.87,65284.04
2023-06-26,US,Paradip,Capesize,40.74,USD,MT,6287.341657379001,693.76,137804.17
2023-06-26,US,Paradip,Capesize,40.53,USD,MT,7108.257606556951,489.07,134615.48
2023-06-26,US,Paradip,Supramax,56.88,USD,MT,3787.524585728601,642.71,82922.82
2023-06-27,Mozambique,Paradip,Supramax,64.23,USD,MT,5217.205521923843,720.78,105312.8
2023-06-27,Mozambique,Paradip,Supramax,58.3,USD,MT,7043.236899294767,621.15,64986.13
2023-06-27,Mozambique,Paradip,Supramax,59.83,USD,MT,7769.3988902313295,563.73,100760.49
2023-06-27,US,Paradip,Panamax,54.83,USD,MT,5974.819290009844,658.28,102330.6
2023-06-27,US,Paradip,Supramax,61.65,USD,MT,9611.364292071245,732.72,75345.64
2023-06-28,Mozambique,Paradip,Panamax,45.97,USD,MT,6131.421386428572,614.47,77139.35
2023-06-28,Mozambique,Paradip,Supramax,60.44,USD,MT,6970.9597239152245,661.17,54156.42
2023-06-28,Mozambique,Paradip,Supramax,61.52,USD,MT,9759.59238050206,623.7,148315.67
2023-06-28,Russia,Paradip,Panamax,51.1,USD,MT,3320.573214837902,400.75,96631.11
2023-06-28,US,Paradip,Panamax,50.51,USD,MT,6616.323695105716,540.6,69581.24
2023-06-29,Indonesia,Paradip,Panamax,48.34,USD,MT,3780.7099261095113,643.82,127602.26
2023-06-29,Indonesia,Paradip,Supramax,60.12,USD,MT,5988.060352766164,762.57,107575.78
2023-06-29,Russia,Paradip,Capesize,40.83,USD,MT,4557.702998093123,460.91,121441.54
2023-06-29,US,Paradip,Capesize,43.65,USD,MT,8608.76312513866,761.0,98433.23
2023-06-29,US,Paradip,Panamax,50.73,USD,MT,4396.117980852991,533.7,124759.57
2023-06-30,Mozambique,Paradip,Capesize,38.35,USD,MT,5416.583983326363,504.4,67103.81
2023-06-30,Mozambique,Paradip,Panamax,49.5,USD,MT,3371.329543751715,746.82,68543.82
2023-06-30,Mozambique,Paradip,Panamax,45.72,USD,MT,7736.736100940693,649.06,79062.24
2023-06-30,Mozambique,Paradip,Supramax,58.01,USD,MT,5158.279888627495,725.26,80324.26
2023-06-30,Russia,Paradip,Capesize,38.35,USD,MT,6673.321734739806,513.56,68545.23
2023-07-01,Australia,Paradip,Supramax,60.15,USD,MT,7302.2690396719345,485.96,120064.53
2023-07-01,Australia,Paradip,Supramax,61.81,USD,MT,4193.685194622288,661.99,116980.11
2023-07-01,Indonesia,Paradip,Supramax,62.22,USD,MT,5075.215023117597,598.27,135554.12
2023-07-01,Mozambique,Paradip,Capesize,41.38,USD,MT,7475.6507646818045,473.34,57330.03
2023-07-01,Russia,Paradip,Panamax,49.23,USD,MT,5183.043213623359,728.08,121371.9
2023-07-02,Australia,Paradip,Panamax,51.86,USD,MT,7722.567287161999,598.24,137288.74
2023-07-02,Australia,Paradip,Supramax,63.92,USD,MT,5471.890675801483,666.89,132591.75
2023-07-02,Indonesia,Paradip,Supramax,59.55,USD,MT,5356.798084172305,551.71,144186.82
2023-07-02,Mozambique,Paradip,Panamax,52.18,USD,MT,8617.161220533651,611.82,90176.06
2023-07-02,Russia,Paradip,Supramax,64.28,USD,MT,9388.571416686806,532.55,62073.64
2023-07-03,Australia,Paradip,Capesize,42.14,USD,MT,4777.728047727464,468.96,58254.49
2023-07-03,Australia,Paradip,Capesize,37.95,USD,MT,4586.5112069323095,486.54,66656.26
2023-07-03,Mozambique,Paradip,Supramax,56.91,USD,MT,5747.158044924232,506.39,122955.62
2023-07-03,US,Paradip,Capesize,44.83,USD,MT,4273.191177797821,684.28,122465.76
2023-07-03,US,Paradip,Supramax,60.46,USD,MT,8664.290495972356,757.82,52213.33
2023-07-04,Australia,Paradip,Panamax,46.5,USD,MT,7725.395156348538,596.58,105439.21
2023-07-04,Mozambique,Paradip,Supramax,58.11,USD,MT,6989.9202072516055,727.65,137887.31
2023-07-04,Russia,Paradip,Capesize,33.98,USD,MT,5930.315821958891,689.52,69748.71
2023-07-04,Russia,Paradip,Supramax,60.0,USD,MT,8709.986890943226,670.49,130695.8
2023-07-04,US,Paradip,Supramax,58.67,USD,MT,6740.506261622664,773.28,74386.62
2023-07-05,Indonesia,Paradip,Capesize,37.09,USD,MT,8110.075982078925,685.33,63263.06
2023-07-05,Mozambique,Paradip,Supramax,58.45,USD,MT,5274.571252356132,492.84,102887.73
2023-07-05,Mozambique,Paradip,Supramax,57.72,USD,MT,4384.450694546758,688.19,68581.7
2023-07-05,US,Paradip,Capesize,36.43,USD,MT,4887.189258877338,783.23,127471.53
2023-07-05,US,Paradip,Panamax,45.21,USD,MT,3566.2138054107545,545.63,115814.73
2023-07-06,Australia,Paradip,Capesize,36.94,USD,MT,3740.822369899804,519.53,83475.47
2023-07-06,Australia,Paradip,Capesize,41.55,USD,MT,5250.843990762547,724.1,76894.36
2023-07-06,Russia,Paradip,Capesize,37.79,USD,MT,4180.200634563831,796.43,96936.6
2023-07-06,Russia,Paradip,Supramax,55.96,USD,MT,3243.163071871714,486.45,123659.27
2023-07-06,US,Paradip,Capesize,35.8,USD,MT,3595.6495657012124,698.51,109260.42
2023-07-07,Indonesia,Paradip,Capesize,37.23,USD,MT,5120.643175466117,734.44,74646.52
2023-07-07,Mozambique,Paradip,Panamax,52.75,USD,MT,9453.344239099217,548.84,67167.65
2023-07-07,Mozambique,Paradip,Panamax,43.36,USD,MT,4728.949088591905,709.47,113203.78
2023-07-07,Russia,Paradip,Capesize,40.43,USD,MT,8332.735537593817,697.3,74212.95
2023-07-07,US,Paradip,Supramax,63.29,USD,MT,9050.188983625729,784.19,79321.65
2023-07-08,Australia,Paradip,Supramax,57.38,USD,MT,8054.37427881432,461.02,83795.74
2023-07-08,Mozambique,Paradip,Panamax,50.39,USD,MT,3932.0036097115576,776.67,79422.55
2023-07-08,Mozambique,Paradip,Panamax,51.83,USD,MT,8964.714956838518,590.54,141873.44
2023-07-08,Mozambique,Paradip,Supramax,63.14,USD,MT,5835.753032009884,584.94,114626.19
2023-07-08,Russia,Paradip,Supramax,59.77,USD,MT,4292.448241840162,702.0,63807.63
2023-07-09,Australia,Paradip,Panamax,51.16,USD,MT,3241.0355025836216,596.35,115030.96
2023-07-09,Mozambique,Paradip,Supramax,57.84,USD,MT,6802.263486832251,456.91,51978.59
2023-07-09,Russia,Paradip,Panamax,53.61,USD,MT,7273.766366180878,638.91,94511.46
2023-07-09,US,Paradip,Capesize,37.24,USD,MT,6190.942893071813,586.65,81301.96
2023-07-09,US,Paradip,Supramax,66.31,USD,MT,3620.049901132221,576.76,141805.56
2023-07-10,Indonesia,Paradip,Capesize,39.52,USD,MT,9787.168803079176,672.37,124753.91
2023-07-10,Indonesia,Paradip,Capesize,40.75,USD,MT,4148.852842725451,462.19,108420.4
2023-07-10,Mozambique,Paradip,Supramax,62.18,USD,MT,9049.730113090089,599.9,148720.93
2023-07-10,Russia,Paradip,Supramax,58.0,USD,MT,4754.481534594212,662.16,124485.59
2023-07-10,US,Paradip,Supramax,59.21,USD,MT,5383.040590931555,573.1,73112.17
2023-07-11,Australia,Paradip,Capesize,39.16,USD,MT,7708.714299231588,623.51,118871.17
2023-07-11,Indonesia,Paradip,Capesize,35.52,USD,MT,6181.415085366558,496.47,118497.41
2023-07-11,Indonesia,Paradip,Panamax,42.74,USD,MT,7252.159033434491,663.68,129698.37
2023-07-11,Indonesia,Paradip,Supramax,55.55,USD,MT,7729.495450069973,797.27,140377.2
2023-07-11,US,Paradip,Panamax,49.22,USD,MT,6633.274638735955,627.58,126711.28
2023-07-12,Australia,Paradip,Panamax,49.36,USD,MT,5546.9976968792,701.62,68398.74
2023-07-12,Australia,Paradip,Panamax,48.96,USD,MT,9310.702406051732,480.99,135654.91
2023-07-12,Australia,Paradip,Panamax,46.0,USD,MT,6088.134283897742,618.2,116999.71
2023-07-12,Indonesia,Paradip,Supramax,56.35,USD,MT,9857.215378618002,598.28,73081.53
2023-07-12,Mozambique,Paradip,Capesize,38.57,USD,MT,7877.339698502463,463.33,82499.33
2023-07-13,Australia,Paradip,Panamax,48.19,USD,MT,5550.85841905606,504.28,136533.23
2023-07-13,Indonesia,Paradip,Supramax,59.07,USD,MT,7373.842702090881,601.51,77897.71
2023-07-13,Indonesia,Paradip,Supramax,54.15,USD,MT,5102.267047991894,512.52,76165.84
2023-07-13,Mozambique,Paradip,Capesize,41.85,USD,MT,6650.834797668356,618.59,122735.66
2023-07-13,US,Paradip,Panamax,46.07,USD,MT,8825.569946047384,711.94,114752.98
2023-07-14,Australia,Paradip,Capesize,37.02,USD,MT,3927.495317999229,769.87,64622.32
2023-07-14,Australia,Paradip,Capesize,34.51,USD,MT,5847.811084230547,559.27,55969.68
2023-07-14,Indonesia,Paradip,Panamax,47.63,USD,MT,8061.879846025991,492.23,140741.86
2023-07-14,Russia,Paradip,Supramax,55.14,USD,MT,8431.035197262569,485.34,144184.12
2023-07-14,US,Paradip,Panamax,45.44,USD,MT,8587.685628200492,403.55,144165.66
2023-07-15,Australia,Paradip,Supramax,56.83,USD,MT,7828.571286391434,624.33,53017.24
2023-07-15,Indonesia,Paradip,Capesize,39.19,USD,MT,4962.287710182436,627.6,70728.22
2023-07-15,Indonesia,Paradip,Capesize,31.39,USD,MT,6377.713604931545,710.9,85523.44
2023-07-15,Indonesia,Paradip,Supramax,53.57,USD,MT,4705.498592386473,448.49,94841.67
2023-07-15,Russia,Paradip,Supramax,54.38,USD,MT,9062.154727147412,625.52,83983.99
2023-07-16,Australia,Paradip,Supramax,57.47,USD,MT,6769.791766646162,630.11,66892.59
2023-07-16,Indonesia,Paradip,Supramax,59.27,USD,MT,6459.438490028384,783.82,99818.68
2023-07-16,Indonesia,Paradip,Supramax,61.96,USD,MT,8366.134031320847,794.35,138512.16
2023-07-16,Mozambique,Paradip,Panamax,45.19,USD,MT,8810.137156688703,619.03,59874.05
2023-07-16,Russia,Paradip,Capesize,35.83,USD,MT,5803.523112632591,782.48,90615.16
2023-07-17,Australia,Paradip,Capesize,39.58,USD,MT,7722.010962734011,483.17,50076.09
2023-07-17,Australia,Paradip,Supramax,59.17,USD,MT,5538.538111149588,420.95,96188.71
2023-07-17,Indonesia,Paradip,Supramax,62.37,USD,MT,3772.814758477097,795.02,60935.07
2023-07-17,Mozambique,Paradip,Capesize,37.39,USD,MT,6680.079167603477,607.78,62004.69
2023-07-17,Russia,Paradip,Panamax,54.64,USD,MT,8051.59638027812,576.29,86477.07
2023-07-18,Indonesia,Paradip,Supramax,58.03,USD,MT,5315.859223763395,795.94,124227.63
2023-07-18,Mozambique,Paradip,Capesize,44.44,USD,MT,3559.9260658030757,682.76,67853.21
2023-07-18,Russia,Paradip,Capesize,38.6,USD,MT,3214.0157796090875,554.75,110430.94
2023-07-18,US,Paradip,Capesize,33.63,USD,MT,8464.338736942263,428.3,146256.36
2023-07-18,US,Paradip,Supramax,59.36,USD,MT,6903.906818877755,429.33,70613.83
2023-07-19,Indonesia,Paradip,Capesize,40.38,USD,MT,6560.104717263746,655.79,88678.55
2023-07-19,Indonesia,Paradip,Panamax,45.38,USD,MT,6359.396364166576,569.84,98724.68
2023-07-19,Indonesia,Paradip,Supramax,60.11,USD,MT,4416.306819043901,711.69,136613.22
2023-07-19,Russia,Paradip,Capesize,30.58,USD,MT,8324.504385259112,637.23,131385.53
2023-07-19,Russia,Paradip,Panamax,45.29,USD,MT,5564.443828720574,583.19,134688.29
2023-07-20,Australia,Paradip,Panamax,44.89,USD,MT,7683.96768041188,509.05,103483.57
2023-07-20,Indonesia,Paradip,Panamax,44.57,USD,MT,5993.467907937978,499.86,67011.68
2023-07-20,Mozambique,Paradip,Supramax,52.63,USD,MT,8514.520307882036,787.57,50260.06
2023-07-20,Russia,Paradip,Capesize,36.45,USD,MT,7140.126696794301,600.91,137197.0
2023-07-20,Russia,Paradip,Panamax,51.22,USD,MT,3305.377601158559,619.75,89789.79
2023-07-21,Australia,Paradip,Capesize,34.03,USD,MT,5645.68644742565,452.6,102788.19
2023-07-21,Australia,Paradip,Supramax,55.52,USD,MT,8382.886402491835,581.97,148986.82
2023-07-21,Indonesia,Paradip,Panamax,45.8,USD,MT,9472.17446501653,402.31,90733.14
2023-07-21,Mozambique,Paradip,Panamax,41.22,USD,MT,5376.521021969129,658.8,77244.7
2023-07-21,Russia,Paradip,Supramax,52.14,USD,MT,3341.599828972416,613.45,103236.5
2023-07-22,Australia,Paradip,Capesize,40.74,USD,MT,5239.659169245875,432.27,149124.88
2023-07-22,Mozambique,Paradip,Capesize,36.25,USD,MT,9881.122180299397,516.26,139511.94
2023-07-22,Russia,Paradip,Panamax,45.48,USD,MT,4515.445759247052,409.82,132895.21
2023-07-22,Russia,Paradip,Panamax,45.25,USD,MT,8756.179759106715,630.12,62645.98
2023-07-22,US,Paradip,Panamax,50.32,USD,MT,6628.876842175445,431.23,58823.75
2023-07-23,Indonesia,Paradip,Supramax,60.43,USD,MT,8177.947661715531,651.37,86378.84
2023-07-23,Mozambique,Paradip,Panamax,48.03,USD,MT,4628.549433267595,737.05,96151.2
2023-07-23,Russia,Paradip,Capesize,34.35,USD,MT,9746.254411013237,569.13,110903.46
2023-07-23,US,Paradip,Supramax,51.6,USD,MT,6424.134487541434,598.15,81951.47
2023-07-23,US,Paradip,Supramax,57.08,USD,MT,4593.29812200013,703.38,119381.4
2023-07-24,Australia,Paradip,Capesize,33.9,USD,MT,4279.689717864789,780.33,51286.88
2023-07-24,Indonesia,Paradip,Supramax,60.2,USD,MT,7833.586527782973,763.95,98385.74
2023-07-24,Russia,Paradip,Capesize,40.31,USD,MT,8434.346146741716,741.11,85663.22
2023-07-24,Russia,Paradip,Panamax,43.12,USD,MT,8230.95456957895,405.71,137275.76
2023-07-24,US,Paradip,Supramax,60.82,USD,MT,3697.900276819355,615.0,64103.75
2023-07-25,Mozambique,Paradip,Capesize,31.62,USD,MT,3769.878335045791,505.49,90856.88
2023-07-25,Russia,Paradip,Panamax,49.87,USD,MT,5035.387730601343,758.35,102794.98
2023-07-25,Russia,Paradip,Supramax,56.09,USD,MT,7959.033254142234,665.93,70944.74
2023-07-25,US,Paradip,Capesize,36.7,USD,MT,5478.779132973075,568.63,122865.71
2023-07-25,US,Paradip,Panamax,46.11,USD,MT,7365.255399877336,762.87,137324.97
2023-07-26,Australia,Paradip,Capesize,39.16,USD,MT,7567.897515512545,701.95,71628.63
2023-07-26,Mozambique,Paradip,Capesize,38.89,USD,MT,4682.73571310345,767.49,119511.81
2023-07-26,Russia,Paradip,Supramax,62.14,USD,MT,9001.962251607303,531.57,143550.7
2023-07-26,US,Paradip,Capesize,38.29,USD,MT,6912.864012610399,700.28,58609.47
2023-07-26,US,Paradip,Capesize,39.62,USD,MT,7687.559151171666,629.33,139297.07
2023-07-27,Australia,Paradip,Supramax,53.19,USD,MT,9199.058213299046,792.22,91474.59
2023-07-27,Indonesia,Paradip,Supramax,49.88,USD,MT,6973.060292461289,570.75,134730.06
2023-07-27,Mozambique,Paradip,Capesize,35.41,USD,MT,4331.345891972191,706.23,149880.96
2023-07-27,Mozambique,Paradip,Capesize,32.38,USD,MT,8652.155436413701,596.1,102220.49
2023-07-27,US,Paradip,Panamax,39.72,USD,MT,7653.904075955048,593.22,81142.95
2023-07-28,Australia,Paradip,Capesize,34.6,USD,MT,8831.042614273514,755.38,62950.39
2023-07-28,Australia,Paradip,Panamax,45.0,USD,MT,3439.6193302446845,454.39,98230.05
2023-07-28,Russia,Paradip,Capesize,29.57,USD,MT,7491.265108281194,714.7,50536.67
2023-07-28,Russia,Paradip,Supramax,56.63,USD,MT,7010.0723552887175,757.4,141253.54
2023-07-28,US,Paradip,Panamax,49.67,USD,MT,7084.870513173715,589.05,61472.32
2023-07-29,Australia,Paradip,Capesize,33.39,USD,MT,8017.827471916598,699.78,149563.96
2023-07-29,Indonesia,Paradip,Capesize,31.27,USD,MT,3792.030081467033,527.68,120261.53
2023-07-29,Indonesia,Paradip,Supramax,56.39,USD,MT,9215.453700757238,745.56,56387.77
2023-07-29,Russia,Paradip,Supramax,52.41,USD,MT,3660.332205631224,492.03,147371.11
2023-07-29,US,Paradip,Supramax,55.01,USD,MT,8251.756146104115,514.98,132488.29
2023-07-30,Indonesia,Paradip,Panamax,43.47,USD,MT,9224.24442451558,566.64,57700.74
2023-07-30,Mozambique,Paradip,Panamax,53.45,USD,MT,8350.023184083037,757.29,68836.6
2023-07-30,Mozambique,Paradip,Supramax,56.77,USD,MT,7907.113839392216,619.14,54918.54
2023-07-30,US,Paradip,Capesize,32.39,USD,MT,9691.89621882461,537.76,111125.14
2023-07-30,US,Paradip,Panamax,45.67,USD,MT,5520.098277918185,678.02,136510.27
2023-07-31,Indonesia,Paradip,Supramax,57.54,USD,MT,7188.905872402379,504.63,130013.82
2023-07-31,Mozambique,Paradip,Capesize,33.17,USD,MT,9747.64841127676,719.31,113563.18
2023-07-31,US,Paradip,Panamax,45.71,USD,MT,6824.744282002461,456.8,52655.57
2023-07-31,US,Paradip,Panamax,47.81,USD,MT,6812.452359713384,603.42,119211.18
2023-07-31,US,Paradip,Supramax,51.15,USD,MT,5040.481054764502,468.81,113406.77
2023-08-01,Indonesia,Paradip,Capesize,36.69,USD,MT,7727.086851471825,490.03,115707.81
2023-08-01,Mozambique,Paradip,Capesize,38.08,USD,MT,9367.75059686164,592.84,85185.68
2023-08-01,Mozambique,Paradip,Panamax,54.38,USD,MT,5542.797775785391,526.92,142548.84
2023-08-01,Russia,Paradip,Panamax,39.42,USD,MT,5541.090329817938,581.0,132964.71
2023-08-01,Russia,Paradip,Panamax,42.32,USD,MT,8384.256575610028,660.83,81415.72
2023-08-02,Indonesia,Paradip,Supramax,53.51,USD,MT,7722.942219632234,477.22,75360.4
2023-08-02,Mozambique,Paradip,Capesize,35.97,USD,MT,5508.44153415752,779.61,86007.17
2023-08-02,Mozambique,Paradip,Panamax,42.85,USD,MT,9870.369556364323,544.47,139787.57
2023-08-02,Russia,Paradip,Panamax,50.05,USD,MT,3483.1723071703727,583.92,114646.78
2023-08-02,US,Paradip,Capesize,39.01,USD,MT,4000.939802056616,491.29,60651.74
2023-08-03,Australia,Paradip,Capesize,35.29,USD,MT,7963.603343569844,496.32,72825.2
2023-08-03,Indonesia,Paradip,Capesize,35.45,USD,MT,3956.656346702581,754.37,139847.22
2023-08-03,Indonesia,Paradip,Panamax,43.98,USD,MT,3013.1405849034672,426.91,149900.08
2023-08-03,Russia,Paradip,Capesize,33.34,USD,MT,6646.71844806748,791.99,112283.29
2023-08-03,US,Paradip,Panamax,38.45,USD,MT,8790.044088236826,421.72,79470.73
2023-08-04,Australia,Paradip,Panamax,43.43,USD,MT,5578.922523226585,536.28,91657.79
2023-08-04,Australia,Paradip,Supramax,58.18,USD,MT,8558.101184703799,642.37,112553.86
2023-08-04,Mozambique,Paradip,Capesize,33.25,USD,MT,5166.334030840497,494.93,64808.52
2023-08-04,Mozambique,Paradip,Capesize,37.87,USD,MT,7542.601328213914,550.59,71473.36
2023-08-04,US,Paradip,Supramax,55.64,USD,MT,8581.335382472003,725.92,86695.2
2023-08-05,Indonesia,Paradip,Supramax,56.18,USD,MT,5476.589855408016,718.59,128252.99
2023-08-05,Mozambique,Paradip,Capesize,35.36,USD,MT,6883.382439663235,675.07,112403.36
2023-08-05,Russia,Paradip,Panamax,45.62,USD,MT,6302.901270541533,640.58,122950.05
2023-08-05,US,Paradip,Panamax,38.96,USD,MT,8848.56504759198,597.25,92822.4
2023-08-05,US,Paradip,Supramax,56.83,USD,MT,3553.1959398189047,711.08,64789.61
2023-08-06,Australia,Paradip,Panamax,40.12,USD,MT,5230.659816475501,632.94,103706.15
2023-08-06,Mozambique,Paradip,Capesize,36.42,USD,MT,6931.149453398839,758.79,73593.98
2023-08-06,Mozambique,Paradip,Capesize,38.03,USD,MT,6689.177342455377,637.49,112142.82
2023-08-06,Mozambique,Paradip,Panamax,43.56,USD,MT,4983.7691396590335,599.71,114467.64
2023-08-06,Russia,Paradip,Supramax,56.95,USD,MT,8035.403966261643,765.73,74520.32
2023-08-07,Australia,Paradip,Capesize,36.3,USD,MT,8409.138724125773,704.76,110248.3
2023-08-07,Australia,Paradip,Panamax,44.94,USD,MT,9494.201637348637,585.46,108052.92
2023-08-07,Australia,Paradip,Panamax,47.06,USD,MT,4963.68458241511,503.13,69755.43
2023-08-07,Mozambique,Paradip,Panamax,44.61,USD,MT,9662.987669713864,454.75,90296.32
2023-08-07,Mozambique,Paradip,Panamax,43.05,USD,MT,9752.78495186153,692.43,138777.22
2023-08-08,Australia,Paradip,Supramax,53.66,USD,MT,9896.004719286972,442.45,126034.9
2023-08-08,Indonesia,Paradip,Capesize,31.65,USD,MT,7167.151840117144,553.73,149356.43
2023-08-08,Indonesia,Paradip,Panamax,46.26,USD,MT,8139.286154823067,567.57,142538.14
2023-08-08,Mozambique,Paradip,Capesize,27.72,USD,MT,7489.997695132673,471.61,63191.34
2023-08-08,US,Paradip,Capesize,35.96,USD,MT,9564.733814228442,429.65,72039.21
2023-08-09,Australia,Paradip,Panamax,42.38,USD,MT,3045.396545791661,435.88,132734.35
2023-08-09,Indonesia,Paradip,Capesize,36.14,USD,MT,8443.002197242302,591.25,107088.92
2023-08-09,Indonesia,Paradip,Panamax,44.88,USD,MT,8153.772968674649,734.1,52134.84
2023-08-09,Mozambique,Paradip,Capesize,33.91,USD,MT,7774.9106267327425,434.77,68805.02
2023-08-09,Russia,Paradip,Supramax,53.42,USD,MT,5201.773533288244,421.01,76344.55
2023-08-10,Australia,Paradip,Panamax,44.19,USD,MT,7102.958498843304,425.84,99012.71
2023-08-10,Indonesia,Paradip,Capesize,33.63,USD,MT,6889.538396654887,721.48,135325.38
2023-08-10,Mozambique,Paradip,Panamax,42.82,USD,MT,6350.425410191023,594.34,145345.92
2023-08-10,Mozambique,Paradip,Supramax,57.19,USD,MT,9507.518994173164,569.77,132697.98
2023-08-10,US,Paradip,Capesize,34.85,USD,MT,8622.640736625704,717.63,53913.81
2023-08-11,Mozambique,Paradip,Panamax,48.72,USD,MT,8454.225894978797,483.85,52842.83
2023-08-11,Mozambique,Paradip,Panamax,46.81,USD,MT,8622.936985472537,458.72,145842.28
2023-08-11,Russia,Paradip,Capesize,37.39,USD,MT,7405.319514663822,675.07,73666.51
2023-08-11,US,Paradip,Capesize,34.08,USD,MT,7055.786614126402,410.7,69226.89
2023-08-11,US,Paradip,Supramax,54.09,USD,MT,7681.225114086324,580.97,135472.45
2023-08-12,Australia,Paradip,Capesize,33.42,USD,MT,8607.192139938667,531.36,116008.0
2023-08-12,Mozambique,Paradip,Panamax,49.34,USD,MT,7256.978768515618,785.43,59771.46
2023-08-12,Russia,Paradip,Supramax,54.95,USD,MT,7115.61378186598,529.13,85594.03
2023-08-12,US,Paradip,Panamax,47.06,USD,MT,7866.561929508007,676.29,74483.57
2023-08-12,US,Paradip,Supramax,51.39,USD,MT,4155.618061980814,636.12,57389.69
2023-08-13,Australia,Paradip,Capesize,33.55,USD,MT,6572.174720128589,606.04,80751.53
2023-08-13,Australia,Paradip,Supramax,54.09,USD,MT,7490.736619595866,535.24,61620.35
2023-08-13,Mozambique,Paradip,Supramax,54.58,USD,MT,5466.76959492734,580.97,104037.31
2023-08-13,Russia,Paradip,Panamax,44.4,USD,MT,3363.5554271164538,529.71,142010.79
2023-08-13,US,Paradip,Panamax,44.93,USD,MT,7277.913212000057,722.65,66441.28
2023-08-14,Australia,Paradip,Supramax,49.82,USD,MT,5678.224067972454,401.88,61166.92
2023-08-14,Indonesia,Paradip,Supramax,51.12,USD,MT,7921.970815768549,757.27,133760.83
2023-08-14,Mozambique,Paradip,Capesize,31.58,USD,MT,3613.182780939522,567.5,61165.58
2023-08-14,Mozambique,Paradip,Supramax,53.88,USD,MT,4506.055050074652,773.55,59896.14
2023-08-14,Russia,Paradip,Panamax,44.69,USD,MT,5645.060016694177,507.9,128939.28
2023-08-15,Mozambique,Paradip,Supramax,55.74,USD,MT,9309.766363180364,615.11,80512.42
2023-08-15,Russia,Paradip,Panamax,44.32,USD,MT,5984.118213460678,420.77,102652.41
2023-08-15,US,Paradip,Panamax,41.44,USD,MT,7533.942470321769,534.1,122109.37
2023-08-15,US,Paradip,Panamax,41.2,USD,MT,8665.526786054625,757.56,110020.51
2023-08-15,US,Paradip,Supramax,54.98,USD,MT,4088.470702822176,798.82,100218.13
2023-08-16,Australia,Paradip,Supramax,55.86,USD,MT,4378.304483812211,438.52,108899.17
2023-08-16,Mozambique,Paradip,Panamax,45.44,USD,MT,6439.651280437811,661.4,53207.91
2023-08-16,Russia,Paradip,Supramax,56.29,USD,MT,9743.893082991011,583.03,74926.4
2023-08-16,US,Paradip,Panamax,46.08,USD,MT,4064.9237327901774,402.08,60668.21
2023-08-16,US,Paradip,Supramax,50.04,USD,MT,6207.312777576178,626.55,90071.2
2023-08-17,Australia,Paradip,Capesize,31.16,USD,MT,7971.130676720051,462.98,149564.42
2023-08-17,Indonesia,Paradip,Capesize,36.01,USD,MT,5024.233251895959,486.7,58622.91
2023-08-17,Indonesia,Paradip,Capesize,34.63,USD,MT,4046.087511979937,791.88,124865.92
2023-08-17,Indonesia,Paradip,Panamax,40.37,USD,MT,6791.004531078337,783.51,129766.33
2023-08-17,Mozambique,Paradip,Capesize,28.67,USD,MT,8295.400002530376,489.84,112129.55
2023-08-18,Australia,Paradip,Supramax,54.3,USD,MT,7270.443336251305,643.02,141457.72
2023-08-18,Mozambique,Paradip,Capesize,35.13,USD,MT,6711.617680583242,749.9,62321.36
2023-08-18,Russia,Paradip,Capesize,34.86,USD,MT,4613.402835792871,431.16,123939.97
2023-08-18,US,Paradip,Supramax,52.34,USD,MT,7204.263404394502,613.41,54677.41
2023-08-18,US,Paradip,Supramax,55.8,USD,MT,6173.063598677609,472.09,132205.77
2023-08-19,Australia,Paradip,Supramax,51.46,USD,MT,6236.355267070113,593.79,109406.4
2023-08-19,Australia,Paradip,Supramax,51.33,USD,MT,8120.994119987827,616.18,97141.82
2023-08-19,Indonesia,Paradip,Panamax,42.16,USD,MT,8824.095969631151,591.91,126164.06
2023-08-19,Russia,Paradip,Supramax,49.97,USD,MT,4295.90559161725,524.43,91540.16
2023-08-19,US,Paradip,Capesize,35.46,USD,MT,4797.673031559557,505.94,68912.42
2023-08-20,Indonesia,Paradip,Supramax,51.32,USD,MT,3835.8620818321497,425.82,138117.25
2023-08-20,Mozambique,Paradip,Panamax,39.69,USD,MT,9231.437598155364,591.24,100749.13
2023-08-20,Mozambique,Paradip,Panamax,39.65,USD,MT,8528.230449787516,685.32,85770.08
2023-08-20,Mozambique,Paradip,Panamax,37.51,USD,MT,4326.047401891877,708.05,86278.22
2023-08-20,Russia,Paradip,Panamax,38.6,USD,MT,7158.398530626872,791.06,124974.43
2023-08-21,Australia,Paradip,Panamax,43.37,USD,MT,7259.176134063313,441.63,95587.19
2023-08-21,Australia,Paradip,Supramax,46.35,USD,MT,3646.574690010207,621.5,90485.93
2023-08-21,Mozambique,Paradip,Capesize,36.53,USD,MT,5600.483519883492,477.16,60866.96
2023-08-21,Mozambique,Paradip,Supramax,51.13,USD,MT,3986.719842688663,677.38,142242.34
2023-08-21,Russia,Paradip,Supramax,47.8,USD,MT,5901.203223784818,717.59,52898.95
2023-08-22,Australia,Paradip,Capesize,31.9,USD,MT,7890.336199071539,771.25,99666.97
2023-08-22,Australia,Paradip,Panamax,46.05,USD,MT,3472.0091954499,643.17,124065.78
2023-08-22,Indonesia,Paradip,Panamax,40.92,USD,MT,7623.122937133437,463.1,57429.88
2023-08-22,Mozambique,Paradip,Supramax,52.11,USD,MT,4974.786453826613,729.06,133408.17
2023-08-22,US,Paradip,Supramax,52.07,USD,MT,6702.553653864071,765.9,120011.89
2023-08-23,Australia,Paradip,Capesize,31.06,USD,MT,7737.04744624564,476.12,101451.99
2023-08-23,Australia,Paradip,Supramax,50.92,USD,MT,7846.841440966853,431.02,87124.9
2023-08-23,Australia,Paradip,Supramax,50.76,USD,MT,9367.526216735268,693.93,54335.79
2023-08-23,Mozambique,Paradip,Supramax,55.14,USD,MT,9543.723825226514,765.54,106176.74
2023-08-23,US,Paradip,Supramax,50.36,USD,MT,6868.796752547311,420.44,79129.1
2023-08-24,Indonesia,Paradip,Capesize,28.25,USD,MT,9075.376406456631,772.33,58959.46
2023-08-24,Indonesia,Paradip,Supramax,52.48,USD,MT,6945.844105537934,746.57,75896.07
2023-08-24,Mozambique,Paradip,Capesize,28.5,USD,MT,5434.4014625458085,705.17,57817.35
2023-08-24,Russia,Paradip,Supramax,52.88,USD,MT,4764.040298005702,566.41,113569.68
2023-08-24,US,Paradip,Capesize,29.47,USD,MT,9188.014447606674,727.49,75154.63
2023-08-25,Australia,Paradip,Capesize,30.87,USD,MT,8016.800636387067,606.14,90583.15
2023-08-25,Indonesia,Paradip,Capesize,37.32,USD,MT,8813.66783165775,690.72,111627.29
2023-08-25,Russia,Paradip,Capesize,33.2,USD,MT,6597.307727999016,435.4,68042.64
2023-08-25,Russia,Paradip,Panamax,45.39,USD,MT,8246.38547980073,598.18,138832.79
2023-08-25,Russia,Paradip,Panamax,39.72,USD,MT,9897.78812303081,450.1,92097.01
2023-08-26,Australia,Paradip,Supramax,50.38,USD,MT,4191.99206780427,585.9,126836.58
2023-08-26,Mozambique,Paradip,Capesize,29.95,USD,MT,5507.21517744873,655.85,91758.07
2023-08-26,Mozambique,Paradip,Supramax,54.23,USD,MT,5047.004537953618,601.21,123011.86
2023-08-26,Russia,Paradip,Panamax,42.43,USD,MT,8630.155187668632,634.45,99168.49
2023-08-26,US,Paradip,Panamax,40.7,USD,MT,4717.931999755534,707.03,98412.08
2023-08-27,Indonesia,Paradip,Panamax,39.23,USD,MT,5282.865080880966,674.06,137034.55
2023-08-27,Mozambique,Paradip,Capesize,39.6,USD,MT,3865.0598697257,752.2,104450.84
2023-08-27,Russia,Paradip,Capesize,28.81,USD,MT,3525.504216589239,585.15,136895.2
2023-08-27,Russia,Paradip,Panamax,45.41,USD,MT,6995.9089161920765,448.26,82246.92
2023-08-27,US,Paradip,Panamax,36.45,USD,MT,5520.123782246576,597.44,86779.79
2023-08-28,Australia,Paradip,Supramax,50.31,USD,MT,3226.5412940570614,702.03,133590.72
2023-08-28,Indonesia,Paradip,Capesize,31.34,USD,MT,8838.419865172486,673.62,71647.38
2023-08-28,Mozambique,Paradip,Panamax,40.87,USD,MT,8836.354889777525,439.28,55048.8
2023-08-28,Russia,Paradip,Capesize,31.33,USD,MT,4541.017338794159,500.25,90352.17
2023-08-28,US,Paradip,Panamax,40.84,USD,MT,3949.3626436939862,498.2,119366.24
2023-08-29,Australia,Paradip,Supramax,46.23,USD,MT,5687.233677013184,784.11,83959.12
2023-08-29,Russia,Paradip,Supramax,49.16,USD,MT,3531.751210640187,580.72,88513.19
2023-08-29,US,Paradip,Panamax,40.31,USD,MT,6410.201134210929,667.61,75562.91
2023-08-29,US,Paradip,Supramax,51.01,USD,MT,5018.464344247789,688.66,127046.67
2023-08-29,US,Paradip,Supramax,52.85,USD,MT,5051.632108713553,561.72,62919.75
2023-08-30,Australia,Paradip,Supramax,57.48,USD,MT,7562.486209629648,668.87,62542.59
2023-08-30,Mozambique,Paradip,Capesize,35.11,USD,MT,9960.740772842124,730.01,95626.57
2023-08-30,Russia,Paradip,Panamax,37.31,USD,MT,8654.359456475095,502.26,123639.72
2023-08-30,Russia,Paradip,Supramax,54.2,USD,MT,7965.704387191698,454.82,52167.67
2023-08-30,US,Paradip,Supramax,50.87,USD,MT,8890.818259803398,457.95,140829.9
2023-08-31,Indonesia,Paradip,Capesize,26.29,USD,MT,8633.816798726837,678.24,123006.42
2023-08-31,Mozambique,Paradip,Panamax,40.52,USD,MT,4203.780088541644,784.61,51350.63
2023-08-31,Russia,Paradip,Capesize,33.49,USD,MT,5502.905764030894,515.45,123267.79
2023-08-31,Russia,Paradip,Capesize,34.41,USD,MT,7750.488474055357,653.57,123991.59
2023-08-31,Russia,Paradip,Supramax,51.71,USD,MT,8444.613528983537,625.17,129486.32
2023-09-01,Indonesia,Paradip,Supramax,47.79,USD,MT,5845.020772963473,791.76,82261.2
2023-09-01,Indonesia,Paradip,Supramax,51.39,USD,MT,9955.661734000898,522.07,143864.15
2023-09-01,Mozambique,Paradip,Supramax,53.51,USD,MT,5063.846376494338,557.72,55000.58
2023-09-01,Russia,Paradip,Capesize,25.39,USD,MT,5245.153546623678,410.29,131285.96
2023-09-01,US,Paradip,Capesize,31.97,USD,MT,7343.451941372345,457.46,92128.11
2023-09-02,Australia,Paradip,Capesize,31.61,USD,MT,5787.088142607657,435.67,66605.36
2023-09-02,Australia,Paradip,Panamax,41.24,USD,MT,8467.21085194571,421.43,80052.8
2023-09-02,Australia,Paradip,Supramax,55.19,USD,MT,6400.25885361691,444.47,82483.61
2023-09-02,Indonesia,Paradip,Capesize,31.63,USD,MT,8747.422089679261,461.59,76127.57
2023-09-02,US,Paradip,Supramax,53.23,USD,MT,7946.885441238245,795.48,56957.76
2023-09-03,Indonesia,Paradip,Capesize,31.2,USD,MT,6432.503181608622,461.96,116198.63
2023-09-03,Indonesia,Paradip,Capesize,33.46,USD,MT,4154.070669612001,636.0,96883.92
2023-09-03,Mozambique,Paradip,Panamax,42.24,USD,MT,3239.104673690284,432.45,103689.59
2023-09-03,Mozambique,Paradip,Supramax,50.83,USD,MT,3918.0797109932337,538.84,86871.72
2023-09-03,Russia,Paradip,Capesize,34.22,USD,MT,8227.037381338945,723.91,98659.89
2023-09-04,Australia,Paradip,Capesize,26.88,USD,MT,3397.4313885500296,711.36,127539.32
2023-09-04,Australia,Paradip,Panamax,41.48,USD,MT,9397.888975705891,507.61,127550.71
2023-09-04,Mozambique,Paradip,Capesize,32.46,USD,MT,3860.056280345209,648.97,94574.16
2023-09-04,US,Paradip,Supramax,56.93,USD,MT,4018.3271830030017,796.57,97203.31
2023-09-04,US,Paradip,Supramax,47.97,USD,MT,3396.666781030042,662.0,68946.98
2023-09-05,Australia,Paradip,Panamax,40.91,USD,MT,5763.974746458287,596.86,112006.9
2023-09-05,Australia,Paradip,Supramax,50.41,USD,MT,3110.3936673615244,578.77,127991.05
2023-09-05,Indonesia,Paradip,Supramax,51.04,USD,MT,8585.004933776258,776.41,74747.76
2023-09-05,Mozambique,Paradip,Capesize,29.64,USD,MT,7591.762845023222,569.25,71933.03
2023-09-05,US,Paradip,Capesize,30.18,USD,MT,4166.56962222627,602.84,90709.21
2023-09-06,Australia,Paradip,Capesize,34.33,USD,MT,9139.761723185438,496.68,130355.79
2023-09-06,Indonesia,Paradip,Capesize,30.29,USD,MT,6784.727573699245,730.47,148258.52
2023-09-06,Indonesia,Paradip,Panamax,39.43,USD,MT,5615.629442896719,667.96,63815.64
2023-09-06,Russia,Paradip,Supramax,48.77,USD,MT,5264.20800815847,670.06,59066.75
2023-09-06,US,Paradip,Supramax,55.44,USD,MT,7537.083257840229,775.75,110180.55
2023-09-07,Mozambique,Paradip,Capesize,31.3,USD,MT,6411.752450535253,468.59,88927.76
2023-09-07,Mozambique,Paradip,Supramax,48.54,USD,MT,9343.451815891112,704.76,111330.74
2023-09-07,US,Paradip,Capesize,25.64,USD,MT,7392.920434898061,747.02,103202.86
2023-09-07,US,Paradip,Capesize,33.37,USD,MT,4040.907386359661,495.85,55799.14
2023-09-07,US,Paradip,Supramax,48.61,USD,MT,8308.980185168008,614.37,117709.92
2023-09-08,Australia,Paradip,Supramax,50.94,USD,MT,4112.3269237510285,769.76,68819.17
2023-09-08,Indonesia,Paradip,Capesize,26.22,USD,MT,9948.301364356596,757.83,136941.15
2023-09-08,Indonesia,Paradip,Panamax,40.4,USD,MT,6271.958168191224,508.72,114907.93
2023-09-08,Russia,Paradip,Supramax,49.71,USD,MT,7518.311646852952,524.05,60035.49
2023-09-08,US,Paradip,Panamax,42.52,USD,MT,9521.21639913382,403.56,123440.14
2023-09-09,Australia,Paradip,Supramax,49.65,USD,MT,4376.421006736393,581.86,57941.29
2023-09-09,Indonesia,Paradip,Panamax,44.25,USD,MT,7632.507864416116,563.97,69445.97
2023-09-09,Mozambique,Paradip,Panamax,41.09,USD,MT,7585.715243568497,565.27,113851.78
2023-09-09,Russia,Paradip,Capesize,29.81,USD,MT,3297.411460316977,716.0,136934.46
2023-09-09,US,Paradip,Supramax,47.67,USD,MT,6000.528366036549,709.54,82031.39
2023-09-10,Indonesia,Paradip,Capesize,24.96,USD,MT,3642.545962215044,482.03,140750.57
2023-09-10,Indonesia,Paradip,Supramax,51.92,USD,MT,9106.20087445439,520.05,60467.0
2023-09-10,Indonesia,Paradip,Supramax,51.35,USD,MT,6989.911677991913,718.73,128861.74
2023-09-10,US,Paradip,Capesize,32.12,USD,MT,8930.803364323614,418.89,147690.66
2023-09-10,US,Paradip,Capesize,31.65,USD,MT,8627.845490566517,511.8,104839.3
2023-09-11,Indonesia,Paradip,Capesize,24.46,USD,MT,9792.662799792106,751.61,53173.1
2023-09-11,Indonesia,Paradip,Supramax,51.11,USD,MT,8769.02656185761,599.16,140866.04
2023-09-11,Mozambique,Paradip,Panamax,45.95,USD,MT,8427.103369074448,705.76,116807.28
2023-09-11,Russia,Paradip,Capesize,31.33,USD,MT,9134.51082880919,574.09,54210.91
2023-09-11,Russia,Paradip,Panamax,36.55,USD,MT,3851.0097123261626,433.81,79460.42
2023-09-12,Australia,Paradip,Capesize,26.75,USD,MT,6788.347959148288,680.6,84308.45
2023-09-12,Indonesia,Paradip,Supramax,51.17,USD,MT,3721.227921685211,412.05,83397.5
2023-09-12,Mozambique,Paradip,Panamax,39.79,USD,MT,7560.29487349033,403.29,110914.59
2023-09-12,US,Paradip,Capesize,26.91,USD,MT,4838.384618895397,547.37,70396.43
2023-09-12,US,Paradip,Panamax,41.08,USD,MT,5838.782284702765,711.0,136700.78
2023-09-13,Australia,Paradip,Supramax,50.99,USD,MT,6722.01531088537,562.04,110068.05
2023-09-13,Indonesia,Paradip,Panamax,42.11,USD,MT,6145.880703399771,400.57,139696.93
2023-09-13,Mozambique,Paradip,Capesize,34.48,USD,MT,9709.996153927026,531.51,57267.17
2023-09-13,Mozambique,Paradip,Supramax,52.35,USD,MT,5491.201256280084,719.62,77748.36
2023-09-13,Russia,Paradip,Panamax,44.13,USD,MT,6549.18215507994,720.99,130337.98
2023-09-14,Indonesia,Paradip,Capesize,26.52,USD,MT,5569.298105670181,452.58,86476.09
2023-09-14,Indonesia,Paradip,Panamax,38.15,USD,MT,8188.453858028606,592.59,89465.61
2023-09-14,Mozambique,Paradip,Panamax,38.67,USD,MT,8250.502679350346,529.08,111194.23
2023-09-14,US,Paradip,Panamax,34.63,USD,MT,7132.278467984039,408.96,97914.96
2023-09-14,US,Paradip,Supramax,56.88,USD,MT,4984.499630854712,723.64,59259.86
2023-09-15,Indonesia,Paradip,Panamax,38.84,USD,MT,6860.01950533019,572.06,119012.67
2023-09-15,Indonesia,Paradip,Supramax,50.79,USD,MT,3350.698218374605,740.72,144695.54
2023-09-15,Mozambique,Paradip,Capesize,35.68,USD,MT,9563.93779239066,457.13,124671.66
2023-09-15,Russia,Paradip,Panamax,37.31,USD,MT,8564.404890499285,402.33,87154.44
2023-09-15,US,Paradip,Supramax,51.64,USD,MT,6270.430459649226,642.78,134743.66
2023-09-16,Australia,Paradip,Supramax,51.39,USD,MT,6417.235412896667,789.02,50071.18
2023-09-16,Indonesia,Paradip,Panamax,45.48,USD,MT,6949.127736443009,411.25,68617.79
2023-09-16,Indonesia,Paradip,Supramax,47.95,USD,MT,5562.88950435049,734.68,135150.68
2023-09-16,Indonesia,Paradip,Supramax,53.27,USD,MT,4253.770398783292,522.14,71032.1
2023-09-16,US,Paradip,Supramax,48.84,USD,MT,9768.283084100956,732.27,82577.77
2023-09-17,Indonesia,Paradip,Capesize,26.42,USD,MT,6261.706218344727,726.87,96094.97
2023-09-17,Indonesia,Paradip,Panamax,43.33,USD,MT,5101.98816372898,731.56,86161.32
2023-09-17,Indonesia,Paradip,Supramax,49.25,USD,MT,6343.318194776439,762.35,135024.06
2023-09-17,Mozambique,Paradip,Capesize,37.44,USD,MT,9448.82303913226,690.44,62145.34
2023-09-17,Mozambique,Paradip,Supramax,46.73,USD,MT,8794.409655255931,439.85,132382.75
2023-09-18,Mozambique,Paradip,Panamax,44.81,USD,MT,5622.723357003446,430.77,68946.8
2023-09-18,Russia,Paradip,Supramax,50.3,USD,MT,4092.854100837346,711.71,116156.56
2023-09-18,US,Paradip,Capesize,28.37,USD,MT,3485.39963399432,476.86,105867.22
2023-09-18,US,Paradip,Panamax,41.08,USD,MT,7969.600582384425,472.63,53824.65
2023-09-18,US,Paradip,Panamax,42.47,USD,MT,3455.6633974858323,474.98,81609.26
2023-09-19,Australia,Paradip,Capesize,27.52,USD,MT,7571.777660953831,718.34,120167.0
2023-09-19,Mozambique,Paradip,Supramax,51.69,USD,MT,9889.139775997392,622.3,131736.52
2023-09-19,Russia,Paradip,Panamax,42.3,USD,MT,4029.1700497279335,709.81,61273.23
2023-09-19,US,Paradip,Panamax,40.21,USD,MT,4007.09247677053,494.64,109094.43
2023-09-19,US,Paradip,Supramax,54.31,USD,MT,8092.537843705499,652.4,92496.99
2023-09-20,Australia,Paradip,Capesize,31.34,USD,MT,5291.29838148511,695.13,113731.17
2023-09-20,Indonesia,Paradip,Panamax,38.88,USD,MT,7328.174915259643,481.88,141015.03
2023-09-20,Russia,Paradip,Capesize,33.69,USD,MT,3540.634843556839,488.22,114406.49
2023-09-20,Russia,Paradip,Capesize,33.09,USD,MT,5660.192740142947,471.29,119919.61
2023-09-20,US,Paradip,Capesize,27.49,USD,MT,9087.184203353028,740.68,51960.96
2023-09-21,Indonesia,Paradip,Supramax,51.09,USD,MT,6137.282624917243,474.04,92947.3
2023-09-21,Mozambique,Paradip,Panamax,44.83,USD,MT,5452.885307067905,726.32,99137.27
2023-09-21,Mozambique,Paradip,Panamax,43.37,USD,MT,5789.043114268337,475.45,145587.14
2023-09-21,Mozambique,Paradip,Supramax,51.43,USD,MT,8723.307489723888,713.02,81674.19
2023-09-21,Russia,Paradip,Supramax,46.38,USD,MT,7450.596276628083,507.66,131738.09
2023-09-22,Australia,Paradip,Panamax,36.82,USD,MT,9308.51124321594,443.29,52118.55
2023-09-22,Indonesia,Paradip,Panamax,40.82,USD,MT,4123.94476656328,469.44,74280.56
2023-09-22,Indonesia,Paradip,Supramax,48.52,USD,MT,9096.810547565354,561.51,90413.31
2023-09-22,Russia,Paradip,Panamax,39.6,USD,MT,3575.2972370625203,748.1,112084.89
2023-09-22,US,Paradip,Panamax,42.82,USD,MT,7501.008079056336,598.25,77958.64
2023-09-23,Australia,Paradip,Capesize,35.33,USD,MT,7088.220062638631,573.37,71077.75
2023-09-23,Mozambique,Paradip,Panamax,36.61,USD,MT,6976.663270243274,461.95,125494.26
2023-09-23,Russia,Paradip,Capesize,32.6,USD,MT,5571.389845867328,436.13,77920.67
2023-09-23,US,Paradip,Capesize,27.83,USD,MT,9280.09123060172,611.51,115928.82
2023-09-23,US,Paradip,Panamax,35.41,USD,MT,4922.945362400924,795.91,135556.62
2023-09-24,Indonesia,Paradip,Panamax,36.11,USD,MT,7388.512393187052,534.49,86672.93
2023-09-24,Mozambique,Paradip,Panamax,43.23,USD,MT,3271.175887202619,600.74,107268.53
2023-09-24,Mozambique,Paradip,Supramax,48.42,USD,MT,9975.561964160152,576.01,54711.02
2023-09-24,Russia,Paradip,Capesize,31.01,USD,MT,8357.15164619112,403.54,76030.45
2023-09-24,US,Paradip,Supramax,49.03,USD,MT,5519.891847244772,425.58,107748.55
2023-09-25,Mozambique,Paradip,Panamax,42.44,USD,MT,4754.868375000393,641.25,129183.4
2023-09-25,Mozambique,Paradip,Panamax,40.7,USD,MT,6989.963405965698,411.29,55234.67
2023-09-25,Mozambique,Paradip,Panamax,38.4,USD,MT,9932.3902250832,586.33,72205.3
2023-09-25,Russia,Paradip,Supramax,52.53,USD,MT,4894.893437663146,476.36,75492.74
2023-09-25,US,Paradip,Capesize,29.69,USD,MT,5978.570953829654,768.63,69666.94
2023-09-26,Australia,Paradip,Panamax,43.19,USD,MT,6335.413949895926,558.25,118455.78
2023-09-26,Australia,Paradip,Supramax,46.48,USD,MT,8992.860986198844,795.47,117924.07
2023-09-26,Mozambique,Paradip,Supramax,47.02,USD,MT,6666.664665593932,768.03,80206.96
2023-09-26,Mozambique,Paradip,Supramax,52.84,USD,MT,8504.18124721384,469.17,81289.61
2023-09-26,Russia,Paradip,Supramax,52.01,USD,MT,9642.90542919491,560.96,125423.87
2023-09-27,Australia,Paradip,Panamax,40.96,USD,MT,8946.559976831319,405.41,132430.88
2023-09-27,Mozambique,Paradip,Capesize,33.01,USD,MT,3792.617439128271,718.54,119329.74
2023-09-27,Mozambique,Paradip,Supramax,53.26,USD,MT,8222.03454742871,676.11,98549.78
2023-09-27,Russia,Paradip,Panamax,33.82,USD,MT,6911.07072489554,710.91,120275.01
2023-09-27,US,Paradip,Panamax,43.84,USD,MT,9116.853135221092,628.31,135900.57
